Date,District,Market Type,Commercial Type,Quality Grade,Price,, 
1/5/2016,Kurunegala,Export,Peedunu,Premium,4500,,
1/5/2016,Kurunegala,Export,Peedunu,Standard,2000,,
1/5/2016,Kurunegala,Export,Kanda,Premium,5000,,
1/5/2016,Kurunegala,Export,Kanda,Standard,2000,,
1/5/2016,Kurunegala,Local,Peedunu,Premium,3000,,
1/5/2016,Kurunegala,Local,Peedunu,Standard,1500,,
1/5/2016,Kurunegala,Local,Keti,Premium,1200,,
1/5/2016,Kurunegala,Local,Keti,Standard,600,,
1/5/2016,Kurunegala,Local,Korikan,Premium,600,,
1/5/2016,Kurunegala,Local,Korikan,Standard,300,,
1/5/2016,Gampaha,Export,Peedunu,Premium,4500,,
1/5/2016,Gampaha,Export,Peedunu,Standard,2000,,
1/5/2016,Gampaha,Export,Kanda,Premium,3000,,
1/5/2016,Gampaha,Export,Kanda,Standard,1500,,
1/5/2016,Gampaha,Local,Peedunu,Premium,3000,,
1/5/2016,Gampaha,Local,Peedunu,Standard,2500,,
1/5/2016,Gampaha,Local,Keti,Premium,1800,,
1/5/2016,Gampaha,Local,Keti,Standard,1500,,
1/12/2016,Kurunegala,Export,Peedunu,Premium,5000,,
1/12/2016,Kurunegala,Export,Peedunu,Standard,2500,,
1/12/2016,Kurunegala,Export,Kanda,Premium,6000,,
1/12/2016,Kurunegala,Export,Kanda,Standard,2500,,
1/12/2016,Kurunegala,Local,Peedunu,Premium,3000,,
1/12/2016,Kurunegala,Local,Peedunu,Standard,1500,,
1/12/2016,Kurunegala,Local,Keti,Premium,1200,,
1/12/2016,Kurunegala,Local,Keti,Standard,800,,
1/12/2016,Kurunegala,Local,Korikan,Premium,600,,
1/12/2016,Kurunegala,Local,Korikan,Standard,500,,
1/12/2016,Gampaha,Export,Peedunu,Premium,5500,,
1/12/2016,Gampaha,Export,Peedunu,Standard,3000,,
1/12/2016,Gampaha,Export,Kanda,Premium,4500,,
1/12/2016,Gampaha,Export,Kanda,Standard,3000,,
1/12/2016,Gampaha,Local,Peedunu,Premium,2750,,
1/12/2016,Gampaha,Local,Peedunu,Standard,2500,,
1/12/2016,Gampaha,Local,Keti,Premium,2000,,
1/12/2016,Gampaha,Local,Keti,Standard,1800,,
1/19/2016,Kurunegala,Export,Peedunu,Premium,6000,,
1/19/2016,Kurunegala,Export,Peedunu,Standard,3000,,
1/19/2016,Kurunegala,Export,Kanda,Premium,6500,,
1/19/2016,Kurunegala,Export,Kanda,Standard,3000,,
1/19/2016,Kurunegala,Local,Peedunu,Premium,4000,,
1/19/2016,Kurunegala,Local,Peedunu,Standard,1500,,
1/19/2016,Kurunegala,Local,Keti,Premium,1500,,
1/19/2016,Kurunegala,Local,Keti,Standard,800,,
1/19/2016,Kurunegala,Local,Korikan,Premium,800,,
1/19/2016,Kurunegala,Local,Korikan,Standard,500,,
1/19/2016,Gampaha,Export,Peedunu,Premium,5000,,
1/19/2016,Gampaha,Export,Peedunu,Standard,3000,,
1/19/2016,Gampaha,Export,Kanda,Premium,5000,,
1/19/2016,Gampaha,Export,Kanda,Standard,3000,,
1/19/2016,Gampaha,Local,Peedunu,Premium,2500,,
1/19/2016,Gampaha,Local,Peedunu,Standard,2200,,
1/19/2016,Gampaha,Local,Keti,Premium,1800,,
1/19/2016,Gampaha,Local,Keti,Standard,1600,,
1/26/2016,Kurunegala,Export,Peedunu,Premium,6000,,
1/26/2016,Kurunegala,Export,Peedunu,Standard,3000,,
1/26/2016,Kurunegala,Export,Kanda,Premium,7000,,
1/26/2016,Kurunegala,Export,Kanda,Standard,3000,,
1/26/2016,Kurunegala,Local,Peedunu,Premium,4000,,
1/26/2016,Kurunegala,Local,Peedunu,Standard,1800,,
1/26/2016,Kurunegala,Local,Keti,Premium,1500,,
1/26/2016,Kurunegala,Local,Keti,Standard,800,,
1/26/2016,Kurunegala,Local,Korikan,Premium,800,,
1/26/2016,Kurunegala,Local,Korikan,Standard,500,,
1/26/2016,Gampaha,Export,Peedunu,Premium,5000,,
1/26/2016,Gampaha,Export,Peedunu,Standard,3500,,
1/26/2016,Gampaha,Export,Kanda,Premium,5000,,
1/26/2016,Gampaha,Export,Kanda,Standard,3500,,
1/26/2016,Gampaha,Local,Peedunu,Premium,3500,,
1/26/2016,Gampaha,Local,Peedunu,Standard,3000,,
1/26/2016,Gampaha,Local,Keti,Premium,2500,,
1/26/2016,Gampaha,Local,Keti,Standard,2000,,
2/2/2016,Kurunegala,Export,Peedunu,Premium,7000,,
2/2/2016,Kurunegala,Export,Peedunu,Standard,4000,,
2/2/2016,Kurunegala,Export,Kanda,Premium,8000,,
2/2/2016,Kurunegala,Export,Kanda,Standard,4000,,
2/2/2016,Kurunegala,Local,Peedunu,Premium,5000,,
2/2/2016,Kurunegala,Local,Peedunu,Standard,1800,,
2/2/2016,Kurunegala,Local,Keti,Premium,2000,,
2/2/2016,Kurunegala,Local,Keti,Standard,900,,
2/2/2016,Kurunegala,Local,Korikan,Premium,1000,,
2/2/2016,Kurunegala,Local,Korikan,Standard,500,,
2/2/2016,Gampaha,Export,Peedunu,Premium,4500,,
2/2/2016,Gampaha,Export,Peedunu,Standard,3000,,
2/2/2016,Gampaha,Export,Kanda,Premium,4000,,
2/2/2016,Gampaha,Export,Kanda,Standard,3000,,
2/2/2016,Gampaha,Local,Peedunu,Premium,3000,,
2/2/2016,Gampaha,Local,Peedunu,Standard,2800,,
2/2/2016,Gampaha,Local,Keti,Premium,2500,,
2/2/2016,Gampaha,Local,Keti,Standard,2200,,
2/2/2016,Gampaha,Local,Korikan,Premium,400,,
2/2/2016,Gampaha,Local,Korikan,Standard,370,,
2/9/2016,Kurunegala,Export,Peedunu,Premium,8000,,
2/9/2016,Kurunegala,Export,Peedunu,Standard,4000,,
2/9/2016,Kurunegala,Export,Kanda,Premium,8000,,
2/9/2016,Kurunegala,Export,Kanda,Standard,4000,,
2/9/2016,Kurunegala,Local,Peedunu,Premium,6000,,
2/9/2016,Kurunegala,Local,Peedunu,Standard,2000,,
2/9/2016,Kurunegala,Local,Keti,Premium,3000,,
2/9/2016,Kurunegala,Local,Keti,Standard,1000,,
2/9/2016,Kurunegala,Local,Korikan,Premium,1500,,
2/9/2016,Kurunegala,Local,Korikan,Standard,500,,
2/9/2016,Gampaha,Export,Peedunu,Premium,5000,,
2/9/2016,Gampaha,Export,Peedunu,Standard,3000,,
2/9/2016,Gampaha,Export,Kanda,Premium,5000,,
2/9/2016,Gampaha,Export,Kanda,Standard,3000,,
2/9/2016,Gampaha,Local,Peedunu,Premium,3000,,
2/9/2016,Gampaha,Local,Peedunu,Standard,2700,,
2/9/2016,Gampaha,Local,Keti,Premium,2500,,
2/9/2016,Gampaha,Local,Keti,Standard,2200,,
2/9/2016,Gampaha,Local,Korikan,Premium,600,,
2/9/2016,Gampaha,Local,Korikan,Standard,600,,
2/16/2016,Kurunegala,Export,Peedunu,Premium,8000,,
2/16/2016,Kurunegala,Export,Peedunu,Standard,4000,,
2/16/2016,Kurunegala,Export,Kanda,Premium,8000,,
2/16/2016,Kurunegala,Export,Kanda,Standard,4000,,
2/16/2016,Kurunegala,Local,Peedunu,Premium,6000,,
2/16/2016,Kurunegala,Local,Peedunu,Standard,2000,,
2/16/2016,Kurunegala,Local,Keti,Premium,3000,,
2/16/2016,Kurunegala,Local,Keti,Standard,1000,,
2/16/2016,Kurunegala,Local,Korikan,Premium,1500,,
2/16/2016,Kurunegala,Local,Korikan,Standard,500,,
2/16/2016,Gampaha,Export,Peedunu,Premium,5000,,
2/16/2016,Gampaha,Export,Peedunu,Standard,3500,,
2/16/2016,Gampaha,Export,Kanda,Premium,4500,,
2/16/2016,Gampaha,Export,Kanda,Standard,3500,,
2/16/2016,Gampaha,Local,Peedunu,Premium,3000,,
2/16/2016,Gampaha,Local,Peedunu,Standard,2800,,
2/16/2016,Gampaha,Local,Keti,Premium,2500,,
2/16/2016,Gampaha,Local,Keti,Standard,2300,,
2/16/2016,Gampaha,Local,Korikan,Premium,600,,
2/16/2016,Gampaha,Local,Korikan,Standard,600,,
2/23/2016,Kurunegala,Export,Peedunu,Premium,7000,,
2/23/2016,Kurunegala,Export,Peedunu,Standard,4000,,
2/23/2016,Kurunegala,Export,Kanda,Premium,7500,,
2/23/2016,Kurunegala,Export,Kanda,Standard,4000,,
2/23/2016,Kurunegala,Local,Peedunu,Premium,5000,,
2/23/2016,Kurunegala,Local,Peedunu,Standard,2000,,
2/23/2016,Kurunegala,Local,Keti,Premium,3000,,
2/23/2016,Kurunegala,Local,Keti,Standard,1000,,
2/23/2016,Kurunegala,Local,Korikan,Premium,1500,,
2/23/2016,Kurunegala,Local,Korikan,Standard,500,,
2/23/2016,Gampaha,Export,Peedunu,Premium,5500,,
2/23/2016,Gampaha,Export,Peedunu,Standard,3500,,
2/23/2016,Gampaha,Export,Kanda,Premium,5000,,
2/23/2016,Gampaha,Export,Kanda,Standard,3500,,
2/23/2016,Gampaha,Local,Peedunu,Premium,3500,,
2/23/2016,Gampaha,Local,Peedunu,Standard,3300,,
2/23/2016,Gampaha,Local,Keti,Premium,2500,,
2/23/2016,Gampaha,Local,Keti,Standard,2200,,
2/23/2016,Gampaha,Local,Korikan,Premium,500,,
3/1/2016,Kurunegala,Export,Peedunu,Premium,8000,,
3/1/2016,Kurunegala,Export,Peedunu,Standard,4000,,
3/1/2016,Kurunegala,Export,Kanda,Premium,9000,,
3/1/2016,Kurunegala,Export,Kanda,Standard,4000,,
3/1/2016,Kurunegala,Local,Peedunu,Premium,5000,,
3/1/2016,Kurunegala,Local,Peedunu,Standard,2500,,
3/1/2016,Kurunegala,Local,Keti,Premium,3000,,
3/1/2016,Kurunegala,Local,Keti,Standard,1200,,
3/1/2016,Kurunegala,Local,Korikan,Premium,2000,,
3/1/2016,Kurunegala,Local,Korikan,Standard,800,,
3/1/2016,Gampaha,Export,Peedunu,Premium,6000,,
3/1/2016,Gampaha,Export,Peedunu,Standard,3000,,
3/1/2016,Gampaha,Export,Kanda,Premium,4000,,
3/1/2016,Gampaha,Export,Kanda,Standard,2000,,
3/1/2016,Gampaha,Local,Peedunu,Premium,4000,,
3/1/2016,Gampaha,Local,Peedunu,Standard,3700,,
3/1/2016,Gampaha,Local,Keti,Premium,3500,,
3/1/2016,Gampaha,Local,Keti,Standard,3200,,
3/1/2016,Gampaha,Local,Korikan,Premium,1500,,
3/1/2016,Gampaha,Local,Korikan,Standard,1300,,
3/8/2016,Kurunegala,Export,Peedunu,Premium,7500,,
3/8/2016,Kurunegala,Export,Peedunu,Standard,3000,,
3/8/2016,Kurunegala,Export,Kanda,Premium,8500,,
3/8/2016,Kurunegala,Export,Kanda,Standard,3500,,
3/8/2016,Kurunegala,Local,Peedunu,Premium,5000,,
3/8/2016,Kurunegala,Local,Peedunu,Standard,2300,,
3/8/2016,Kurunegala,Local,Keti,Premium,3000,,
3/8/2016,Kurunegala,Local,Keti,Standard,1200,,
3/8/2016,Kurunegala,Local,Korikan,Premium,2000,,
3/8/2016,Kurunegala,Local,Korikan,Standard,800,,
3/8/2016,Gampaha,Export,Peedunu,Premium,7000,,
3/8/2016,Gampaha,Export,Peedunu,Standard,3500,,
3/8/2016,Gampaha,Export,Kanda,Premium,5000,,
3/8/2016,Gampaha,Export,Kanda,Standard,2500,,
3/8/2016,Gampaha,Local,Peedunu,Premium,3500,,
3/8/2016,Gampaha,Local,Peedunu,Standard,3000,,
3/8/2016,Gampaha,Local,Keti,Premium,2750,,
3/8/2016,Gampaha,Local,Keti,Standard,2500,,
3/8/2016,Gampaha,Local,Korikan,Premium,1500,,
3/8/2016,Gampaha,Local,Korikan,Standard,1500,,
3/15/2016,Kurunegala,Export,Peedunu,Premium,5000,,
3/15/2016,Kurunegala,Export,Peedunu,Standard,4000,,
3/15/2016,Kurunegala,Export,Kanda,Premium,6500,,
3/15/2016,Kurunegala,Export,Kanda,Standard,5000,,
3/15/2016,Kurunegala,Local,Peedunu,Premium,5000,,
3/15/2016,Kurunegala,Local,Peedunu,Standard,2000,,
3/15/2016,Kurunegala,Local,Keti,Premium,2000,,
3/15/2016,Kurunegala,Local,Keti,Standard,1000,,
3/15/2016,Kurunegala,Local,Korikan,Premium,800,,
3/15/2016,Kurunegala,Local,Korikan,Standard,500,,
3/15/2016,Gampaha,Export,Peedunu,Premium,7000,,
3/15/2016,Gampaha,Export,Peedunu,Standard,5000,,
3/15/2016,Gampaha,Export,Kanda,Premium,5000,,
3/15/2016,Gampaha,Export,Kanda,Standard,4000,,
3/15/2016,Gampaha,Local,Peedunu,Premium,3500,,
3/15/2016,Gampaha,Local,Peedunu,Standard,2500,,
3/15/2016,Gampaha,Local,Keti,Premium,2500,,
3/15/2016,Gampaha,Local,Keti,Standard,1800,,
3/15/2016,Gampaha,Local,Korikan,Premium,1000,,
3/15/2016,Gampaha,Local,Korikan,Standard,1000,,
3/21/2016,Kurunegala,Export,Peedunu,Premium,7500,,
3/21/2016,Kurunegala,Export,Peedunu,Standard,4000,,
3/21/2016,Kurunegala,Export,Kanda,Premium,8000,,
3/21/2016,Kurunegala,Export,Kanda,Standard,4000,,
3/21/2016,Kurunegala,Local,Peedunu,Premium,5000,,
3/21/2016,Kurunegala,Local,Peedunu,Standard,2000,,
3/21/2016,Kurunegala,Local,Keti,Premium,3000,,
3/21/2016,Kurunegala,Local,Keti,Standard,1500,,
3/21/2016,Kurunegala,Local,Korikan,Premium,1000,,
3/21/2016,Kurunegala,Local,Korikan,Standard,500,,
3/21/2016,Gampaha,Export,Peedunu,Premium,7000,,
3/21/2016,Gampaha,Export,Peedunu,Standard,4500,,
3/21/2016,Gampaha,Export,Kanda,Premium,6000,,
3/21/2016,Gampaha,Export,Kanda,Standard,4000,,
3/21/2016,Gampaha,Local,Peedunu,Premium,3500,,
3/21/2016,Gampaha,Local,Peedunu,Standard,3000,,
3/21/2016,Gampaha,Local,Keti,Premium,2750,,
3/21/2016,Gampaha,Local,Keti,Standard,2000,,
3/21/2016,Gampaha,Local,Korikan,Premium,600,,
3/21/2016,Gampaha,Local,Korikan,Standard,600,,
3/29/2016,Kurunegala,Export,Peedunu,Premium,7500,,
3/29/2016,Kurunegala,Export,Peedunu,Standard,4000,,
3/29/2016,Kurunegala,Export,Kanda,Premium,8000,,
3/29/2016,Kurunegala,Export,Kanda,Standard,4000,,
3/29/2016,Kurunegala,Local,Peedunu,Premium,4000,,
3/29/2016,Kurunegala,Local,Peedunu,Standard,2000,,
3/29/2016,Kurunegala,Local,Keti,Premium,3000,,
3/29/2016,Kurunegala,Local,Keti,Standard,1500,,
3/29/2016,Kurunegala,Local,Korikan,Premium,800,,
3/29/2016,Kurunegala,Local,Korikan,Standard,400,,
3/29/2016,Gampaha,Export,Peedunu,Premium,8500,,
3/29/2016,Gampaha,Export,Peedunu,Standard,6000,,
3/29/2016,Gampaha,Export,Kanda,Premium,7000,,
3/29/2016,Gampaha,Export,Kanda,Standard,6000,,
3/29/2016,Gampaha,Local,Peedunu,Premium,4000,,
3/29/2016,Gampaha,Local,Peedunu,Standard,3600,,
3/29/2016,Gampaha,Local,Keti,Premium,3000,,
3/29/2016,Gampaha,Local,Keti,Standard,2600,,
3/29/2016,Gampaha,Local,Korikan,Premium,1000,,
3/29/2016,Gampaha,Local,Korikan,Standard,700,,
4/5/2016,Kurunegala,Export,Peedunu,Premium,8000,,
4/5/2016,Kurunegala,Export,Peedunu,Standard,4000,,
4/5/2016,Kurunegala,Export,Kanda,Premium,8500,,
4/5/2016,Kurunegala,Export,Kanda,Standard,4000,,
4/5/2016,Kurunegala,Local,Peedunu,Premium,5000,,
4/5/2016,Kurunegala,Local,Peedunu,Standard,2500,,
4/5/2016,Kurunegala,Local,Keti,Premium,3000,,
4/5/2016,Kurunegala,Local,Keti,Standard,1500,,
4/5/2016,Kurunegala,Local,Korikan,Premium,1000,,
4/5/2016,Kurunegala,Local,Korikan,Standard,500,,
4/5/2016,Gampaha,Export,Peedunu,Premium,8000,,
4/5/2016,Gampaha,Export,Peedunu,Standard,6000,,
4/5/2016,Gampaha,Export,Kanda,Premium,5000,,
4/5/2016,Gampaha,Export,Kanda,Standard,5000,,
4/5/2016,Gampaha,Local,Peedunu,Premium,4500,,
4/5/2016,Gampaha,Local,Peedunu,Standard,4000,,
4/5/2016,Gampaha,Local,Keti,Premium,3500,,
4/5/2016,Gampaha,Local,Keti,Standard,3200,,
4/5/2016,Gampaha,Local,Korikan,Premium,1500,,
4/5/2016,Gampaha,Local,Korikan,Standard,1500,,
4/19/2016,Kurunegala,Export,Peedunu,Premium,7000,,
4/19/2016,Kurunegala,Export,Peedunu,Standard,4000,,
4/19/2016,Kurunegala,Export,Kanda,Premium,8000,,
4/19/2016,Kurunegala,Export,Kanda,Standard,4000,,
4/19/2016,Kurunegala,Local,Peedunu,Premium,5000,,
4/19/2016,Kurunegala,Local,Peedunu,Standard,2000,,
4/19/2016,Kurunegala,Local,Keti,Premium,4000,,
4/19/2016,Kurunegala,Local,Keti,Standard,1500,,
4/19/2016,Kurunegala,Local,Korikan,Premium,1000,,
4/19/2016,Kurunegala,Local,Korikan,Standard,500,,
4/19/2016,Gampaha,Export,Peedunu,Premium,10000,,
4/19/2016,Gampaha,Export,Peedunu,Standard,7000,,
4/19/2016,Gampaha,Export,Kanda,Premium,8000,,
4/19/2016,Gampaha,Export,Kanda,Standard,7000,,
4/19/2016,Gampaha,Local,Peedunu,Premium,6000,,
4/19/2016,Gampaha,Local,Peedunu,Standard,5000,,
4/19/2016,Gampaha,Local,Keti,Premium,3500,,
4/19/2016,Gampaha,Local,Keti,Standard,3200,,
4/19/2016,Gampaha,Local,Korikan,Premium,1800,,
4/19/2016,Gampaha,Local,Korikan,Standard,1800,,
4/26/2016,Kurunegala,Export,Peedunu,Premium,6000,,
4/26/2016,Kurunegala,Export,Peedunu,Standard,3500,,
4/26/2016,Kurunegala,Export,Kanda,Premium,7000,,
4/26/2016,Kurunegala,Export,Kanda,Standard,4000,,
4/26/2016,Kurunegala,Local,Peedunu,Premium,2500,,
4/26/2016,Kurunegala,Local,Peedunu,Standard,1000,,
4/26/2016,Kurunegala,Local,Keti,Premium,1500,,
4/26/2016,Kurunegala,Local,Keti,Standard,800,,
4/26/2016,Kurunegala,Local,Korikan,Premium,1000,,
4/26/2016,Kurunegala,Local,Korikan,Standard,400,,
4/26/2016,Gampaha,Export,Peedunu,Premium,8000,,
4/26/2016,Gampaha,Export,Peedunu,Standard,6000,,
4/26/2016,Gampaha,Export,Kanda,Premium,6000,,
4/26/2016,Gampaha,Export,Kanda,Standard,5000,,
4/26/2016,Gampaha,Local,Peedunu,Premium,5000,,
4/26/2016,Gampaha,Local,Peedunu,Standard,4000,,
4/26/2016,Gampaha,Local,Keti,Premium,3000,,
4/26/2016,Gampaha,Local,Keti,Standard,2500,,
4/26/2016,Gampaha,Local,Korikan,Premium,1100,,
4/26/2016,Gampaha,Local,Korikan,Standard,1100,,
5/3/2016,Kurunegala,Export,Peedunu,Premium,2500,,
5/3/2016,Kurunegala,Export,Peedunu,Standard,1500,,
5/3/2016,Kurunegala,Export,Kanda,Premium,3000,,
5/3/2016,Kurunegala,Export,Kanda,Standard,1500,,
5/3/2016,Kurunegala,Local,Peedunu,Premium,2500,,
5/3/2016,Kurunegala,Local,Peedunu,Standard,1000,,
5/3/2016,Kurunegala,Local,Keti,Premium,1000,,
5/3/2016,Kurunegala,Local,Keti,Standard,500,,
5/3/2016,Kurunegala,Local,Korikan,Premium,800,,
5/3/2016,Kurunegala,Local,Korikan,Standard,400,,
5/3/2016,Gampaha,Export,Peedunu,Premium,8000,,
5/3/2016,Gampaha,Export,Peedunu,Standard,6000,,
5/3/2016,Gampaha,Export,Kanda,Premium,5000,,
5/3/2016,Gampaha,Export,Kanda,Standard,4000,,
5/3/2016,Gampaha,Local,Peedunu,Premium,3500,,
5/3/2016,Gampaha,Local,Peedunu,Standard,3000,,
5/3/2016,Gampaha,Local,Keti,Premium,2500,,
5/3/2016,Gampaha,Local,Keti,Standard,2300,,
5/3/2016,Gampaha,Local,Korikan,Premium,800,,
5/3/2016,Gampaha,Local,Korikan,Standard,800,,
5/10/2016,Kurunegala,Export,Peedunu,Premium,8500,,
5/10/2016,Kurunegala,Export,Peedunu,Standard,4000,,
5/10/2016,Kurunegala,Export,Kanda,Premium,8000,,
5/10/2016,Kurunegala,Export,Kanda,Standard,4000,,
5/10/2016,Kurunegala,Local,Peedunu,Premium,5000,,
5/10/2016,Kurunegala,Local,Peedunu,Standard,2500,,
5/10/2016,Kurunegala,Local,Keti,Premium,3500,,
5/10/2016,Kurunegala,Local,Keti,Standard,1500,,
5/10/2016,Kurunegala,Local,Korikan,Premium,1500,,
5/10/2016,Kurunegala,Local,Korikan,Standard,800,,
5/10/2016,Gampaha,Export,Peedunu,Premium,8000,,
5/10/2016,Gampaha,Export,Peedunu,Standard,7000,,
5/10/2016,Gampaha,Export,Kanda,Premium,5000,,
5/10/2016,Gampaha,Export,Kanda,Standard,4000,,
5/10/2016,Gampaha,Local,Peedunu,Premium,6000,,
5/10/2016,Gampaha,Local,Peedunu,Standard,5000,,
5/10/2016,Gampaha,Local,Keti,Premium,3500,,
5/10/2016,Gampaha,Local,Keti,Standard,2700,,
5/10/2016,Gampaha,Local,Korikan,Premium,1000,,
5/10/2016,Gampaha,Local,Korikan,Standard,800,,
5/17/2016,Kurunegala,Export,Peedunu,Premium,4500,,
5/17/2016,Kurunegala,Export,Peedunu,Standard,2000,,
5/17/2016,Kurunegala,Export,Kanda,Premium,4000,,
5/17/2016,Kurunegala,Export,Kanda,Standard,2000,,
5/17/2016,Kurunegala,Local,Peedunu,Premium,2000,,
5/17/2016,Kurunegala,Local,Peedunu,Standard,1500,,
5/17/2016,Kurunegala,Local,Keti,Premium,1000,,
5/17/2016,Kurunegala,Local,Keti,Standard,400,,
5/17/2016,Kurunegala,Local,Korikan,Premium,400,,
5/17/2016,Kurunegala,Local,Korikan,Standard,200,,
5/17/2016,Gampaha,Export,Peedunu,Premium,8000,,
5/17/2016,Gampaha,Export,Peedunu,Standard,6000,,
5/17/2016,Gampaha,Export,Kanda,Premium,4000,,
5/17/2016,Gampaha,Export,Kanda,Standard,3000,,
5/17/2016,Gampaha,Local,Peedunu,Premium,4000,,
5/17/2016,Gampaha,Local,Peedunu,Standard,3750,,
5/17/2016,Gampaha,Local,Keti,Premium,2500,,
5/17/2016,Gampaha,Local,Keti,Standard,2200,,
5/17/2016,Gampaha,Local,Korikan,Premium,800,,
5/17/2016,Gampaha,Local,Korikan,Standard,800,,
5/24/2016,Kurunegala,Export,Peedunu,Premium,6000,,
5/24/2016,Kurunegala,Export,Peedunu,Standard,2000,,
5/24/2016,Kurunegala,Export,Kanda,Premium,5000,,
5/24/2016,Kurunegala,Export,Kanda,Standard,2000,,
5/24/2016,Kurunegala,Local,Peedunu,Premium,4000,,
5/24/2016,Kurunegala,Local,Peedunu,Standard,1500,,
5/24/2016,Kurunegala,Local,Keti,Premium,1500,,
5/24/2016,Kurunegala,Local,Keti,Standard,800,,
5/24/2016,Kurunegala,Local,Korikan,Premium,800,,
5/24/2016,Kurunegala,Local,Korikan,Standard,400,,
5/24/2016,Gampaha,Export,Peedunu,Premium,6000,,
5/24/2016,Gampaha,Export,Peedunu,Standard,2000,,
5/24/2016,Gampaha,Export,Kanda,Premium,5000,,
5/24/2016,Gampaha,Export,Kanda,Standard,2000,,
5/24/2016,Gampaha,Local,Peedunu,Premium,4000,,
5/24/2016,Gampaha,Local,Peedunu,Standard,1500,,
5/24/2016,Gampaha,Local,Keti,Premium,1500,,
5/24/2016,Gampaha,Local,Keti,Standard,800,,
5/24/2016,Gampaha,Local,Korikan,Premium,800,,
5/24/2016,Gampaha,Local,Korikan,Standard,400,,
5/31/2016,Kurunegala,Export,Peedunu,Premium,7000,,
5/31/2016,Kurunegala,Export,Peedunu,Standard,2000,,
5/31/2016,Kurunegala,Export,Kanda,Premium,5000,,
5/31/2016,Kurunegala,Export,Kanda,Standard,2000,,
5/31/2016,Kurunegala,Local,Peedunu,Premium,5000,,
5/31/2016,Kurunegala,Local,Peedunu,Standard,1500,,
5/31/2016,Kurunegala,Local,Keti,Premium,1000,,
5/31/2016,Kurunegala,Local,Keti,Standard,500,,
5/31/2016,Kurunegala,Local,Korikan,Premium,500,,
5/31/2016,Kurunegala,Local,Korikan,Standard,300,,
5/31/2016,Gampaha,Export,Peedunu,Premium,6500,,
5/31/2016,Gampaha,Export,Peedunu,Standard,4000,,
5/31/2016,Gampaha,Export,Kanda,Premium,4500,,
5/31/2016,Gampaha,Export,Kanda,Standard,3000,,
5/31/2016,Gampaha,Local,Peedunu,Premium,2200,,
5/31/2016,Gampaha,Local,Peedunu,Standard,1500,,
5/31/2016,Gampaha,Local,Keti,Premium,1200,,
5/31/2016,Gampaha,Local,Keti,Standard,1000,,
5/31/2016,Gampaha,Local,Korikan,Premium,200,,
5/31/2016,Gampaha,Local,Korikan,Standard,200,,
6/7/2016,Kurunegala,Export,Peedunu,Premium,5000,,
6/7/2016,Kurunegala,Export,Peedunu,Standard,2000,,
6/7/2016,Kurunegala,Export,Kanda,Premium,6000,,
6/7/2016,Kurunegala,Export,Kanda,Standard,2000,,
6/7/2016,Kurunegala,Local,Peedunu,Premium,4000,,
6/7/2016,Kurunegala,Local,Peedunu,Standard,1500,,
6/7/2016,Kurunegala,Local,Keti,Premium,800,,
6/7/2016,Kurunegala,Local,Keti,Standard,400,,
6/7/2016,Kurunegala,Local,Korikan,Premium,500,,
6/7/2016,Kurunegala,Local,Korikan,Standard,200,,
6/7/2016,Gampaha,Export,Peedunu,Premium,2500,,
6/7/2016,Gampaha,Export,Peedunu,Standard,1500,,
6/7/2016,Gampaha,Export,Kanda,Premium,2500,,
6/7/2016,Gampaha,Export,Kanda,Standard,1500,,
6/7/2016,Gampaha,Local,Peedunu,Premium,1500,,
6/7/2016,Gampaha,Local,Peedunu,Standard,1000,,
6/7/2016,Gampaha,Local,Keti,Premium,800,,
6/7/2016,Gampaha,Local,Keti,Standard,700,,
6/7/2016,Gampaha,Local,Korikan,Premium,500,,
6/7/2016,Gampaha,Local,Korikan,Standard,200,,
6/14/2016,Kurunegala,Export,Peedunu,Premium,4500,,
6/14/2016,Kurunegala,Export,Peedunu,Standard,2000,,
6/14/2016,Kurunegala,Export,Kanda,Premium,5000,,
6/14/2016,Kurunegala,Export,Kanda,Standard,2000,,
6/14/2016,Kurunegala,Local,Peedunu,Premium,4000,,
6/14/2016,Kurunegala,Local,Peedunu,Standard,1500,,
6/14/2016,Kurunegala,Local,Keti,Premium,800,,
6/14/2016,Kurunegala,Local,Keti,Standard,400,,
6/14/2016,Kurunegala,Local,Korikan,Premium,500,,
6/14/2016,Kurunegala,Local,Korikan,Standard,200,,
6/14/2016,Gampaha,Export,Peedunu,Premium,6000,,
6/14/2016,Gampaha,Export,Peedunu,Standard,4000,,
6/14/2016,Gampaha,Export,Kanda,Premium,5000,,
6/14/2016,Gampaha,Export,Kanda,Standard,4000,,
6/14/2016,Gampaha,Local,Peedunu,Premium,2500,,
6/14/2016,Gampaha,Local,Peedunu,Standard,2000,,
6/14/2016,Gampaha,Local,Keti,Premium,1500,,
6/14/2016,Gampaha,Local,Keti,Standard,1300,,
6/14/2016,Gampaha,Local,Korikan,Premium,600,,
6/14/2016,Gampaha,Local,Korikan,Standard,600,,
6/21/2016,Kurunegala,Export,Peedunu,Premium,5000,,
6/21/2016,Kurunegala,Export,Peedunu,Standard,2000,,
6/21/2016,Kurunegala,Export,Kanda,Premium,6000,,
6/21/2016,Kurunegala,Export,Kanda,Standard,2000,,
6/21/2016,Kurunegala,Local,Peedunu,Premium,5000,,
6/21/2016,Kurunegala,Local,Peedunu,Standard,1800,,
6/21/2016,Kurunegala,Local,Keti,Premium,800,,
6/21/2016,Kurunegala,Local,Keti,Standard,400,,
6/21/2016,Kurunegala,Local,Korikan,Premium,500,,
6/21/2016,Kurunegala,Local,Korikan,Standard,200,,
6/21/2016,Gampaha,Export,Peedunu,Premium,6500,,
6/21/2016,Gampaha,Export,Peedunu,Standard,4000,,
6/21/2016,Gampaha,Export,Kanda,Premium,5000,,
6/21/2016,Gampaha,Export,Kanda,Standard,4000,,
6/21/2016,Gampaha,Local,Peedunu,Premium,1800,,
6/21/2016,Gampaha,Local,Peedunu,Standard,1500,,
6/21/2016,Gampaha,Local,Keti,Premium,1200,,
6/21/2016,Gampaha,Local,Keti,Standard,1000,,
6/21/2016,Gampaha,Local,Korikan,Premium,300,,
6/21/2016,Gampaha,Local,Korikan,Standard,300,,
6/28/2016,Kurunegala,Export,Peedunu,Premium,4000,,
6/28/2016,Kurunegala,Export,Peedunu,Standard,2000,,
6/28/2016,Kurunegala,Export,Kanda,Premium,5000,,
6/28/2016,Kurunegala,Export,Kanda,Standard,2000,,
6/28/2016,Kurunegala,Local,Peedunu,Premium,3000,,
6/28/2016,Kurunegala,Local,Peedunu,Standard,1000,,
6/28/2016,Kurunegala,Local,Keti,Premium,600,,
6/28/2016,Kurunegala,Local,Keti,Standard,300,,
6/28/2016,Kurunegala,Local,Korikan,Premium,400,,
6/28/2016,Kurunegala,Local,Korikan,Standard,200,,
6/28/2016,Gampaha,Export,Peedunu,Premium,7500,,
6/28/2016,Gampaha,Export,Peedunu,Standard,5000,,
6/28/2016,Gampaha,Export,Kanda,Premium,6500,,
6/28/2016,Gampaha,Export,Kanda,Standard,5000,,
6/28/2016,Gampaha,Local,Peedunu,Premium,1800,,
6/28/2016,Gampaha,Local,Peedunu,Standard,1500,,
6/28/2016,Gampaha,Local,Keti,Premium,1200,,
6/28/2016,Gampaha,Local,Keti,Standard,1000,,
6/28/2016,Gampaha,Local,Korikan,Premium,200,,
6/28/2016,Gampaha,Local,Korikan,Standard,200,,
7/4/2016,Kurunegala,Export,Peedunu,Premium,5000,,
7/4/2016,Kurunegala,Export,Peedunu,Standard,2000,,
7/4/2016,Kurunegala,Export,Kanda,Premium,6000,,
7/4/2016,Kurunegala,Export,Kanda,Standard,2000,,
7/4/2016,Kurunegala,Local,Peedunu,Premium,4000,,
7/4/2016,Kurunegala,Local,Peedunu,Standard,1500,,
7/4/2016,Kurunegala,Local,Keti,Premium,800,,
7/4/2016,Kurunegala,Local,Keti,Standard,500,,
7/4/2016,Kurunegala,Local,Korikan,Premium,500,,
7/4/2016,Kurunegala,Local,Korikan,Standard,300,,
7/4/2016,Gampaha,Export,Peedunu,Premium,6500,,
7/4/2016,Gampaha,Export,Peedunu,Standard,4000,,
7/4/2016,Gampaha,Export,Kanda,Premium,6500,,
7/4/2016,Gampaha,Export,Kanda,Standard,4000,,
7/4/2016,Gampaha,Local,Peedunu,Premium,2000,,
7/4/2016,Gampaha,Local,Peedunu,Standard,1800,,
7/4/2016,Gampaha,Local,Keti,Premium,1500,,
7/4/2016,Gampaha,Local,Keti,Standard,1000,,
7/4/2016,Gampaha,Local,Korikan,Premium,100,,
7/4/2016,Gampaha,Local,Korikan,Standard,100,,
7/12/2016,Kurunegala,Export,Peedunu,Premium,5000,,
7/12/2016,Kurunegala,Export,Peedunu,Standard,2000,,
7/12/2016,Kurunegala,Export,Kanda,Premium,6500,,
7/12/2016,Kurunegala,Export,Kanda,Standard,2000,,
7/12/2016,Kurunegala,Local,Peedunu,Premium,5000,,
7/12/2016,Kurunegala,Local,Peedunu,Standard,2000,,
7/12/2016,Kurunegala,Local,Keti,Premium,1000,,
7/12/2016,Kurunegala,Local,Keti,Standard,500,,
7/12/2016,Kurunegala,Local,Korikan,Premium,600,,
7/12/2016,Kurunegala,Local,Korikan,Standard,300,,
7/12/2016,Gampaha,Export,Peedunu,Premium,5000,,
7/12/2016,Gampaha,Export,Peedunu,Standard,3500,,
7/12/2016,Gampaha,Export,Kanda,Premium,5000,,
7/12/2016,Gampaha,Export,Kanda,Standard,3500,,
7/12/2016,Gampaha,Local,Peedunu,Premium,2000,,
7/12/2016,Gampaha,Local,Peedunu,Standard,1800,,
7/12/2016,Gampaha,Local,Keti,Premium,1200,,
7/12/2016,Gampaha,Local,Keti,Standard,1000,,
7/12/2016,Gampaha,Local,Korikan,Premium,200,,
7/12/2016,Gampaha,Local,Korikan,Standard,200,,
7/18/2016,Kurunegala,Export,Peedunu,Premium,5000,,
7/18/2016,Kurunegala,Export,Peedunu,Standard,2500,,
7/18/2016,Kurunegala,Export,Kanda,Premium,6000,,
7/18/2016,Kurunegala,Export,Kanda,Standard,2500,,
7/18/2016,Kurunegala,Local,Peedunu,Premium,4500,,
7/18/2016,Kurunegala,Local,Peedunu,Standard,1500,,
7/18/2016,Kurunegala,Local,Keti,Premium,1500,,
7/18/2016,Kurunegala,Local,Keti,Standard,800,,
7/18/2016,Kurunegala,Local,Korikan,Premium,800,,
7/18/2016,Kurunegala,Local,Korikan,Standard,200,,
7/18/2016,Gampaha,Export,Peedunu,Premium,3000,,
7/18/2016,Gampaha,Export,Peedunu,Standard,2000,,
7/18/2016,Gampaha,Export,Kanda,Premium,3000,,
7/18/2016,Gampaha,Export,Kanda,Standard,2000,,
7/18/2016,Gampaha,Local,Peedunu,Premium,1800,,
7/18/2016,Gampaha,Local,Peedunu,Standard,1600,,
7/18/2016,Gampaha,Local,Keti,Premium,1200,,
7/18/2016,Gampaha,Local,Keti,Standard,1000,,
7/18/2016,Gampaha,Local,Korikan,Premium,200,,
7/18/2016,Gampaha,Local,Korikan,Standard,200,,
7/26/2016,Kurunegala,Export,Peedunu,Premium,7000,,
7/26/2016,Kurunegala,Export,Peedunu,Standard,2500,,
7/26/2016,Kurunegala,Export,Kanda,Premium,8000,,
7/26/2016,Kurunegala,Export,Kanda,Standard,2500,,
7/26/2016,Kurunegala,Local,Peedunu,Premium,5000,,
7/26/2016,Kurunegala,Local,Peedunu,Standard,2000,,
7/26/2016,Kurunegala,Local,Keti,Premium,2000,,
7/26/2016,Kurunegala,Local,Keti,Standard,800,,
7/26/2016,Kurunegala,Local,Korikan,Premium,1000,,
7/26/2016,Kurunegala,Local,Korikan,Standard,300,,
7/26/2016,Gampaha,Export,Peedunu,Premium,4500,,
7/26/2016,Gampaha,Export,Peedunu,Standard,2500,,
7/26/2016,Gampaha,Export,Kanda,Premium,4500,,
7/26/2016,Gampaha,Export,Kanda,Standard,2500,,
7/26/2016,Gampaha,Local,Peedunu,Premium,2800,,
7/26/2016,Gampaha,Local,Peedunu,Standard,2400,,
7/26/2016,Gampaha,Local,Keti,Premium,2000,,
7/26/2016,Gampaha,Local,Keti,Standard,1400,,
7/26/2016,Gampaha,Local,Korikan,Premium,400,,
7/26/2016,Gampaha,Local,Korikan,Standard,400,,
8/2/2016,Kurunegala,Export,Peedunu,Premium,7000,,
8/2/2016,Kurunegala,Export,Peedunu,Standard,3000,,
8/2/2016,Kurunegala,Export,Kanda,Premium,8000,,
8/2/2016,Kurunegala,Export,Kanda,Standard,3000,,
8/2/2016,Kurunegala,Local,Peedunu,Premium,5000,,
8/2/2016,Kurunegala,Local,Peedunu,Standard,2000,,
8/2/2016,Kurunegala,Local,Keti,Premium,2000,,
8/2/2016,Kurunegala,Local,Keti,Standard,500,,
8/2/2016,Kurunegala,Local,Korikan,Premium,1000,,
8/2/2016,Kurunegala,Local,Korikan,Standard,250,,
8/2/2016,Gampaha,Export,Peedunu,Premium,2500,,
8/2/2016,Gampaha,Export,Peedunu,Standard,1400,,
8/2/2016,Gampaha,Export,Kanda,Premium,2500,,
8/2/2016,Gampaha,Export,Kanda,Standard,1400,,
8/2/2016,Gampaha,Local,Peedunu,Premium,1800,,
8/2/2016,Gampaha,Local,Peedunu,Standard,1500,,
8/2/2016,Gampaha,Local,Keti,Premium,1000,,
8/2/2016,Gampaha,Local,Keti,Standard,800,,
8/2/2016,Gampaha,Local,Korikan,Premium,1000,,
8/2/2016,Gampaha,Local,Korikan,Standard,250,,
8/15/2016,Kurunegala,Export,Peedunu,Premium,5000,,
8/15/2016,Kurunegala,Export,Peedunu,Standard,3000,,
8/15/2016,Kurunegala,Export,Kanda,Premium,5000,,
8/15/2016,Kurunegala,Export,Kanda,Standard,3000,,
8/15/2016,Kurunegala,Local,Peedunu,Premium,4000,,
8/15/2016,Kurunegala,Local,Peedunu,Standard,2000,,
8/15/2016,Kurunegala,Local,Keti,Premium,2000,,
8/15/2016,Kurunegala,Local,Keti,Standard,500,,
8/15/2016,Kurunegala,Local,Korikan,Premium,600,,
8/15/2016,Kurunegala,Local,Korikan,Standard,300,,
8/15/2016,Gampaha,Export,Peedunu,Premium,5000,,
8/15/2016,Gampaha,Export,Peedunu,Standard,3000,,
8/15/2016,Gampaha,Export,Kanda,Premium,4000,,
8/15/2016,Gampaha,Export,Kanda,Standard,3000,,
8/15/2016,Gampaha,Local,Peedunu,Premium,3500,,
8/15/2016,Gampaha,Local,Peedunu,Standard,3400,,
8/15/2016,Gampaha,Local,Keti,Premium,3000,,
8/15/2016,Gampaha,Local,Keti,Standard,2500,,
8/15/2016,Gampaha,Local,Korikan,Premium,500,,
8/15/2016,Gampaha,Local,Korikan,Standard,400,,
8/23/2016,Kurunegala,Export,Peedunu,Premium,6500,,
8/23/2016,Kurunegala,Export,Peedunu,Standard,2000,,
8/23/2016,Kurunegala,Export,Kanda,Premium,5000,,
8/23/2016,Kurunegala,Export,Kanda,Standard,2000,,
8/23/2016,Kurunegala,Local,Peedunu,Premium,5000,,
8/23/2016,Kurunegala,Local,Peedunu,Standard,2000,,
8/23/2016,Kurunegala,Local,Keti,Premium,1800,,
8/23/2016,Kurunegala,Local,Keti,Standard,600,,
8/23/2016,Kurunegala,Local,Korikan,Premium,500,,
8/23/2016,Kurunegala,Local,Korikan,Standard,300,,
8/23/2016,Gampaha,Export,Peedunu,Premium,3500,,
8/23/2016,Gampaha,Export,Peedunu,Standard,2500,,
8/23/2016,Gampaha,Export,Kanda,Premium,3000,,
8/23/2016,Gampaha,Export,Kanda,Standard,2000,,
8/23/2016,Gampaha,Local,Peedunu,Premium,2500,,
8/23/2016,Gampaha,Local,Peedunu,Standard,2400,,
8/23/2016,Gampaha,Local,Keti,Premium,1600,,
8/23/2016,Gampaha,Local,Keti,Standard,1250,,
8/23/2016,Gampaha,Local,Korikan,Premium,800,,
8/23/2016,Gampaha,Local,Korikan,Standard,500,,
8/30/2016,Kurunegala,Export,Peedunu,Premium,6500,,
8/30/2016,Kurunegala,Export,Peedunu,Standard,2000,,
8/30/2016,Kurunegala,Export,Kanda,Premium,6000,,
8/30/2016,Kurunegala,Export,Kanda,Standard,2000,,
8/30/2016,Kurunegala,Local,Peedunu,Premium,5000,,
8/30/2016,Kurunegala,Local,Peedunu,Standard,2500,,
8/30/2016,Kurunegala,Local,Keti,Premium,2000,,
8/30/2016,Kurunegala,Local,Keti,Standard,800,,
8/30/2016,Kurunegala,Local,Korikan,Premium,600,,
8/30/2016,Kurunegala,Local,Korikan,Standard,400,,
8/30/2016,Gampaha,Export,Peedunu,Premium,3500,,
8/30/2016,Gampaha,Export,Peedunu,Standard,2000,,
8/30/2016,Gampaha,Export,Kanda,Premium,3000,,
8/30/2016,Gampaha,Export,Kanda,Standard,2000,,
8/30/2016,Gampaha,Local,Peedunu,Premium,2000,,
8/30/2016,Gampaha,Local,Peedunu,Standard,1500,,
8/30/2016,Gampaha,Local,Keti,Premium,1000,,
8/30/2016,Gampaha,Local,Keti,Standard,1000,,
8/30/2016,Gampaha,Local,Korikan,Premium,600,,
8/30/2016,Gampaha,Local,Korikan,Standard,400,,
9/6/2016,Kurunegala,Export,Peedunu,Premium,7500,,
9/6/2016,Kurunegala,Export,Peedunu,Standard,3000,,
9/6/2016,Kurunegala,Export,Kanda,Premium,7000,,
9/6/2016,Kurunegala,Export,Kanda,Standard,3000,,
9/6/2016,Kurunegala,Local,Peedunu,Premium,5500,,
9/6/2016,Kurunegala,Local,Peedunu,Standard,2500,,
9/6/2016,Kurunegala,Local,Keti,Premium,3000,,
9/6/2016,Kurunegala,Local,Keti,Standard,1000,,
9/6/2016,Kurunegala,Local,Korikan,Premium,1000,,
9/6/2016,Kurunegala,Local,Korikan,Standard,500,,
9/6/2016,Gampaha,Export,Peedunu,Premium,4500,,
9/6/2016,Gampaha,Export,Peedunu,Standard,2500,,
9/6/2016,Gampaha,Export,Kanda,Premium,4000,,
9/6/2016,Gampaha,Export,Kanda,Standard,2500,,
9/6/2016,Gampaha,Local,Peedunu,Premium,2500,,
9/6/2016,Gampaha,Local,Peedunu,Standard,2300,,
9/6/2016,Gampaha,Local,Keti,Premium,2000,,
9/6/2016,Gampaha,Local,Keti,Standard,1500,,
9/6/2016,Gampaha,Local,Korikan,Premium,600,,
9/6/2016,Gampaha,Local,Korikan,Standard,400,,
9/13/2016,Kurunegala,Export,Peedunu,Premium,7500,,
9/13/2016,Kurunegala,Export,Peedunu,Standard,3000,,
9/13/2016,Kurunegala,Export,Kanda,Premium,7000,,
9/13/2016,Kurunegala,Export,Kanda,Standard,3000,,
9/13/2016,Kurunegala,Local,Peedunu,Premium,5500,,
9/13/2016,Kurunegala,Local,Peedunu,Standard,2500,,
9/13/2016,Kurunegala,Local,Keti,Premium,3000,,
9/13/2016,Kurunegala,Local,Keti,Standard,1000,,
9/13/2016,Kurunegala,Local,Korikan,Premium,1000,,
9/13/2016,Kurunegala,Local,Korikan,Standard,500,,
9/13/2016,Gampaha,Export,Peedunu,Premium,4500,,
9/13/2016,Gampaha,Export,Peedunu,Standard,2500,,
9/13/2016,Gampaha,Export,Kanda,Premium,4000,,
9/13/2016,Gampaha,Export,Kanda,Standard,2500,,
9/13/2016,Gampaha,Local,Peedunu,Premium,2500,,
9/13/2016,Gampaha,Local,Peedunu,Standard,2300,,
9/13/2016,Gampaha,Local,Keti,Premium,2000,,
9/13/2016,Gampaha,Local,Keti,Standard,1500,,
9/13/2016,Gampaha,Local,Korikan,Premium,600,,
9/13/2016,Gampaha,Local,Korikan,Standard,400,,
9/20/2016,Kurunegala,Export,Peedunu,Premium,5000,,
9/20/2016,Kurunegala,Export,Peedunu,Standard,2000,,
9/20/2016,Kurunegala,Export,Kanda,Premium,4000,,
9/20/2016,Kurunegala,Export,Kanda,Standard,2000,,
9/20/2016,Kurunegala,Local,Peedunu,Premium,4000,,
9/20/2016,Kurunegala,Local,Peedunu,Standard,2000,,
9/20/2016,Kurunegala,Local,Keti,Premium,2000,,
9/20/2016,Kurunegala,Local,Keti,Standard,1000,,
9/20/2016,Kurunegala,Local,Korikan,Premium,800,,
9/20/2016,Kurunegala,Local,Korikan,Standard,500,,
9/20/2016,Gampaha,Export,Peedunu,Premium,4500,,
9/20/2016,Gampaha,Export,Peedunu,Standard,2500,,
9/20/2016,Gampaha,Export,Kanda,Premium,3000,,
9/20/2016,Gampaha,Export,Kanda,Standard,2000,,
9/20/2016,Gampaha,Local,Peedunu,Premium,3000,,
9/20/2016,Gampaha,Local,Peedunu,Standard,2600,,
9/20/2016,Gampaha,Local,Keti,Premium,2200,,
9/20/2016,Gampaha,Local,Keti,Standard,2000,,
9/20/2016,Gampaha,Local,Korikan,Premium,400,,
9/20/2016,Gampaha,Local,Korikan,Standard,300,,
10/4/2016,Kurunegala,Export,Peedunu,Premium,5000,,
10/4/2016,Kurunegala,Export,Peedunu,Standard,2000,,
10/4/2016,Kurunegala,Export,Kanda,Premium,4500,,
10/4/2016,Kurunegala,Export,Kanda,Standard,2000,,
10/4/2016,Kurunegala,Local,Peedunu,Premium,4000,,
10/4/2016,Kurunegala,Local,Peedunu,Standard,1500,,
10/4/2016,Kurunegala,Local,Keti,Premium,1500,,
10/4/2016,Kurunegala,Local,Keti,Standard,800,,
10/4/2016,Kurunegala,Local,Korikan,Premium,800,,
10/4/2016,Kurunegala,Local,Korikan,Standard,300,,
10/4/2016,Gampaha,Export,Peedunu,Premium,5000,,
10/4/2016,Gampaha,Export,Peedunu,Standard,3500,,
10/4/2016,Gampaha,Export,Kanda,Premium,3000,,
10/4/2016,Gampaha,Export,Kanda,Standard,2000,,
10/4/2016,Gampaha,Local,Peedunu,Premium,2750,,
10/4/2016,Gampaha,Local,Peedunu,Standard,2500,,
10/4/2016,Gampaha,Local,Keti,Premium,2000,,
10/4/2016,Gampaha,Local,Keti,Standard,1700,,
10/4/2016,Gampaha,Local,Korikan,Premium,400,,
10/4/2016,Gampaha,Local,Korikan,Standard,350,,
10/11/2016,Kurunegala,Export,Peedunu,Premium,5000,,
10/11/2016,Kurunegala,Export,Peedunu,Standard,2000,,
10/11/2016,Kurunegala,Export,Kanda,Premium,6000,,
10/11/2016,Kurunegala,Export,Kanda,Standard,2000,,
10/11/2016,Kurunegala,Local,Peedunu,Premium,5000,,
10/11/2016,Kurunegala,Local,Peedunu,Standard,1800,,
10/11/2016,Kurunegala,Local,Keti,Premium,2000,,
10/11/2016,Kurunegala,Local,Keti,Standard,1000,,
10/11/2016,Kurunegala,Local,Korikan,Premium,800,,
10/11/2016,Kurunegala,Local,Korikan,Standard,500,,
10/11/2016,Gampaha,Export,Peedunu,Premium,6000,,
10/11/2016,Gampaha,Export,Peedunu,Standard,4000,,
10/11/2016,Gampaha,Export,Kanda,Premium,5000,,
10/11/2016,Gampaha,Export,Kanda,Standard,4000,,
10/11/2016,Gampaha,Local,Peedunu,Premium,4000,,
10/11/2016,Gampaha,Local,Peedunu,Standard,3500,,
10/11/2016,Gampaha,Local,Keti,Premium,3000,,
10/11/2016,Gampaha,Local,Keti,Standard,2500,,
10/11/2016,Gampaha,Local,Korikan,Premium,800,,
10/11/2016,Gampaha,Local,Korikan,Standard,800,,
10/18/2016,Kurunegala,Export,Peedunu,Premium,5000,,
10/18/2016,Kurunegala,Export,Peedunu,Standard,2000,,
10/18/2016,Kurunegala,Export,Kanda,Premium,6000,,
10/18/2016,Kurunegala,Export,Kanda,Standard,2000,,
10/18/2016,Kurunegala,Local,Peedunu,Premium,5000,,
10/18/2016,Kurunegala,Local,Peedunu,Standard,2000,,
10/18/2016,Kurunegala,Local,Keti,Premium,1000,,
10/18/2016,Kurunegala,Local,Keti,Standard,800,,
10/18/2016,Kurunegala,Local,Korikan,Premium,500,,
10/18/2016,Kurunegala,Local,Korikan,Standard,300,,
10/18/2016,Gampaha,Export,Peedunu,Premium,6500,,
10/18/2016,Gampaha,Export,Peedunu,Standard,4500,,
10/18/2016,Gampaha,Export,Kanda,Premium,5000,,
10/18/2016,Gampaha,Export,Kanda,Standard,4000,,
10/18/2016,Gampaha,Local,Peedunu,Premium,4000,,
10/18/2016,Gampaha,Local,Peedunu,Standard,3500,,
10/18/2016,Gampaha,Local,Keti,Premium,3000,,
10/18/2016,Gampaha,Local,Keti,Standard,2750,,
10/18/2016,Gampaha,Local,Korikan,Premium,1000,,
10/18/2016,Gampaha,Local,Korikan,Standard,800,,
10/25/2016,Kurunegala,Export,Peedunu,Premium,4000,,
10/25/2016,Kurunegala,Export,Peedunu,Standard,2000,,
10/25/2016,Kurunegala,Export,Kanda,Premium,4000,,
10/25/2016,Kurunegala,Export,Kanda,Standard,2000,,
10/25/2016,Kurunegala,Local,Peedunu,Premium,3000,,
10/25/2016,Kurunegala,Local,Peedunu,Standard,1500,,
10/25/2016,Kurunegala,Local,Keti,Premium,1000,,
10/25/2016,Kurunegala,Local,Keti,Standard,800,,
10/25/2016,Kurunegala,Local,Korikan,Premium,600,,
10/25/2016,Kurunegala,Local,Korikan,Standard,300,,
10/25/2016,Gampaha,Export,Peedunu,Premium,4000,,
10/25/2016,Gampaha,Export,Peedunu,Standard,2500,,
10/25/2016,Gampaha,Export,Kanda,Premium,3000,,
10/25/2016,Gampaha,Export,Kanda,Standard,2000,,
10/25/2016,Gampaha,Local,Peedunu,Premium,3000,,
10/25/2016,Gampaha,Local,Peedunu,Standard,2750,,
10/25/2016,Gampaha,Local,Keti,Premium,2500,,
10/25/2016,Gampaha,Local,Keti,Standard,2300,,
10/25/2016,Gampaha,Local,Korikan,Premium,600,,
10/25/2016,Gampaha,Local,Korikan,Standard,600,,
11/1/2016,Kurunegala,Export,Peedunu,Premium,5000,,
11/1/2016,Kurunegala,Export,Peedunu,Standard,2000,,
11/1/2016,Kurunegala,Export,Kanda,Premium,5000,,
11/1/2016,Kurunegala,Export,Kanda,Standard,2000,,
11/1/2016,Kurunegala,Local,Peedunu,Premium,4000,,
11/1/2016,Kurunegala,Local,Peedunu,Standard,1500,,
11/1/2016,Kurunegala,Local,Keti,Premium,1000,,
11/1/2016,Kurunegala,Local,Keti,Standard,800,,
11/1/2016,Kurunegala,Local,Korikan,Premium,500,,
11/1/2016,Kurunegala,Local,Korikan,Standard,350,,
11/1/2016,Gampaha,Export,Peedunu,Premium,5500,,
11/1/2016,Gampaha,Export,Peedunu,Standard,3500,,
11/1/2016,Gampaha,Export,Kanda,Premium,2500,,
11/1/2016,Gampaha,Export,Kanda,Standard,2000,,
11/1/2016,Gampaha,Local,Peedunu,Premium,3000,,
11/1/2016,Gampaha,Local,Peedunu,Standard,2500,,
11/1/2016,Gampaha,Local,Keti,Premium,2000,,
11/1/2016,Gampaha,Local,Keti,Standard,1750,,
11/1/2016,Gampaha,Local,Korikan,Premium,800,,
11/1/2016,Gampaha,Local,Korikan,Standard,600,,
11/8/2016,Kurunegala,Export,Peedunu,Premium,4000,,
11/8/2016,Kurunegala,Export,Peedunu,Standard,2000,,
11/8/2016,Kurunegala,Export,Kanda,Premium,4500,,
11/8/2016,Kurunegala,Export,Kanda,Standard,2000,,
11/8/2016,Kurunegala,Local,Peedunu,Premium,3500,,
11/8/2016,Kurunegala,Local,Peedunu,Standard,1500,,
11/8/2016,Kurunegala,Local,Keti,Premium,800,,
11/8/2016,Kurunegala,Local,Keti,Standard,400,,
11/8/2016,Kurunegala,Local,Korikan,Premium,400,,
11/8/2016,Kurunegala,Local,Korikan,Standard,200,,
11/8/2016,Gampaha,Export,Peedunu,Premium,4500,,
11/8/2016,Gampaha,Export,Peedunu,Standard,3000,,
11/8/2016,Gampaha,Export,Kanda,Premium,3000,,
11/8/2016,Gampaha,Export,Kanda,Standard,2000,,
11/8/2016,Gampaha,Local,Peedunu,Premium,3000,,
11/8/2016,Gampaha,Local,Peedunu,Standard,2500,,
11/8/2016,Gampaha,Local,Keti,Premium,2000,,
11/8/2016,Gampaha,Local,Keti,Standard,1500,,
11/8/2016,Gampaha,Local,Korikan,Premium,500,,
11/8/2016,Gampaha,Local,Korikan,Standard,500,,
11/15/2016,Kurunegala,Export,Peedunu,Premium,4000,,
11/15/2016,Kurunegala,Export,Peedunu,Standard,2000,,
11/15/2016,Kurunegala,Export,Kanda,Premium,5000,,
11/15/2016,Kurunegala,Export,Kanda,Standard,2000,,
11/15/2016,Kurunegala,Local,Peedunu,Premium,3000,,
11/15/2016,Kurunegala,Local,Peedunu,Standard,1500,,
11/15/2016,Kurunegala,Local,Keti,Premium,800,,
11/15/2016,Kurunegala,Local,Keti,Standard,400,,
11/15/2016,Kurunegala,Local,Korikan,Premium,400,,
11/15/2016,Kurunegala,Local,Korikan,Standard,200,,
11/15/2016,Gampaha,Export,Peedunu,Premium,5000,,
11/15/2016,Gampaha,Export,Peedunu,Standard,3000,,
11/15/2016,Gampaha,Export,Kanda,Premium,3000,,
11/15/2016,Gampaha,Export,Kanda,Standard,2000,,
11/15/2016,Gampaha,Local,Peedunu,Premium,3000,,
11/15/2016,Gampaha,Local,Peedunu,Standard,2400,,
11/15/2016,Gampaha,Local,Keti,Premium,2000,,
11/15/2016,Gampaha,Local,Keti,Standard,1600,,
11/15/2016,Gampaha,Local,Korikan,Premium,600,,
11/15/2016,Gampaha,Local,Korikan,Standard,600,,
11/22/2016,Kurunegala,Export,Peedunu,Premium,3000,,
11/22/2016,Kurunegala,Export,Peedunu,Standard,1500,,
11/22/2016,Kurunegala,Export,Kanda,Premium,3000,,
11/22/2016,Kurunegala,Export,Kanda,Standard,1500,,
11/22/2016,Kurunegala,Local,Peedunu,Premium,2500,,
11/22/2016,Kurunegala,Local,Peedunu,Standard,1000,,
11/22/2016,Kurunegala,Local,Keti,Premium,800,,
11/22/2016,Kurunegala,Local,Keti,Standard,400,,
11/22/2016,Kurunegala,Local,Korikan,Premium,400,,
11/22/2016,Kurunegala,Local,Korikan,Standard,200,,
11/22/2016,Gampaha,Export,Peedunu,Premium,4000,,
11/22/2016,Gampaha,Export,Peedunu,Standard,3000,,
11/22/2016,Gampaha,Export,Kanda,Premium,2500,,
11/22/2016,Gampaha,Export,Kanda,Standard,2000,,
11/22/2016,Gampaha,Local,Peedunu,Premium,2500,,
11/22/2016,Gampaha,Local,Peedunu,Standard,2000,,
11/22/2016,Gampaha,Local,Keti,Premium,1500,,
11/22/2016,Gampaha,Local,Keti,Standard,1100,,
11/22/2016,Gampaha,Local,Korikan,Premium,300,,
11/22/2016,Gampaha,Local,Korikan,Standard,300,,
11/29/2016,Kurunegala,Export,Peedunu,Premium,1200,,
11/29/2016,Kurunegala,Export,Peedunu,Standard,500,,
11/29/2016,Kurunegala,Export,Kanda,Premium,1000,,
11/29/2016,Kurunegala,Export,Kanda,Standard,500,,
11/29/2016,Kurunegala,Local,Peedunu,Premium,600,,
11/29/2016,Kurunegala,Local,Peedunu,Standard,400,,
11/29/2016,Kurunegala,Local,Keti,Premium,300,,
11/29/2016,Kurunegala,Local,Keti,Standard,200,,
11/29/2016,Kurunegala,Local,Korikan,Premium,150,,
11/29/2016,Kurunegala,Local,Korikan,Standard,100,,
11/29/2016,Gampaha,Export,Peedunu,Premium,3000,,
11/29/2016,Gampaha,Export,Peedunu,Standard,2500,,
11/29/2016,Gampaha,Export,Kanda,Premium,3000,,
11/29/2016,Gampaha,Export,Kanda,Standard,2500,,
11/29/2016,Gampaha,Local,Peedunu,Premium,800,,
11/29/2016,Gampaha,Local,Peedunu,Standard,700,,
11/29/2016,Gampaha,Local,Keti,Premium,300,,
11/29/2016,Gampaha,Local,Keti,Standard,280,,
11/29/2016,Gampaha,Local,Korikan,Premium,150,,
11/29/2016,Gampaha,Local,Korikan,Standard,100,,
12/6/2016,Kurunegala,Export,Peedunu,Premium,2500,,
12/6/2016,Kurunegala,Export,Peedunu,Standard,500,,
12/6/2016,Kurunegala,Export,Kanda,Premium,2000,,
12/6/2016,Kurunegala,Export,Kanda,Standard,500,,
12/6/2016,Kurunegala,Local,Peedunu,Premium,1500,,
12/6/2016,Kurunegala,Local,Peedunu,Standard,500,,
12/6/2016,Kurunegala,Local,Keti,Premium,400,,
12/6/2016,Kurunegala,Local,Keti,Standard,200,,
12/6/2016,Kurunegala,Local,Korikan,Premium,150,,
12/6/2016,Kurunegala,Local,Korikan,Standard,100,,
12/6/2016,Gampaha,Export,Peedunu,Premium,3500,,
12/6/2016,Gampaha,Export,Peedunu,Standard,2500,,
12/6/2016,Gampaha,Export,Kanda,Premium,3000,,
12/6/2016,Gampaha,Export,Kanda,Standard,2000,,
12/6/2016,Gampaha,Local,Peedunu,Premium,1200,,
12/6/2016,Gampaha,Local,Peedunu,Standard,1000,,
12/6/2016,Gampaha,Local,Keti,Premium,700,,
12/6/2016,Gampaha,Local,Keti,Standard,500,,
12/6/2016,Gampaha,Local,Korikan,Premium,150,,
12/6/2016,Gampaha,Local,Korikan,Standard,100,,
12/14/2016,Kurunegala,Export,Peedunu,Premium,2500,,
12/14/2016,Kurunegala,Export,Peedunu,Standard,500,,
12/14/2016,Kurunegala,Export,Kanda,Premium,2000,,
12/14/2016,Kurunegala,Export,Kanda,Standard,500,,
12/14/2016,Kurunegala,Local,Peedunu,Premium,1500,,
12/14/2016,Kurunegala,Local,Peedunu,Standard,500,,
12/14/2016,Kurunegala,Local,Keti,Premium,400,,
12/14/2016,Kurunegala,Local,Keti,Standard,200,,
12/14/2016,Kurunegala,Local,Korikan,Premium,150,,
12/14/2016,Kurunegala,Local,Korikan,Standard,100,,
12/14/2016,Gampaha,Export,Peedunu,Premium,3500,,
12/14/2016,Gampaha,Export,Peedunu,Standard,2500,,
12/14/2016,Gampaha,Export,Kanda,Premium,3000,,
12/14/2016,Gampaha,Export,Kanda,Standard,2000,,
12/14/2016,Gampaha,Local,Peedunu,Premium,1200,,
12/14/2016,Gampaha,Local,Peedunu,Standard,1000,,
12/14/2016,Gampaha,Local,Keti,Premium,700,,
12/14/2016,Gampaha,Local,Keti,Standard,500,,
12/14/2016,Gampaha,Local,Korikan,Premium,150,,
12/14/2016,Gampaha,Local,Korikan,Standard,100,,
12/20/2016,Kurunegala,Export,Peedunu,Premium,2000,,
12/20/2016,Kurunegala,Export,Peedunu,Standard,1000,,
12/20/2016,Kurunegala,Export,Kanda,Premium,2000,,
12/20/2016,Kurunegala,Export,Kanda,Standard,1000,,
12/20/2016,Kurunegala,Local,Peedunu,Premium,1500,,
12/20/2016,Kurunegala,Local,Peedunu,Standard,500,,
12/20/2016,Kurunegala,Local,Keti,Premium,500,,
12/20/2016,Kurunegala,Local,Keti,Standard,200,,
12/20/2016,Kurunegala,Local,Korikan,Premium,200,,
12/20/2016,Kurunegala,Local,Korikan,Standard,100,,
12/20/2016,Gampaha,Export,Peedunu,Premium,2500,,
12/20/2016,Gampaha,Export,Peedunu,Standard,1500,,
12/20/2016,Gampaha,Export,Kanda,Premium,2000,,
12/20/2016,Gampaha,Export,Kanda,Standard,1500,,
12/20/2016,Gampaha,Local,Peedunu,Premium,1200,,
12/20/2016,Gampaha,Local,Peedunu,Standard,1000,,
12/20/2016,Gampaha,Local,Keti,Premium,800,,
12/20/2016,Gampaha,Local,Keti,Standard,700,,
12/20/2016,Gampaha,Local,Korikan,Premium,200,,
12/20/2016,Gampaha,Local,Korikan,Standard,100,,
12/27/2016,Kurunegala,Export,Peedunu,Premium,2000,,
12/27/2016,Kurunegala,Export,Peedunu,Standard,1000,,
12/27/2016,Kurunegala,Export,Kanda,Premium,2500,,
12/27/2016,Kurunegala,Export,Kanda,Standard,1000,,
12/27/2016,Kurunegala,Local,Peedunu,Premium,1500,,
12/27/2016,Kurunegala,Local,Peedunu,Standard,500,,
12/27/2016,Kurunegala,Local,Keti,Premium,500,,
12/27/2016,Kurunegala,Local,Keti,Standard,300,,
12/27/2016,Kurunegala,Local,Korikan,Premium,200,,
12/27/2016,Kurunegala,Local,Korikan,Standard,100,,
12/27/2016,Gampaha,Export,Peedunu,Premium,1500,,
12/27/2016,Gampaha,Export,Peedunu,Standard,1000,,
12/27/2016,Gampaha,Export,Kanda,Premium,1300,,
12/27/2016,Gampaha,Export,Kanda,Standard,1000,,
12/27/2016,Gampaha,Local,Peedunu,Premium,1200,,
12/27/2016,Gampaha,Local,Peedunu,Standard,800,,
12/27/2016,Gampaha,Local,Keti,Premium,800,,
12/27/2016,Gampaha,Local,Keti,Standard,500,,
12/27/2016,Gampaha,Local,Korikan,Premium,200,,
12/27/2016,Gampaha,Local,Korikan,Standard,100,,
1/3/2017,Kurunegala,Export,Peedunu,Premium,2000,,
1/3/2017,Kurunegala,Export,Peedunu,Standard,1000,,
1/3/2017,Kurunegala,Export,Kanda,Premium,2000,,
1/3/2017,Kurunegala,Export,Kanda,Standard,1000,,
1/3/2017,Kurunegala,Local,Peedunu,Premium,1000,,
1/3/2017,Kurunegala,Local,Peedunu,Standard,400,,
1/3/2017,Kurunegala,Local,Keti,Premium,300,,
1/3/2017,Kurunegala,Local,Keti,Standard,200,,
1/3/2017,Kurunegala,Local,Korikan,Premium,100,,
1/3/2017,Kurunegala,Local,Korikan,Standard,50,,
1/3/2017,Gampaha,Export,Peedunu,Premium,2000,,
1/3/2017,Gampaha,Export,Peedunu,Standard,1000,,
1/3/2017,Gampaha,Export,Kanda,Premium,1500,,
1/3/2017,Gampaha,Export,Kanda,Standard,1000,,
1/3/2017,Gampaha,Local,Peedunu,Premium,1000,,
1/3/2017,Gampaha,Local,Peedunu,Standard,700,,
1/3/2017,Gampaha,Local,Keti,Premium,500,,
1/3/2017,Gampaha,Local,Keti,Standard,200,,
1/3/2017,Gampaha,Local,Korikan,Premium,100,,
1/3/2017,Gampaha,Local,Korikan,Standard,50,,
1/10/2017,Kurunegala,Export,Peedunu,Premium,1500,,
1/10/2017,Kurunegala,Export,Peedunu,Standard,1000,,
1/10/2017,Kurunegala,Export,Kanda,Premium,2000,,
1/10/2017,Kurunegala,Export,Kanda,Standard,1000,,
1/10/2017,Kurunegala,Local,Peedunu,Premium,1500,,
1/10/2017,Kurunegala,Local,Peedunu,Standard,800,,
1/10/2017,Kurunegala,Local,Keti,Premium,400,,
1/10/2017,Kurunegala,Local,Keti,Standard,250,,
1/10/2017,Kurunegala,Local,Korikan,Premium,200,,
1/10/2017,Kurunegala,Local,Korikan,Standard,100,,
1/10/2017,Gampaha,Export,Peedunu,Premium,2500,,
1/10/2017,Gampaha,Export,Peedunu,Standard,1500,,
1/10/2017,Gampaha,Export,Kanda,Premium,2500,,
1/10/2017,Gampaha,Export,Kanda,Standard,1500,,
1/10/2017,Gampaha,Local,Peedunu,Premium,1500,,
1/10/2017,Gampaha,Local,Peedunu,Standard,1000,,
1/10/2017,Gampaha,Local,Keti,Premium,800,,
1/10/2017,Gampaha,Local,Keti,Standard,600,,
1/10/2017,Gampaha,Local,Korikan,Premium,200,,
1/10/2017,Gampaha,Local,Korikan,Standard,100,,
1/17/2017,Kurunegala,Export,Peedunu,Premium,3000,,
1/17/2017,Kurunegala,Export,Peedunu,Standard,2000,,
1/17/2017,Kurunegala,Export,Kanda,Premium,3000,,
1/17/2017,Kurunegala,Export,Kanda,Standard,2000,,
1/17/2017,Kurunegala,Local,Peedunu,Premium,2000,,
1/17/2017,Kurunegala,Local,Peedunu,Standard,1000,,
1/17/2017,Kurunegala,Local,Keti,Premium,500,,
1/17/2017,Kurunegala,Local,Keti,Standard,250,,
1/17/2017,Kurunegala,Local,Korikan,Premium,300,,
1/17/2017,Kurunegala,Local,Korikan,Standard,150,,
1/17/2017,Gampaha,Export,Peedunu,Premium,3000,,
1/17/2017,Gampaha,Export,Peedunu,Standard,2000,,
1/17/2017,Gampaha,Export,Kanda,Premium,3000,,
1/17/2017,Gampaha,Export,Kanda,Standard,2000,,
1/17/2017,Gampaha,Local,Peedunu,Premium,2000,,
1/17/2017,Gampaha,Local,Peedunu,Standard,1600,,
1/17/2017,Gampaha,Local,Keti,Premium,1500,,
1/17/2017,Gampaha,Local,Keti,Standard,1000,,
1/17/2017,Gampaha,Local,Korikan,Premium,300,,
1/17/2017,Gampaha,Local,Korikan,Standard,300,,
1/24/2017,Kurunegala,Export,Peedunu,Premium,2000,,
1/24/2017,Kurunegala,Export,Peedunu,Standard,1500,,
1/24/2017,Kurunegala,Export,Kanda,Premium,2500,,
1/24/2017,Kurunegala,Export,Kanda,Standard,2000,,
1/24/2017,Kurunegala,Local,Peedunu,Premium,1500,,
1/24/2017,Kurunegala,Local,Peedunu,Standard,1000,,
1/24/2017,Kurunegala,Local,Keti,Premium,800,,
1/24/2017,Kurunegala,Local,Keti,Standard,400,,
1/24/2017,Kurunegala,Local,Korikan,Premium,200,,
1/24/2017,Kurunegala,Local,Korikan,Standard,100,,
1/24/2017,Gampaha,Export,Peedunu,Premium,2000,,
1/24/2017,Gampaha,Export,Peedunu,Standard,1500,,
1/24/2017,Gampaha,Export,Kanda,Premium,2000,,
1/24/2017,Gampaha,Export,Kanda,Standard,1500,,
1/24/2017,Gampaha,Local,Peedunu,Premium,1500,,
1/24/2017,Gampaha,Local,Peedunu,Standard,1000,,
1/24/2017,Gampaha,Local,Keti,Premium,700,,
1/24/2017,Gampaha,Local,Keti,Standard,600,,
1/24/2017,Gampaha,Local,Korikan,Premium,200,,
1/24/2017,Gampaha,Local,Korikan,Standard,100,,
1/31/2017,Kurunegala,Export,Peedunu,Premium,1500,,
1/31/2017,Kurunegala,Export,Peedunu,Standard,1000,,
1/31/2017,Kurunegala,Export,Kanda,Premium,2000,,
1/31/2017,Kurunegala,Export,Kanda,Standard,1500,,
1/31/2017,Kurunegala,Local,Peedunu,Premium,1500,,
1/31/2017,Kurunegala,Local,Peedunu,Standard,800,,
1/31/2017,Kurunegala,Local,Keti,Premium,800,,
1/31/2017,Kurunegala,Local,Keti,Standard,400,,
1/31/2017,Kurunegala,Local,Korikan,Premium,200,,
1/31/2017,Kurunegala,Local,Korikan,Standard,100,,
1/31/2017,Gampaha,Export,Peedunu,Premium,2000,,
1/31/2017,Gampaha,Export,Peedunu,Standard,1200,,
1/31/2017,Gampaha,Export,Kanda,Premium,1800,,
1/31/2017,Gampaha,Export,Kanda,Standard,1000,,
1/31/2017,Gampaha,Local,Peedunu,Premium,1200,,
1/31/2017,Gampaha,Local,Peedunu,Standard,700,,
1/31/2017,Gampaha,Local,Keti,Premium,600,,
1/31/2017,Gampaha,Local,Keti,Standard,500,,
1/31/2017,Gampaha,Local,Korikan,Premium,200,,
1/31/2017,Gampaha,Local,Korikan,Standard,100,,
2/7/2017,Kurunegala,Export,Peedunu,Premium,2000,,
2/7/2017,Kurunegala,Export,Peedunu,Standard,1000,,
2/7/2017,Kurunegala,Export,Kanda,Premium,2500,,
2/7/2017,Kurunegala,Export,Kanda,Standard,1500,,
2/7/2017,Kurunegala,Local,Peedunu,Premium,1500,,
2/7/2017,Kurunegala,Local,Peedunu,Standard,800,,
2/7/2017,Kurunegala,Local,Keti,Premium,800,,
2/7/2017,Kurunegala,Local,Keti,Standard,450,,
2/7/2017,Kurunegala,Local,Korikan,Premium,200,,
2/7/2017,Kurunegala,Local,Korikan,Standard,100,,
2/7/2017,Gampaha,Export,Peedunu,Premium,4000,,
2/7/2017,Gampaha,Export,Peedunu,Standard,1800,,
2/7/2017,Gampaha,Export,Kanda,Premium,3000,,
2/7/2017,Gampaha,Export,Kanda,Standard,1800,,
2/7/2017,Gampaha,Local,Peedunu,Premium,1800,,
2/7/2017,Gampaha,Local,Peedunu,Standard,1600,,
2/7/2017,Gampaha,Local,Keti,Premium,1500,,
2/7/2017,Gampaha,Local,Keti,Standard,1000,,
2/7/2017,Gampaha,Local,Korikan,Premium,600,,
2/7/2017,Gampaha,Local,Korikan,Standard,600,,
2/14/2017,Kurunegala,Export,Peedunu,Premium,2500,,
2/14/2017,Kurunegala,Export,Peedunu,Standard,1000,,
2/14/2017,Kurunegala,Export,Kanda,Premium,3000,,
2/14/2017,Kurunegala,Export,Kanda,Standard,1500,,
2/14/2017,Kurunegala,Local,Peedunu,Premium,2000,,
2/14/2017,Kurunegala,Local,Peedunu,Standard,1000,,
2/14/2017,Kurunegala,Local,Keti,Premium,850,,
2/14/2017,Kurunegala,Local,Keti,Standard,450,,
2/14/2017,Kurunegala,Local,Korikan,Premium,200,,
2/14/2017,Kurunegala,Local,Korikan,Standard,100,,
2/14/2017,Gampaha,Export,Peedunu,Premium,4500,,
2/14/2017,Gampaha,Export,Peedunu,Standard,2500,,
2/14/2017,Gampaha,Export,Kanda,Premium,4500,,
2/14/2017,Gampaha,Export,Kanda,Standard,2500,,
2/14/2017,Gampaha,Local,Peedunu,Premium,2500,,
2/14/2017,Gampaha,Local,Peedunu,Standard,1800,,
2/14/2017,Gampaha,Local,Keti,Premium,1500,,
2/14/2017,Gampaha,Local,Keti,Standard,1200,,
2/14/2017,Gampaha,Local,Korikan,Premium,600,,
2/14/2017,Gampaha,Local,Korikan,Standard,600,,
2/21/2017,Kurunegala,Export,Peedunu,Premium,5000,,
2/21/2017,Kurunegala,Export,Peedunu,Standard,2000,,
2/21/2017,Kurunegala,Export,Kanda,Premium,2000,,
2/21/2017,Kurunegala,Export,Kanda,Standard,1000,,
2/21/2017,Kurunegala,Local,Peedunu,Premium,2500,,
2/21/2017,Kurunegala,Local,Peedunu,Standard,1500,,
2/21/2017,Kurunegala,Local,Keti,Premium,800,,
2/21/2017,Kurunegala,Local,Keti,Standard,450,,
2/21/2017,Kurunegala,Local,Korikan,Premium,200,,
2/21/2017,Kurunegala,Local,Korikan,Standard,100,,
2/21/2017,Gampaha,Export,Peedunu,Premium,4500,,
2/21/2017,Gampaha,Export,Peedunu,Standard,2500,,
2/21/2017,Gampaha,Export,Kanda,Premium,4000,,
2/21/2017,Gampaha,Export,Kanda,Standard,2000,,
2/21/2017,Gampaha,Local,Peedunu,Premium,3000,,
2/21/2017,Gampaha,Local,Peedunu,Standard,2500,,
2/21/2017,Gampaha,Local,Keti,Premium,1500,,
2/21/2017,Gampaha,Local,Keti,Standard,1000,,
2/21/2017,Gampaha,Local,Korikan,Premium,800,,
2/21/2017,Gampaha,Local,Korikan,Standard,600,,
2/28/2017,Kurunegala,Export,Peedunu,Premium,5000,,
2/28/2017,Kurunegala,Export,Peedunu,Standard,2000,,
2/28/2017,Kurunegala,Export,Kanda,Premium,4000,,
2/28/2017,Kurunegala,Export,Kanda,Standard,1500,,
2/28/2017,Kurunegala,Local,Peedunu,Premium,2000,,
2/28/2017,Kurunegala,Local,Peedunu,Standard,1000,,
2/28/2017,Kurunegala,Local,Keti,Premium,800,,
2/28/2017,Kurunegala,Local,Keti,Standard,400,,
2/28/2017,Kurunegala,Local,Korikan,Premium,200,,
2/28/2017,Kurunegala,Local,Korikan,Standard,100,,
2/28/2017,Gampaha,Export,Peedunu,Premium,3500,,
2/28/2017,Gampaha,Export,Peedunu,Standard,2500,,
2/28/2017,Gampaha,Export,Kanda,Premium,3500,,
2/28/2017,Gampaha,Export,Kanda,Standard,2500,,
2/28/2017,Gampaha,Local,Peedunu,Premium,2500,,
2/28/2017,Gampaha,Local,Peedunu,Standard,2200,,
2/28/2017,Gampaha,Local,Keti,Premium,1500,,
2/28/2017,Gampaha,Local,Keti,Standard,1200,,
2/28/2017,Gampaha,Local,Korikan,Premium,600,,
2/28/2017,Gampaha,Local,Korikan,Standard,600,,
3/7/2017,Kurunegala,Export,Peedunu,Premium,1500,,
3/7/2017,Kurunegala,Export,Peedunu,Standard,1000,,
3/7/2017,Kurunegala,Export,Kanda,Premium,1000,,
3/7/2017,Kurunegala,Export,Kanda,Standard,500,,
3/7/2017,Kurunegala,Local,Peedunu,Premium,1000,,
3/7/2017,Kurunegala,Local,Peedunu,Standard,800,,
3/7/2017,Kurunegala,Local,Keti,Premium,400,,
3/7/2017,Kurunegala,Local,Keti,Standard,200,,
3/7/2017,Kurunegala,Local,Korikan,Premium,200,,
3/7/2017,Kurunegala,Local,Korikan,Standard,100,,
3/7/2017,Gampaha,Export,Peedunu,Premium,3500,,
3/7/2017,Gampaha,Export,Peedunu,Standard,2000,,
3/7/2017,Gampaha,Export,Kanda,Premium,2500,,
3/7/2017,Gampaha,Export,Kanda,Standard,2000,,
3/7/2017,Gampaha,Local,Peedunu,Premium,1800,,
3/7/2017,Gampaha,Local,Peedunu,Standard,1600,,
3/7/2017,Gampaha,Local,Keti,Premium,700,,
3/7/2017,Gampaha,Local,Keti,Standard,600,,
3/7/2017,Gampaha,Local,Korikan,Premium,200,,
3/7/2017,Gampaha,Local,Korikan,Standard,200,,
3/14/2017,Kurunegala,Export,Peedunu,Premium,1400,,
3/14/2017,Kurunegala,Export,Peedunu,Standard,1000,,
3/14/2017,Kurunegala,Export,Kanda,Premium,1000,,
3/14/2017,Kurunegala,Export,Kanda,Standard,500,,
3/14/2017,Kurunegala,Local,Peedunu,Premium,1000,,
3/14/2017,Kurunegala,Local,Peedunu,Standard,800,,
3/14/2017,Kurunegala,Local,Keti,Premium,400,,
3/14/2017,Kurunegala,Local,Keti,Standard,200,,
3/14/2017,Kurunegala,Local,Korikan,Premium,200,,
3/14/2017,Kurunegala,Local,Korikan,Standard,100,,
3/14/2017,Gampaha,Export,Peedunu,Premium,3000,,
3/14/2017,Gampaha,Export,Peedunu,Standard,1500,,
3/14/2017,Gampaha,Export,Kanda,Premium,1200,,
3/14/2017,Gampaha,Export,Kanda,Standard,800,,
3/14/2017,Gampaha,Local,Peedunu,Premium,2200,,
3/14/2017,Gampaha,Local,Peedunu,Standard,2000,,
3/14/2017,Gampaha,Local,Keti,Premium,1200,,
3/14/2017,Gampaha,Local,Keti,Standard,1000,,
3/14/2017,Gampaha,Local,Korikan,Premium,600,,
3/14/2017,Gampaha,Local,Korikan,Standard,600,,
3/21/2017,Kurunegala,Export,Peedunu,Premium,2500,,
3/21/2017,Kurunegala,Export,Peedunu,Standard,1500,,
3/21/2017,Kurunegala,Export,Kanda,Premium,3500,,
3/21/2017,Kurunegala,Export,Kanda,Standard,1500,,
3/21/2017,Kurunegala,Local,Peedunu,Premium,1500,,
3/21/2017,Kurunegala,Local,Peedunu,Standard,1000,,
3/21/2017,Kurunegala,Local,Keti,Premium,500,,
3/21/2017,Kurunegala,Local,Keti,Standard,250,,
3/21/2017,Kurunegala,Local,Korikan,Premium,200,,
3/21/2017,Kurunegala,Local,Korikan,Standard,100,,
3/21/2017,Gampaha,Export,Peedunu,Premium,3800,,
3/21/2017,Gampaha,Export,Peedunu,Standard,1800,,
3/21/2017,Gampaha,Export,Kanda,Premium,1500,,
3/21/2017,Gampaha,Export,Kanda,Standard,1000,,
3/21/2017,Gampaha,Local,Peedunu,Premium,1800,,
3/21/2017,Gampaha,Local,Peedunu,Standard,1500,,
3/21/2017,Gampaha,Local,Keti,Premium,600,,
3/21/2017,Gampaha,Local,Keti,Standard,500,,
3/21/2017,Gampaha,Local,Korikan,Premium,200,,
3/21/2017,Gampaha,Local,Korikan,Standard,100,,
3/28/2017,Kurunegala,Export,Peedunu,Premium,3500,,
3/28/2017,Kurunegala,Export,Peedunu,Standard,1500,,
3/28/2017,Kurunegala,Export,Kanda,Premium,4000,,
3/28/2017,Kurunegala,Export,Kanda,Standard,2000,,
3/28/2017,Kurunegala,Local,Peedunu,Premium,2000,,
3/28/2017,Kurunegala,Local,Peedunu,Standard,1500,,
3/28/2017,Kurunegala,Local,Keti,Premium,600,,
3/28/2017,Kurunegala,Local,Keti,Standard,300,,
3/28/2017,Kurunegala,Local,Korikan,Premium,200,,
3/28/2017,Kurunegala,Local,Korikan,Standard,100,,
3/28/2017,Gampaha,Export,Peedunu,Premium,4000,,
3/28/2017,Gampaha,Export,Peedunu,Standard,2000,,
3/28/2017,Gampaha,Export,Kanda,Premium,2200,,
3/28/2017,Gampaha,Export,Kanda,Standard,1200,,
3/28/2017,Gampaha,Local,Peedunu,Premium,2200,,
3/28/2017,Gampaha,Local,Peedunu,Standard,1900,,
3/28/2017,Gampaha,Local,Keti,Premium,1000,,
3/28/2017,Gampaha,Local,Keti,Standard,800,,
3/28/2017,Gampaha,Local,Korikan,Premium,280,,
3/28/2017,Gampaha,Local,Korikan,Standard,200,,
4/4/2017,Kurunegala,Export,Peedunu,Premium,3500,,
4/4/2017,Kurunegala,Export,Peedunu,Standard,1500,,
4/4/2017,Kurunegala,Export,Kanda,Premium,4000,,
4/4/2017,Kurunegala,Export,Kanda,Standard,2000,,
4/4/2017,Kurunegala,Local,Peedunu,Premium,1500,,
4/4/2017,Kurunegala,Local,Peedunu,Standard,1000,,
4/4/2017,Kurunegala,Local,Keti,Premium,500,,
4/4/2017,Kurunegala,Local,Keti,Standard,250,,
4/4/2017,Kurunegala,Local,Korikan,Premium,200,,
4/4/2017,Kurunegala,Local,Korikan,Standard,100,,
4/4/2017,Gampaha,Export,Peedunu,Premium,4000,,
4/4/2017,Gampaha,Export,Peedunu,Standard,1800,,
4/4/2017,Gampaha,Export,Kanda,Premium,2500,,
4/4/2017,Gampaha,Export,Kanda,Standard,1000,,
4/4/2017,Gampaha,Local,Peedunu,Premium,1000,,
4/4/2017,Gampaha,Local,Peedunu,Standard,800,,
4/4/2017,Gampaha,Local,Keti,Premium,600,,
4/4/2017,Gampaha,Local,Keti,Standard,500,,
4/4/2017,Gampaha,Local,Korikan,Premium,200,,
4/4/2017,Gampaha,Local,Korikan,Standard,100,,
4/18/2017,Kurunegala,Export,Peedunu,Premium,3000,,
4/18/2017,Kurunegala,Export,Peedunu,Standard,1500,,
4/18/2017,Kurunegala,Export,Kanda,Premium,4000,,
4/18/2017,Kurunegala,Export,Kanda,Standard,2000,,
4/18/2017,Kurunegala,Local,Peedunu,Premium,1500,,
4/18/2017,Kurunegala,Local,Peedunu,Standard,1000,,
4/18/2017,Kurunegala,Local,Keti,Premium,600,,
4/18/2017,Kurunegala,Local,Keti,Standard,250,,
4/18/2017,Kurunegala,Local,Korikan,Premium,200,,
4/18/2017,Kurunegala,Local,Korikan,Standard,100,,
4/18/2017,Gampaha,Export,Peedunu,Premium,3000,,
4/18/2017,Gampaha,Export,Peedunu,Standard,2000,,
4/18/2017,Gampaha,Export,Kanda,Premium,3000,,
4/18/2017,Gampaha,Export,Kanda,Standard,2000,,
4/18/2017,Gampaha,Local,Peedunu,Premium,1500,,
4/18/2017,Gampaha,Local,Peedunu,Standard,1300,,
4/18/2017,Gampaha,Local,Keti,Premium,1000,,
4/18/2017,Gampaha,Local,Keti,Standard,700,,
4/18/2017,Gampaha,Local,Korikan,Premium,200,,
4/18/2017,Gampaha,Local,Korikan,Standard,200,,
4/25/2017,Kurunegala,Export,Peedunu,Premium,1000,,
4/25/2017,Kurunegala,Export,Peedunu,Standard,500,,
4/25/2017,Kurunegala,Export,Kanda,Premium,1000,,
4/25/2017,Kurunegala,Export,Kanda,Standard,500,,
4/25/2017,Kurunegala,Local,Peedunu,Premium,400,,
4/25/2017,Kurunegala,Local,Peedunu,Standard,400,,
4/25/2017,Kurunegala,Local,Keti,Premium,100,,
4/25/2017,Kurunegala,Local,Keti,Standard,100,,
4/25/2017,Kurunegala,Local,Korikan,Premium,50,,
4/25/2017,Kurunegala,Local,Korikan,Standard,50,,
4/25/2017,Gampaha,Export,Peedunu,Premium,1500,,
4/25/2017,Gampaha,Export,Peedunu,Standard,1000,,
4/25/2017,Gampaha,Export,Kanda,Premium,1000,,
4/25/2017,Gampaha,Export,Kanda,Standard,800,,
4/25/2017,Gampaha,Local,Peedunu,Premium,800,,
4/25/2017,Gampaha,Local,Peedunu,Standard,700,,
4/25/2017,Gampaha,Local,Keti,Premium,300,,
4/25/2017,Gampaha,Local,Keti,Standard,250,,
4/25/2017,Gampaha,Local,Korikan,Premium,50,,
4/25/2017,Gampaha,Local,Korikan,Standard,50,,
5/2/2017,Kurunegala,Export,Peedunu,Premium,1500,,
5/2/2017,Kurunegala,Export,Peedunu,Standard,750,,
5/2/2017,Kurunegala,Export,Kanda,Premium,1500,,
5/2/2017,Kurunegala,Export,Kanda,Standard,750,,
5/2/2017,Kurunegala,Local,Peedunu,Premium,1500,,
5/2/2017,Kurunegala,Local,Peedunu,Standard,1500,,
5/2/2017,Kurunegala,Local,Keti,Premium,500,,
5/2/2017,Kurunegala,Local,Keti,Standard,500,,
5/2/2017,Kurunegala,Local,Korikan,Premium,300,,
5/2/2017,Kurunegala,Local,Korikan,Standard,150,,
5/2/2017,Gampaha,Export,Peedunu,Premium,1500,,
5/2/2017,Gampaha,Export,Peedunu,Standard,750,,
5/2/2017,Gampaha,Export,Kanda,Premium,1500,,
5/2/2017,Gampaha,Export,Kanda,Standard,750,,
5/2/2017,Gampaha,Local,Peedunu,Premium,1000,,
5/2/2017,Gampaha,Local,Peedunu,Standard,800,,
5/2/2017,Gampaha,Local,Keti,Premium,500,,
5/2/2017,Gampaha,Local,Keti,Standard,300,,
5/2/2017,Gampaha,Local,Korikan,Premium,300,,
5/2/2017,Gampaha,Local,Korikan,Standard,150,,
5/8/2017,Kurunegala,Export,Peedunu,Premium,1200,,
5/8/2017,Kurunegala,Export,Peedunu,Standard,1000,,
5/8/2017,Kurunegala,Export,Kanda,Premium,1000,,
5/8/2017,Kurunegala,Export,Kanda,Standard,800,,
5/8/2017,Kurunegala,Local,Peedunu,Premium,2000,,
5/8/2017,Kurunegala,Local,Peedunu,Standard,1875,,
5/8/2017,Kurunegala,Local,Keti,Premium,1000,,
5/8/2017,Kurunegala,Local,Keti,Standard,1000,,
5/8/2017,Kurunegala,Local,Korikan,Premium,500,,
5/8/2017,Kurunegala,Local,Korikan,Standard,250,,
5/8/2017,Gampaha,Export,Peedunu,Premium,1200,,
5/8/2017,Gampaha,Export,Peedunu,Standard,1000,,
5/8/2017,Gampaha,Export,Kanda,Premium,1000,,
5/8/2017,Gampaha,Export,Kanda,Standard,800,,
5/8/2017,Gampaha,Local,Peedunu,Premium,500,,
5/8/2017,Gampaha,Local,Peedunu,Standard,500,,
5/8/2017,Gampaha,Local,Keti,Premium,300,,
5/8/2017,Gampaha,Local,Keti,Standard,200,,
5/8/2017,Gampaha,Local,Korikan,Premium,300,,
5/8/2017,Gampaha,Local,Korikan,Standard,150,,
5/16/2017,Kurunegala,Export,Peedunu,Premium,1500,,
5/16/2017,Kurunegala,Export,Peedunu,Standard,1200,,
5/16/2017,Kurunegala,Export,Kanda,Premium,1500,,
5/16/2017,Kurunegala,Export,Kanda,Standard,1200,,
5/16/2017,Kurunegala,Local,Peedunu,Premium,1000,,
5/16/2017,Kurunegala,Local,Peedunu,Standard,500,,
5/16/2017,Kurunegala,Local,Keti,Premium,400,,
5/16/2017,Kurunegala,Local,Keti,Standard,100,,
5/16/2017,Kurunegala,Local,Korikan,Premium,50,,
5/16/2017,Kurunegala,Local,Korikan,Standard,50,,
5/16/2017,Gampaha,Export,Peedunu,Premium,3000,,
5/16/2017,Gampaha,Export,Peedunu,Standard,1800,,
5/16/2017,Gampaha,Export,Kanda,Premium,2000,,
5/16/2017,Gampaha,Export,Kanda,Standard,1200,,
5/16/2017,Gampaha,Local,Peedunu,Premium,2000,,
5/16/2017,Gampaha,Local,Peedunu,Standard,1500,,
5/16/2017,Gampaha,Local,Keti,Premium,800,,
5/16/2017,Gampaha,Local,Keti,Standard,600,,
5/16/2017,Gampaha,Local,Korikan,Premium,300,,
5/16/2017,Gampaha,Local,Korikan,Standard,150,,
5/23/2017,Kurunegala,Export,Peedunu,Premium,500,,
5/23/2017,Kurunegala,Export,Peedunu,Standard,300,,
5/23/2017,Kurunegala,Export,Kanda,Premium,500,,
5/23/2017,Kurunegala,Export,Kanda,Standard,300,,
5/23/2017,Kurunegala,Local,Peedunu,Premium,400,,
5/23/2017,Kurunegala,Local,Peedunu,Standard,200,,
5/23/2017,Kurunegala,Local,Keti,Premium,100,,
5/23/2017,Kurunegala,Local,Keti,Standard,50,,
5/23/2017,Kurunegala,Local,Korikan,Premium,25,,
5/23/2017,Kurunegala,Local,Korikan,Standard,20,,
5/23/2017,Gampaha,Export,Peedunu,Premium,1500,,
5/23/2017,Gampaha,Export,Peedunu,Standard,800,,
5/23/2017,Gampaha,Export,Kanda,Premium,1200,,
5/23/2017,Gampaha,Export,Kanda,Standard,1000,,
5/23/2017,Gampaha,Local,Peedunu,Premium,700,,
5/23/2017,Gampaha,Local,Peedunu,Standard,600,,
5/23/2017,Gampaha,Local,Keti,Premium,500,,
5/23/2017,Gampaha,Local,Keti,Standard,350,,
5/23/2017,Gampaha,Local,Korikan,Premium,25,,
5/23/2017,Gampaha,Local,Korikan,Standard,25,,
5/30/2017,Kurunegala,Export,Peedunu,Premium,500,,
5/30/2017,Kurunegala,Export,Peedunu,Standard,400,,
5/30/2017,Kurunegala,Export,Kanda,Premium,500,,
5/30/2017,Kurunegala,Export,Kanda,Standard,400,,
5/30/2017,Kurunegala,Local,Peedunu,Premium,400,,
5/30/2017,Kurunegala,Local,Peedunu,Standard,300,,
5/30/2017,Kurunegala,Local,Keti,Premium,100,,
5/30/2017,Kurunegala,Local,Keti,Standard,50,,
5/30/2017,Kurunegala,Local,Korikan,Premium,25,,
5/30/2017,Kurunegala,Local,Korikan,Standard,20,,
5/30/2017,Gampaha,Export,Peedunu,Premium,1800,,
5/30/2017,Gampaha,Export,Peedunu,Standard,1000,,
5/30/2017,Gampaha,Export,Kanda,Premium,1500,,
5/30/2017,Gampaha,Export,Kanda,Standard,1000,,
5/30/2017,Gampaha,Local,Peedunu,Premium,1700,,
5/30/2017,Gampaha,Local,Peedunu,Standard,1400,,
5/30/2017,Gampaha,Local,Keti,Premium,1200,,
5/30/2017,Gampaha,Local,Keti,Standard,1000,,
5/30/2017,Gampaha,Local,Korikan,Premium,25,,
5/30/2017,Gampaha,Local,Korikan,Standard,25,,
6/6/2017,Kurunegala,Export,Peedunu,Premium,2000,,
6/6/2017,Kurunegala,Export,Peedunu,Standard,1000,,
6/6/2017,Kurunegala,Export,Kanda,Premium,2000,,
6/6/2017,Kurunegala,Export,Kanda,Standard,1000,,
6/6/2017,Kurunegala,Local,Peedunu,Premium,700,,
6/6/2017,Kurunegala,Local,Peedunu,Standard,400,,
6/6/2017,Kurunegala,Local,Keti,Premium,300,,
6/6/2017,Kurunegala,Local,Keti,Standard,200,,
6/6/2017,Kurunegala,Local,Korikan,Premium,100,,
6/6/2017,Kurunegala,Local,Korikan,Standard,50,,
6/6/2017,Gampaha,Export,Peedunu,Premium,2000,,
6/6/2017,Gampaha,Export,Peedunu,Standard,1200,,
6/6/2017,Gampaha,Export,Kanda,Premium,1500,,
6/6/2017,Gampaha,Export,Kanda,Standard,1200,,
6/6/2017,Gampaha,Local,Peedunu,Premium,1200,,
6/6/2017,Gampaha,Local,Peedunu,Standard,1000,,
6/6/2017,Gampaha,Local,Keti,Premium,800,,
6/6/2017,Gampaha,Local,Keti,Standard,600,,
6/6/2017,Gampaha,Local,Korikan,Premium,100,,
6/6/2017,Gampaha,Local,Korikan,Standard,50,,
6/13/2017,Kurunegala,Export,Peedunu,Premium,4000,,
6/13/2017,Kurunegala,Export,Peedunu,Standard,2000,,
6/13/2017,Kurunegala,Export,Kanda,Premium,4000,,
6/13/2017,Kurunegala,Export,Kanda,Standard,2000,,
6/13/2017,Kurunegala,Local,Peedunu,Premium,1500,,
6/13/2017,Kurunegala,Local,Peedunu,Standard,800,,
6/13/2017,Kurunegala,Local,Keti,Premium,800,,
6/13/2017,Kurunegala,Local,Keti,Standard,400,,
6/13/2017,Kurunegala,Local,Korikan,Premium,100,,
6/13/2017,Kurunegala,Local,Korikan,Standard,50,,
6/13/2017,Gampaha,Export,Peedunu,Premium,3500,,
6/13/2017,Gampaha,Export,Peedunu,Standard,2000,,
6/13/2017,Gampaha,Export,Kanda,Premium,2500,,
6/13/2017,Gampaha,Export,Kanda,Standard,2000,,
6/13/2017,Gampaha,Local,Peedunu,Premium,1800,,
6/13/2017,Gampaha,Local,Peedunu,Standard,1500,,
6/13/2017,Gampaha,Local,Keti,Premium,1200,,
6/13/2017,Gampaha,Local,Keti,Standard,1000,,
6/13/2017,Gampaha,Local,Korikan,Premium,100,,
6/13/2017,Gampaha,Local,Korikan,Standard,50,,
6/20/2017,Kurunegala,Export,Peedunu,Premium,4000,,
6/20/2017,Kurunegala,Export,Peedunu,Standard,2000,,
6/20/2017,Kurunegala,Export,Kanda,Premium,4000,,
6/20/2017,Kurunegala,Export,Kanda,Standard,2000,,
6/20/2017,Kurunegala,Local,Peedunu,Premium,1500,,
6/20/2017,Kurunegala,Local,Peedunu,Standard,700,,
6/20/2017,Kurunegala,Local,Keti,Premium,800,,
6/20/2017,Kurunegala,Local,Keti,Standard,400,,
6/20/2017,Kurunegala,Local,Korikan,Premium,100,,
6/20/2017,Kurunegala,Local,Korikan,Standard,50,,
6/20/2017,Gampaha,Export,Peedunu,Premium,4500,,
6/20/2017,Gampaha,Export,Peedunu,Standard,3500,,
6/20/2017,Gampaha,Export,Kanda,Premium,4000,,
6/20/2017,Gampaha,Export,Kanda,Standard,3000,,
6/20/2017,Gampaha,Local,Peedunu,Premium,1000,,
6/20/2017,Gampaha,Local,Peedunu,Standard,800,,
6/20/2017,Gampaha,Local,Keti,Premium,600,,
6/20/2017,Gampaha,Local,Keti,Standard,500,,
6/20/2017,Gampaha,Local,Korikan,Premium,100,,
6/20/2017,Gampaha,Local,Korikan,Standard,50,,
6/27/2017,Kurunegala,Export,Peedunu,Premium,1000,,
6/27/2017,Kurunegala,Export,Peedunu,Standard,500,,
6/27/2017,Kurunegala,Export,Kanda,Premium,1000,,
6/27/2017,Kurunegala,Export,Kanda,Standard,500,,
6/27/2017,Kurunegala,Local,Peedunu,Premium,1000,,
6/27/2017,Kurunegala,Local,Peedunu,Standard,500,,
6/27/2017,Kurunegala,Local,Keti,Premium,400,,
6/27/2017,Kurunegala,Local,Keti,Standard,200,,
6/27/2017,Kurunegala,Local,Korikan,Premium,100,,
6/27/2017,Kurunegala,Local,Korikan,Standard,50,,
6/27/2017,Gampaha,Export,Peedunu,Premium,1500,,
6/27/2017,Gampaha,Export,Peedunu,Standard,800,,
6/27/2017,Gampaha,Export,Kanda,Premium,1500,,
6/27/2017,Gampaha,Export,Kanda,Standard,800,,
6/27/2017,Gampaha,Local,Peedunu,Premium,500,,
6/27/2017,Gampaha,Local,Peedunu,Standard,400,,
6/27/2017,Gampaha,Local,Keti,Premium,300,,
6/27/2017,Gampaha,Local,Keti,Standard,200,,
6/27/2017,Gampaha,Local,Korikan,Premium,100,,
6/27/2017,Gampaha,Local,Korikan,Standard,50,,
7/4/2017,Kurunegala,Export,Peedunu,Premium,800,,
7/4/2017,Kurunegala,Export,Peedunu,Standard,500,,
7/4/2017,Kurunegala,Export,Kanda,Premium,800,,
7/4/2017,Kurunegala,Export,Kanda,Standard,500,,
7/4/2017,Kurunegala,Local,Peedunu,Premium,800,,
7/4/2017,Kurunegala,Local,Peedunu,Standard,400,,
7/4/2017,Kurunegala,Local,Keti,Premium,300,,
7/4/2017,Kurunegala,Local,Keti,Standard,150,,
7/4/2017,Kurunegala,Local,Korikan,Premium,100,,
7/4/2017,Kurunegala,Local,Korikan,Standard,50,,
7/4/2017,Gampaha,Export,Peedunu,Premium,2200,,
7/4/2017,Gampaha,Export,Peedunu,Standard,1200,,
7/4/2017,Gampaha,Export,Kanda,Premium,1500,,
7/4/2017,Gampaha,Export,Kanda,Standard,1200,,
7/4/2017,Gampaha,Local,Peedunu,Premium,1000,,
7/4/2017,Gampaha,Local,Peedunu,Standard,800,,
7/4/2017,Gampaha,Local,Keti,Premium,600,,
7/4/2017,Gampaha,Local,Keti,Standard,500,,
7/4/2017,Gampaha,Local,Korikan,Premium,100,,
7/4/2017,Gampaha,Local,Korikan,Standard,50,,
7/11/2017,Kurunegala,Export,Peedunu,Premium,800,,
7/11/2017,Kurunegala,Export,Peedunu,Standard,500,,
7/11/2017,Kurunegala,Export,Kanda,Premium,800,,
7/11/2017,Kurunegala,Export,Kanda,Standard,500,,
7/11/2017,Kurunegala,Local,Peedunu,Premium,800,,
7/11/2017,Kurunegala,Local,Peedunu,Standard,400,,
7/11/2017,Kurunegala,Local,Keti,Premium,300,,
7/11/2017,Kurunegala,Local,Keti,Standard,100,,
7/11/2017,Kurunegala,Local,Korikan,Premium,100,,
7/11/2017,Kurunegala,Local,Korikan,Standard,50,,
7/11/2017,Gampaha,Export,Peedunu,Premium,2000,,
7/11/2017,Gampaha,Export,Peedunu,Standard,1000,,
7/11/2017,Gampaha,Export,Kanda,Premium,1500,,
7/11/2017,Gampaha,Export,Kanda,Standard,1000,,
7/11/2017,Gampaha,Local,Peedunu,Premium,700,,
7/11/2017,Gampaha,Local,Peedunu,Standard,500,,
7/11/2017,Gampaha,Local,Keti,Premium,500,,
7/11/2017,Gampaha,Local,Keti,Standard,500,,
7/11/2017,Gampaha,Local,Korikan,Premium,100,,
7/11/2017,Gampaha,Local,Korikan,Standard,50,,
7/18/2017,Kurunegala,Export,Peedunu,Premium,700,,
7/18/2017,Kurunegala,Export,Peedunu,Standard,400,,
7/18/2017,Kurunegala,Export,Kanda,Premium,500,,
7/18/2017,Kurunegala,Export,Kanda,Standard,300,,
7/18/2017,Kurunegala,Local,Peedunu,Premium,500,,
7/18/2017,Kurunegala,Local,Peedunu,Standard,300,,
7/18/2017,Kurunegala,Local,Keti,Premium,250,,
7/18/2017,Kurunegala,Local,Keti,Standard,100,,
7/18/2017,Kurunegala,Local,Korikan,Premium,100,,
7/18/2017,Kurunegala,Local,Korikan,Standard,50,,
7/18/2017,Gampaha,Export,Peedunu,Premium,1200,,
7/18/2017,Gampaha,Export,Peedunu,Standard,800,,
7/18/2017,Gampaha,Export,Kanda,Premium,1500,,
7/18/2017,Gampaha,Export,Kanda,Standard,1000,,
7/18/2017,Gampaha,Local,Peedunu,Premium,800,,
7/18/2017,Gampaha,Local,Peedunu,Standard,600,,
7/18/2017,Gampaha,Local,Keti,Premium,400,,
7/18/2017,Gampaha,Local,Keti,Standard,400,,
7/18/2017,Gampaha,Local,Korikan,Premium,100,,
7/18/2017,Gampaha,Local,Korikan,Standard,50,,
7/25/2017,Kurunegala,Export,Peedunu,Premium,700,,
7/25/2017,Kurunegala,Export,Peedunu,Standard,400,,
7/25/2017,Kurunegala,Export,Kanda,Premium,500,,
7/25/2017,Kurunegala,Export,Kanda,Standard,300,,
7/25/2017,Kurunegala,Local,Peedunu,Premium,500,,
7/25/2017,Kurunegala,Local,Peedunu,Standard,300,,
7/25/2017,Kurunegala,Local,Keti,Premium,250,,
7/25/2017,Kurunegala,Local,Keti,Standard,100,,
7/25/2017,Kurunegala,Local,Korikan,Premium,100,,
7/25/2017,Kurunegala,Local,Korikan,Standard,50,,
7/25/2017,Gampaha,Export,Peedunu,Premium,1200,,
7/25/2017,Gampaha,Export,Peedunu,Standard,600,,
7/25/2017,Gampaha,Export,Kanda,Premium,1200,,
7/25/2017,Gampaha,Export,Kanda,Standard,600,,
7/25/2017,Gampaha,Local,Peedunu,Premium,500,,
7/25/2017,Gampaha,Local,Peedunu,Standard,300,,
7/25/2017,Gampaha,Local,Keti,Premium,150,,
7/25/2017,Gampaha,Local,Keti,Standard,100,,
7/25/2017,Gampaha,Local,Korikan,Premium,50,,
7/25/2017,Gampaha,Local,Korikan,Standard,50,,
8/1/2017,Kurunegala,Export,Peedunu,Premium,650,,
8/1/2017,Kurunegala,Export,Peedunu,Standard,400,,
8/1/2017,Kurunegala,Export,Kanda,Premium,450,,
8/1/2017,Kurunegala,Export,Kanda,Standard,250,,
8/1/2017,Kurunegala,Local,Peedunu,Premium,600,,
8/1/2017,Kurunegala,Local,Peedunu,Standard,300,,
8/1/2017,Kurunegala,Local,Keti,Premium,250,,
8/1/2017,Kurunegala,Local,Keti,Standard,100,,
8/1/2017,Kurunegala,Local,Korikan,Premium,100,,
8/1/2017,Kurunegala,Local,Korikan,Standard,50,,
8/1/2017,Gampaha,Export,Peedunu,Premium,1000,,
8/1/2017,Gampaha,Export,Peedunu,Standard,800,,
8/1/2017,Gampaha,Export,Kanda,Premium,1000,,
8/1/2017,Gampaha,Export,Kanda,Standard,800,,
8/1/2017,Gampaha,Local,Peedunu,Premium,800,,
8/1/2017,Gampaha,Local,Peedunu,Standard,650,,
8/1/2017,Gampaha,Local,Keti,Premium,500,,
8/1/2017,Gampaha,Local,Keti,Standard,500,,
8/1/2017,Gampaha,Local,Korikan,Premium,50,,
8/1/2017,Gampaha,Local,Korikan,Standard,50,,
8/8/2017,Kurunegala,Export,Peedunu,Premium,800,,
8/8/2017,Kurunegala,Export,Peedunu,Standard,500,,
8/8/2017,Kurunegala,Export,Kanda,Premium,800,,
8/8/2017,Kurunegala,Export,Kanda,Standard,500,,
8/8/2017,Kurunegala,Local,Peedunu,Premium,700,,
8/8/2017,Kurunegala,Local,Peedunu,Standard,200,,
8/8/2017,Kurunegala,Local,Keti,Premium,200,,
8/8/2017,Kurunegala,Local,Keti,Standard,100,,
8/8/2017,Kurunegala,Local,Korikan,Premium,50,,
8/8/2017,Kurunegala,Local,Korikan,Standard,25,,
8/8/2017,Gampaha,Export,Peedunu,Premium,1200,,
8/8/2017,Gampaha,Export,Peedunu,Standard,800,,
8/8/2017,Gampaha,Export,Kanda,Premium,1200,,
8/8/2017,Gampaha,Export,Kanda,Standard,600,,
8/8/2017,Gampaha,Local,Peedunu,Premium,800,,
8/8/2017,Gampaha,Local,Peedunu,Standard,700,,
8/8/2017,Gampaha,Local,Keti,Premium,500,,
8/8/2017,Gampaha,Local,Keti,Standard,400,,
8/8/2017,Gampaha,Local,Korikan,Premium,50,,
8/8/2017,Gampaha,Local,Korikan,Standard,50,,
8/15/2017,Kurunegala,Export,Peedunu,Premium,1500,,
8/15/2017,Kurunegala,Export,Peedunu,Standard,800,,
8/15/2017,Kurunegala,Export,Kanda,Premium,1500,,
8/15/2017,Kurunegala,Export,Kanda,Standard,800,,
8/15/2017,Kurunegala,Local,Peedunu,Premium,1500,,
8/15/2017,Kurunegala,Local,Peedunu,Standard,500,,
8/15/2017,Kurunegala,Local,Keti,Premium,800,,
8/15/2017,Kurunegala,Local,Keti,Standard,400,,
8/15/2017,Kurunegala,Local,Korikan,Premium,200,,
8/15/2017,Kurunegala,Local,Korikan,Standard,100,,
8/15/2017,Gampaha,Export,Peedunu,Premium,1800,,
8/15/2017,Gampaha,Export,Peedunu,Standard,1000,,
8/15/2017,Gampaha,Export,Kanda,Premium,1800,,
8/15/2017,Gampaha,Export,Kanda,Standard,1000,,
8/15/2017,Gampaha,Local,Peedunu,Premium,1300,,
8/15/2017,Gampaha,Local,Peedunu,Standard,1000,,
8/15/2017,Gampaha,Local,Keti,Premium,700,,
8/15/2017,Gampaha,Local,Keti,Standard,500,,
8/15/2017,Gampaha,Local,Korikan,Premium,200,,
8/15/2017,Gampaha,Local,Korikan,Standard,100,,
8/22/2017,Kurunegala,Export,Peedunu,Premium,1500,,
8/22/2017,Kurunegala,Export,Peedunu,Standard,500,,
8/22/2017,Kurunegala,Export,Kanda,Premium,1500,,
8/22/2017,Kurunegala,Export,Kanda,Standard,500,,
8/22/2017,Kurunegala,Local,Peedunu,Premium,1500,,
8/22/2017,Kurunegala,Local,Peedunu,Standard,500,,
8/22/2017,Kurunegala,Local,Keti,Premium,800,,
8/22/2017,Kurunegala,Local,Keti,Standard,300,,
8/22/2017,Kurunegala,Local,Korikan,Premium,200,,
8/22/2017,Kurunegala,Local,Korikan,Standard,100,,
8/22/2017,Gampaha,Export,Peedunu,Premium,2000,,
8/22/2017,Gampaha,Export,Peedunu,Standard,1000,,
8/22/2017,Gampaha,Export,Kanda,Premium,1800,,
8/22/2017,Gampaha,Export,Kanda,Standard,1000,,
8/22/2017,Gampaha,Local,Peedunu,Premium,1500,,
8/22/2017,Gampaha,Local,Peedunu,Standard,1000,,
8/22/2017,Gampaha,Local,Keti,Premium,700,,
8/22/2017,Gampaha,Local,Keti,Standard,500,,
8/22/2017,Gampaha,Local,Korikan,Premium,200,,
8/22/2017,Gampaha,Local,Korikan,Standard,100,,
8/29/2017,Kurunegala,Export,Peedunu,Premium,3000,,
8/29/2017,Kurunegala,Export,Peedunu,Standard,1500,,
8/29/2017,Kurunegala,Export,Kanda,Premium,3500,,
8/29/2017,Kurunegala,Export,Kanda,Standard,1500,,
8/29/2017,Kurunegala,Local,Peedunu,Premium,1700,,
8/29/2017,Kurunegala,Local,Peedunu,Standard,1000,,
8/29/2017,Kurunegala,Local,Keti,Premium,800,,
8/29/2017,Kurunegala,Local,Keti,Standard,300,,
8/29/2017,Kurunegala,Local,Korikan,Premium,200,,
8/29/2017,Kurunegala,Local,Korikan,Standard,100,,
8/29/2017,Gampaha,Export,Peedunu,Premium,2000,,
8/29/2017,Gampaha,Export,Peedunu,Standard,1000,,
8/29/2017,Gampaha,Export,Kanda,Premium,1800,,
8/29/2017,Gampaha,Export,Kanda,Standard,1000,,
8/29/2017,Gampaha,Local,Peedunu,Premium,1500,,
8/29/2017,Gampaha,Local,Peedunu,Standard,1000,,
8/29/2017,Gampaha,Local,Keti,Premium,700,,
8/29/2017,Gampaha,Local,Keti,Standard,500,,
8/29/2017,Gampaha,Local,Korikan,Premium,200,,
8/29/2017,Gampaha,Local,Korikan,Standard,100,,
9/4/2017,Kurunegala,Export,Peedunu,Premium,4000,,
9/4/2017,Kurunegala,Export,Peedunu,Standard,2000,,
9/4/2017,Kurunegala,Export,Kanda,Premium,4000,,
9/4/2017,Kurunegala,Export,Kanda,Standard,2000,,
9/4/2017,Kurunegala,Local,Peedunu,Premium,1750,,
9/4/2017,Kurunegala,Local,Peedunu,Standard,1625,,
9/4/2017,Kurunegala,Local,Keti,Premium,1000,,
9/4/2017,Kurunegala,Local,Keti,Standard,875,,
9/4/2017,Kurunegala,Local,Korikan,Premium,500,,
9/4/2017,Kurunegala,Local,Korikan,Standard,250,,
9/4/2017,Gampaha,Export,Peedunu,Premium,4000,,
9/4/2017,Gampaha,Export,Peedunu,Standard,2000,,
9/4/2017,Gampaha,Export,Kanda,Premium,4000,,
9/4/2017,Gampaha,Export,Kanda,Standard,2000,,
9/4/2017,Gampaha,Local,Peedunu,Premium,2500,,
9/4/2017,Gampaha,Local,Peedunu,Standard,1800,,
9/4/2017,Gampaha,Local,Keti,Premium,1300,,
9/4/2017,Gampaha,Local,Keti,Standard,1000,,
9/4/2017,Gampaha,Local,Korikan,Premium,500,,
9/4/2017,Gampaha,Local,Korikan,Standard,250,,
9/12/2017,Kurunegala,Export,Peedunu,Premium,3500,,
9/12/2017,Kurunegala,Export,Peedunu,Standard,1500,,
9/12/2017,Kurunegala,Export,Kanda,Premium,4000,,
9/12/2017,Kurunegala,Export,Kanda,Standard,1500,,
9/12/2017,Kurunegala,Local,Peedunu,Premium,2000,,
9/12/2017,Kurunegala,Local,Peedunu,Standard,1000,,
9/12/2017,Kurunegala,Local,Keti,Premium,700,,
9/12/2017,Kurunegala,Local,Keti,Standard,300,,
9/12/2017,Kurunegala,Local,Korikan,Premium,200,,
9/12/2017,Kurunegala,Local,Korikan,Standard,100,,
9/12/2017,Gampaha,Export,Peedunu,Premium,4000,,
9/12/2017,Gampaha,Export,Peedunu,Standard,3000,,
9/12/2017,Gampaha,Export,Kanda,Premium,3000,,
9/12/2017,Gampaha,Export,Kanda,Standard,2000,,
9/12/2017,Gampaha,Local,Peedunu,Premium,2500,,
9/12/2017,Gampaha,Local,Peedunu,Standard,1500,,
9/12/2017,Gampaha,Local,Keti,Premium,1000,,
9/12/2017,Gampaha,Local,Keti,Standard,800,,
9/12/2017,Gampaha,Local,Korikan,Premium,500,,
9/12/2017,Gampaha,Local,Korikan,Standard,250,,
9/19/2017,Kurunegala,Export,Peedunu,Premium,4000,,
9/19/2017,Kurunegala,Export,Peedunu,Standard,2000,,
9/19/2017,Kurunegala,Export,Kanda,Premium,5000,,
9/19/2017,Kurunegala,Export,Kanda,Standard,2000,,
9/19/2017,Kurunegala,Local,Peedunu,Premium,2000,,
9/19/2017,Kurunegala,Local,Peedunu,Standard,1000,,
9/19/2017,Kurunegala,Local,Keti,Premium,800,,
9/19/2017,Kurunegala,Local,Keti,Standard,400,,
9/19/2017,Kurunegala,Local,Korikan,Premium,250,,
9/19/2017,Kurunegala,Local,Korikan,Standard,100,,
9/19/2017,Gampaha,Export,Peedunu,Premium,4000,,
9/19/2017,Gampaha,Export,Peedunu,Standard,3000,,
9/19/2017,Gampaha,Export,Kanda,Premium,3000,,
9/19/2017,Gampaha,Export,Kanda,Standard,2000,,
9/19/2017,Gampaha,Local,Peedunu,Premium,2200,,
9/19/2017,Gampaha,Local,Peedunu,Standard,1800,,
9/19/2017,Gampaha,Local,Keti,Premium,1200,,
9/19/2017,Gampaha,Local,Keti,Standard,1000,,
9/19/2017,Gampaha,Local,Korikan,Premium,500,,
9/19/2017,Gampaha,Local,Korikan,Standard,250,,
9/26/2017,Kurunegala,Export,Peedunu,Premium,3000,,
9/26/2017,Kurunegala,Export,Peedunu,Standard,1500,,
9/26/2017,Kurunegala,Export,Kanda,Premium,3500,,
9/26/2017,Kurunegala,Export,Kanda,Standard,1500,,
9/26/2017,Kurunegala,Local,Peedunu,Premium,1700,,
9/26/2017,Kurunegala,Local,Peedunu,Standard,1000,,
9/26/2017,Kurunegala,Local,Keti,Premium,800,,
9/26/2017,Kurunegala,Local,Keti,Standard,500,,
9/26/2017,Kurunegala,Local,Korikan,Premium,300,,
9/26/2017,Kurunegala,Local,Korikan,Standard,100,,
9/26/2017,Gampaha,Export,Peedunu,Premium,1800,,
9/26/2017,Gampaha,Export,Peedunu,Standard,1500,,
9/26/2017,Gampaha,Export,Kanda,Premium,1800,,
9/26/2017,Gampaha,Export,Kanda,Standard,1500,,
9/26/2017,Gampaha,Local,Peedunu,Premium,1600,,
9/26/2017,Gampaha,Local,Peedunu,Standard,1300,,
9/26/2017,Gampaha,Local,Keti,Premium,1000,,
9/26/2017,Gampaha,Local,Keti,Standard,800,,
9/26/2017,Gampaha,Local,Korikan,Premium,500,,
9/26/2017,Gampaha,Local,Korikan,Standard,250,,
10/3/2017,Kurunegala,Export,Peedunu,Premium,3000,,
10/3/2017,Kurunegala,Export,Peedunu,Standard,1500,,
10/3/2017,Kurunegala,Export,Kanda,Premium,3500,,
10/3/2017,Kurunegala,Export,Kanda,Standard,1500,,
10/3/2017,Kurunegala,Local,Peedunu,Premium,1700,,
10/3/2017,Kurunegala,Local,Peedunu,Standard,1000,,
10/3/2017,Kurunegala,Local,Keti,Premium,800,,
10/3/2017,Kurunegala,Local,Keti,Standard,500,,
10/3/2017,Kurunegala,Local,Korikan,Premium,300,,
10/3/2017,Kurunegala,Local,Korikan,Standard,100,,
10/3/2017,Gampaha,Export,Peedunu,Premium,5000,,
10/3/2017,Gampaha,Export,Peedunu,Standard,3000,,
10/3/2017,Gampaha,Export,Kanda,Premium,5000,,
10/3/2017,Gampaha,Export,Kanda,Standard,3000,,
10/3/2017,Gampaha,Local,Peedunu,Premium,2000,,
10/3/2017,Gampaha,Local,Peedunu,Standard,1500,,
10/3/2017,Gampaha,Local,Keti,Premium,1200,,
10/3/2017,Gampaha,Local,Keti,Standard,900,,
10/3/2017,Gampaha,Local,Korikan,Premium,500,,
10/3/2017,Gampaha,Local,Korikan,Standard,250,,
10/10/2017,Kurunegala,Export,Peedunu,Premium,2500,,
10/10/2017,Kurunegala,Export,Peedunu,Standard,2000,,
10/10/2017,Kurunegala,Export,Kanda,Premium,3000,,
10/10/2017,Kurunegala,Export,Kanda,Standard,2000,,
10/10/2017,Kurunegala,Local,Peedunu,Premium,1500,,
10/10/2017,Kurunegala,Local,Peedunu,Standard,800,,
10/10/2017,Kurunegala,Local,Keti,Premium,600,,
10/10/2017,Kurunegala,Local,Keti,Standard,400,,
10/10/2017,Kurunegala,Local,Korikan,Premium,200,,
10/10/2017,Kurunegala,Local,Korikan,Standard,100,,
10/10/2017,Gampaha,Export,Peedunu,Premium,3500,,
10/10/2017,Gampaha,Export,Peedunu,Standard,2000,,
10/10/2017,Gampaha,Export,Kanda,Premium,3000,,
10/10/2017,Gampaha,Export,Kanda,Standard,2000,,
10/10/2017,Gampaha,Local,Peedunu,Premium,1700,,
10/10/2017,Gampaha,Local,Peedunu,Standard,1500,,
10/10/2017,Gampaha,Local,Keti,Premium,800,,
10/10/2017,Gampaha,Local,Keti,Standard,500,,
10/10/2017,Gampaha,Local,Korikan,Premium,500,,
10/10/2017,Gampaha,Local,Korikan,Standard,250,,
10/16/2017,Kurunegala,Export,Peedunu,Premium,2500,,
10/16/2017,Kurunegala,Export,Peedunu,Standard,2000,,
10/16/2017,Kurunegala,Export,Kanda,Premium,3000,,
10/16/2017,Kurunegala,Export,Kanda,Standard,2000,,
10/16/2017,Kurunegala,Local,Peedunu,Premium,1350,,
10/16/2017,Kurunegala,Local,Peedunu,Standard,1300,,
10/16/2017,Kurunegala,Local,Keti,Premium,750,,
10/16/2017,Kurunegala,Local,Keti,Standard,750,,
10/16/2017,Kurunegala,Local,Korikan,Premium,200,,
10/16/2017,Kurunegala,Local,Korikan,Standard,100,,
10/16/2017,Gampaha,Export,Peedunu,Premium,3000,,
10/16/2017,Gampaha,Export,Peedunu,Standard,2000,,
10/16/2017,Gampaha,Export,Kanda,Premium,3000,,
10/16/2017,Gampaha,Export,Kanda,Standard,2000,,
10/16/2017,Gampaha,Local,Peedunu,Premium,1000,,
10/16/2017,Gampaha,Local,Peedunu,Standard,700,,
10/16/2017,Gampaha,Local,Keti,Premium,400,,
10/16/2017,Gampaha,Local,Keti,Standard,300,,
10/16/2017,Gampaha,Local,Korikan,Premium,400,,
10/16/2017,Gampaha,Local,Korikan,Standard,200,,
10/24/2017,Kurunegala,Export,Peedunu,Premium,3500,,
10/24/2017,Kurunegala,Export,Peedunu,Standard,2000,,
10/24/2017,Kurunegala,Export,Kanda,Premium,5000,,
10/24/2017,Kurunegala,Export,Kanda,Standard,2000,,
10/24/2017,Kurunegala,Local,Peedunu,Premium,1800,,
10/24/2017,Kurunegala,Local,Peedunu,Standard,1000,,
10/24/2017,Kurunegala,Local,Keti,Premium,600,,
10/24/2017,Kurunegala,Local,Keti,Standard,400,,
10/24/2017,Kurunegala,Local,Korikan,Premium,300,,
10/24/2017,Kurunegala,Local,Korikan,Standard,200,,
10/24/2017,Gampaha,Export,Peedunu,Premium,800,,
10/24/2017,Gampaha,Export,Peedunu,Standard,500,,
10/24/2017,Gampaha,Export,Kanda,Premium,800,,
10/24/2017,Gampaha,Export,Kanda,Standard,500,,
10/24/2017,Gampaha,Local,Peedunu,Premium,500,,
10/24/2017,Gampaha,Local,Peedunu,Standard,300,,
10/24/2017,Gampaha,Local,Keti,Premium,200,,
10/24/2017,Gampaha,Local,Keti,Standard,100,,
10/24/2017,Gampaha,Local,Korikan,Premium,200,,
10/24/2017,Gampaha,Local,Korikan,Standard,100,,
10/31/2017,Kurunegala,Export,Peedunu,Premium,3500,,
10/31/2017,Kurunegala,Export,Peedunu,Standard,2000,,
10/31/2017,Kurunegala,Export,Kanda,Premium,5000,,
10/31/2017,Kurunegala,Export,Kanda,Standard,2000,,
10/31/2017,Kurunegala,Local,Peedunu,Premium,1500,,
10/31/2017,Kurunegala,Local,Peedunu,Standard,1375,,
10/31/2017,Kurunegala,Local,Keti,Premium,750,,
10/31/2017,Kurunegala,Local,Keti,Standard,688,,
10/31/2017,Kurunegala,Local,Korikan,Premium,300,,
10/31/2017,Kurunegala,Local,Korikan,Standard,200,,
10/31/2017,Gampaha,Export,Peedunu,Premium,1000,,
10/31/2017,Gampaha,Export,Peedunu,Standard,500,,
10/31/2017,Gampaha,Export,Kanda,Premium,1000,,
10/31/2017,Gampaha,Export,Kanda,Standard,500,,
10/31/2017,Gampaha,Local,Peedunu,Premium,500,,
10/31/2017,Gampaha,Local,Peedunu,Standard,200,,
10/31/2017,Gampaha,Local,Keti,Premium,50,,
10/31/2017,Gampaha,Local,Keti,Standard,50,,
10/31/2017,Gampaha,Local,Korikan,Premium,50,,
10/31/2017,Gampaha,Local,Korikan,Standard,50,,
11/7/2017,Kurunegala,Export,Peedunu,Premium,1500,,
11/7/2017,Kurunegala,Export,Peedunu,Standard,1000,,
11/7/2017,Kurunegala,Export,Kanda,Premium,1500,,
11/7/2017,Kurunegala,Export,Kanda,Standard,1000,,
11/7/2017,Kurunegala,Local,Peedunu,Premium,1000,,
11/7/2017,Kurunegala,Local,Peedunu,Standard,500,,
11/7/2017,Kurunegala,Local,Keti,Premium,400,,
11/7/2017,Kurunegala,Local,Keti,Standard,200,,
11/7/2017,Kurunegala,Local,Korikan,Premium,100,,
11/7/2017,Kurunegala,Local,Korikan,Standard,50,,
11/7/2017,Gampaha,Export,Peedunu,Premium,1300,,
11/7/2017,Gampaha,Export,Peedunu,Standard,700,,
11/7/2017,Gampaha,Export,Kanda,Premium,1300,,
11/7/2017,Gampaha,Export,Kanda,Standard,700,,
11/7/2017,Gampaha,Local,Peedunu,Premium,900,,
11/7/2017,Gampaha,Local,Peedunu,Standard,600,,
11/7/2017,Gampaha,Local,Keti,Premium,500,,
11/7/2017,Gampaha,Local,Keti,Standard,300,,
11/7/2017,Gampaha,Local,Korikan,Premium,200,,
11/7/2017,Gampaha,Local,Korikan,Standard,100,,
11/14/2017,Kurunegala,Export,Peedunu,Premium,1000,,
11/14/2017,Kurunegala,Export,Peedunu,Standard,800,,
11/14/2017,Kurunegala,Export,Kanda,Premium,1500,,
11/14/2017,Kurunegala,Export,Kanda,Standard,1000,,
11/14/2017,Kurunegala,Local,Peedunu,Premium,800,,
11/14/2017,Kurunegala,Local,Peedunu,Standard,500,,
11/14/2017,Kurunegala,Local,Keti,Premium,400,,
11/14/2017,Kurunegala,Local,Keti,Standard,200,,
11/14/2017,Kurunegala,Local,Korikan,Premium,100,,
11/14/2017,Kurunegala,Local,Korikan,Standard,50,,
11/14/2017,Gampaha,Export,Peedunu,Premium,1000,,
11/14/2017,Gampaha,Export,Peedunu,Standard,500,,
11/14/2017,Gampaha,Export,Kanda,Premium,1000,,
11/14/2017,Gampaha,Export,Kanda,Standard,500,,
11/14/2017,Gampaha,Local,Peedunu,Premium,500,,
11/14/2017,Gampaha,Local,Peedunu,Standard,350,,
11/14/2017,Gampaha,Local,Keti,Premium,300,,
11/14/2017,Gampaha,Local,Keti,Standard,200,,
11/14/2017,Gampaha,Local,Korikan,Premium,100,,
11/14/2017,Gampaha,Local,Korikan,Standard,50,,
11/21/2017,Kurunegala,Export,Peedunu,Premium,2000,,
11/21/2017,Kurunegala,Export,Peedunu,Standard,1000,,
11/21/2017,Kurunegala,Export,Kanda,Premium,2200,,
11/21/2017,Kurunegala,Export,Kanda,Standard,1000,,
11/21/2017,Kurunegala,Local,Peedunu,Premium,600,,
11/21/2017,Kurunegala,Local,Peedunu,Standard,500,,
11/21/2017,Kurunegala,Local,Keti,Premium,300,,
11/21/2017,Kurunegala,Local,Keti,Standard,200,,
11/21/2017,Kurunegala,Local,Korikan,Premium,100,,
11/21/2017,Kurunegala,Local,Korikan,Standard,50,,
11/21/2017,Gampaha,Export,Peedunu,Premium,1500,,
11/21/2017,Gampaha,Export,Peedunu,Standard,800,,
11/21/2017,Gampaha,Export,Kanda,Premium,2000,,
11/21/2017,Gampaha,Export,Kanda,Standard,1200,,
11/21/2017,Gampaha,Local,Peedunu,Premium,700,,
11/21/2017,Gampaha,Local,Peedunu,Standard,500,,
11/21/2017,Gampaha,Local,Keti,Premium,400,,
11/21/2017,Gampaha,Local,Keti,Standard,300,,
11/21/2017,Gampaha,Local,Korikan,Premium,100,,
11/21/2017,Gampaha,Local,Korikan,Standard,50,,
11/28/2017,Kurunegala,Export,Peedunu,Premium,1500,,
11/28/2017,Kurunegala,Export,Peedunu,Standard,1000,,
11/28/2017,Kurunegala,Export,Kanda,Premium,2000,,
11/28/2017,Kurunegala,Export,Kanda,Standard,1500,,
11/28/2017,Kurunegala,Local,Peedunu,Premium,1000,,
11/28/2017,Kurunegala,Local,Peedunu,Standard,800,,
11/28/2017,Kurunegala,Local,Keti,Premium,300,,
11/28/2017,Kurunegala,Local,Keti,Standard,200,,
11/28/2017,Kurunegala,Local,Korikan,Premium,100,,
11/28/2017,Kurunegala,Local,Korikan,Standard,50,,
11/28/2017,Gampaha,Export,Peedunu,Premium,1000,,
11/28/2017,Gampaha,Export,Peedunu,Standard,600,,
11/28/2017,Gampaha,Export,Kanda,Premium,1200,,
11/28/2017,Gampaha,Export,Kanda,Standard,700,,
11/28/2017,Gampaha,Local,Peedunu,Premium,700,,
11/28/2017,Gampaha,Local,Peedunu,Standard,500,,
11/28/2017,Gampaha,Local,Keti,Premium,400,,
11/28/2017,Gampaha,Local,Keti,Standard,300,,
11/28/2017,Gampaha,Local,Korikan,Premium,100,,
11/28/2017,Gampaha,Local,Korikan,Standard,50,,
12/5/2017,Kurunegala,Export,Peedunu,Premium,1500,,
12/5/2017,Kurunegala,Export,Peedunu,Standard,1000,,
12/5/2017,Kurunegala,Export,Kanda,Premium,2000,,
12/5/2017,Kurunegala,Export,Kanda,Standard,1000,,
12/5/2017,Kurunegala,Local,Peedunu,Premium,1000,,
12/5/2017,Kurunegala,Local,Peedunu,Standard,800,,
12/5/2017,Kurunegala,Local,Keti,Premium,400,,
12/5/2017,Kurunegala,Local,Keti,Standard,200,,
12/5/2017,Kurunegala,Local,Korikan,Premium,100,,
12/5/2017,Kurunegala,Local,Korikan,Standard,50,,
12/5/2017,Gampaha,Export,Peedunu,Premium,2500,,
12/5/2017,Gampaha,Export,Peedunu,Standard,1500,,
12/5/2017,Gampaha,Export,Kanda,Premium,3000,,
12/5/2017,Gampaha,Export,Kanda,Standard,2000,,
12/5/2017,Gampaha,Local,Peedunu,Premium,900,,
12/5/2017,Gampaha,Local,Peedunu,Standard,800,,
12/5/2017,Gampaha,Local,Keti,Premium,600,,
12/5/2017,Gampaha,Local,Keti,Standard,500,,
12/5/2017,Gampaha,Local,Korikan,Premium,100,,
12/5/2017,Gampaha,Local,Korikan,Standard,50,,
12/12/2017,Kurunegala,Export,Peedunu,Premium,1500,,
12/12/2017,Kurunegala,Export,Peedunu,Standard,1000,,
12/12/2017,Kurunegala,Export,Kanda,Premium,2200,,
12/12/2017,Kurunegala,Export,Kanda,Standard,1000,,
12/12/2017,Kurunegala,Local,Peedunu,Premium,1000,,
12/12/2017,Kurunegala,Local,Peedunu,Standard,800,,
12/12/2017,Kurunegala,Local,Keti,Premium,500,,
12/12/2017,Kurunegala,Local,Keti,Standard,300,,
12/12/2017,Kurunegala,Local,Korikan,Premium,150,,
12/12/2017,Kurunegala,Local,Korikan,Standard,100,,
12/12/2017,Gampaha,Export,Peedunu,Premium,2000,,
12/12/2017,Gampaha,Export,Peedunu,Standard,1200,,
12/12/2017,Gampaha,Export,Kanda,Premium,2500,,
12/12/2017,Gampaha,Export,Kanda,Standard,1500,,
12/12/2017,Gampaha,Local,Peedunu,Premium,1000,,
12/12/2017,Gampaha,Local,Peedunu,Standard,700,,
12/12/2017,Gampaha,Local,Keti,Premium,500,,
12/12/2017,Gampaha,Local,Keti,Standard,300,,
12/12/2017,Gampaha,Local,Korikan,Premium,150,,
12/12/2017,Gampaha,Local,Korikan,Standard,100,,
12/19/2017,Kurunegala,Export,Peedunu,Premium,2000,,
12/19/2017,Kurunegala,Export,Peedunu,Standard,1000,,
12/19/2017,Kurunegala,Export,Kanda,Premium,2500,,
12/19/2017,Kurunegala,Export,Kanda,Standard,1000,,
12/19/2017,Kurunegala,Local,Peedunu,Premium,1200,,
12/19/2017,Kurunegala,Local,Peedunu,Standard,800,,
12/19/2017,Kurunegala,Local,Keti,Premium,500,,
12/19/2017,Kurunegala,Local,Keti,Standard,300,,
12/19/2017,Kurunegala,Local,Korikan,Premium,150,,
12/19/2017,Kurunegala,Local,Korikan,Standard,100,,
12/19/2017,Gampaha,Export,Peedunu,Premium,1500,,
12/19/2017,Gampaha,Export,Peedunu,Standard,1000,,
12/19/2017,Gampaha,Export,Kanda,Premium,2500,,
12/19/2017,Gampaha,Export,Kanda,Standard,1500,,
12/19/2017,Gampaha,Local,Peedunu,Premium,900,,
12/19/2017,Gampaha,Local,Peedunu,Standard,500,,
12/19/2017,Gampaha,Local,Keti,Premium,500,,
12/19/2017,Gampaha,Local,Keti,Standard,300,,
12/19/2017,Gampaha,Local,Korikan,Premium,150,,
12/19/2017,Gampaha,Local,Korikan,Standard,100,,
12/26/2017,Kurunegala,Export,Peedunu,Premium,2000,,
12/26/2017,Kurunegala,Export,Peedunu,Standard,1000,,
12/26/2017,Kurunegala,Export,Kanda,Premium,2500,,
12/26/2017,Kurunegala,Export,Kanda,Standard,1000,,
12/26/2017,Kurunegala,Local,Peedunu,Premium,1200,,
12/26/2017,Kurunegala,Local,Peedunu,Standard,800,,
12/26/2017,Kurunegala,Local,Keti,Premium,500,,
12/26/2017,Kurunegala,Local,Keti,Standard,300,,
12/26/2017,Kurunegala,Local,Korikan,Premium,150,,
12/26/2017,Kurunegala,Local,Korikan,Standard,100,,
12/26/2017,Gampaha,Export,Peedunu,Premium,1500,,
12/26/2017,Gampaha,Export,Peedunu,Standard,1000,,
12/26/2017,Gampaha,Export,Kanda,Premium,2500,,
12/26/2017,Gampaha,Export,Kanda,Standard,1500,,
12/26/2017,Gampaha,Local,Peedunu,Premium,900,,
12/26/2017,Gampaha,Local,Peedunu,Standard,500,,
12/26/2017,Gampaha,Local,Keti,Premium,500,,
12/26/2017,Gampaha,Local,Keti,Standard,300,,
12/26/2017,Gampaha,Local,Korikan,Premium,150,,
12/26/2017,Gampaha,Local,Korikan,Standard,100,,
1/3/2018,Kurunegala,Export,Peedunu,Premium,4000,,
1/3/2018,Kurunegala,Export,Peedunu,Standard,1500,,
1/3/2018,Kurunegala,Export,Kanda,Premium,3000,,
1/3/2018,Kurunegala,Export,Kanda,Standard,1500,,
1/3/2018,Kurunegala,Local,Peedunu,Premium,2000,,
1/3/2018,Kurunegala,Local,Peedunu,Standard,1000,,
1/3/2018,Kurunegala,Local,Keti,Premium,700,,
1/3/2018,Kurunegala,Local,Keti,Standard,400,,
1/3/2018,Kurunegala,Local,Korikan,Premium,250,,
1/3/2018,Kurunegala,Local,Korikan,Standard,100,,
1/3/2018,Gampaha,Export,Peedunu,Premium,4500,,
1/3/2018,Gampaha,Export,Peedunu,Standard,2500,,
1/3/2018,Gampaha,Export,Kanda,Premium,4500,,
1/3/2018,Gampaha,Export,Kanda,Standard,2500,,
1/3/2018,Gampaha,Local,Peedunu,Premium,2500,,
1/3/2018,Gampaha,Local,Peedunu,Standard,1800,,
1/3/2018,Gampaha,Local,Keti,Premium,1200,,
1/3/2018,Gampaha,Local,Keti,Standard,1000,,
1/3/2018,Gampaha,Local,Korikan,Premium,250,,
1/3/2018,Gampaha,Local,Korikan,Standard,100,,
1/9/2018,Kurunegala,Export,Peedunu,Premium,4500,,
1/9/2018,Kurunegala,Export,Peedunu,Standard,1500,,
1/9/2018,Kurunegala,Export,Kanda,Premium,4000,,
1/9/2018,Kurunegala,Export,Kanda,Standard,1500,,
1/9/2018,Kurunegala,Local,Peedunu,Premium,2000,,
1/9/2018,Kurunegala,Local,Peedunu,Standard,1000,,
1/9/2018,Kurunegala,Local,Keti,Premium,800,,
1/9/2018,Kurunegala,Local,Keti,Standard,400,,
1/9/2018,Kurunegala,Local,Korikan,Premium,250,,
1/9/2018,Kurunegala,Local,Korikan,Standard,150,,
1/9/2018,Gampaha,Export,Peedunu,Premium,4500,,
1/9/2018,Gampaha,Export,Peedunu,Standard,2500,,
1/9/2018,Gampaha,Export,Kanda,Premium,3500,,
1/9/2018,Gampaha,Export,Kanda,Standard,2500,,
1/9/2018,Gampaha,Local,Peedunu,Premium,2000,,
1/9/2018,Gampaha,Local,Peedunu,Standard,1800,,
1/9/2018,Gampaha,Local,Keti,Premium,800,,
1/9/2018,Gampaha,Local,Keti,Standard,500,,
1/9/2018,Gampaha,Local,Korikan,Premium,150,,
1/9/2018,Gampaha,Local,Korikan,Standard,150,,
1/16/2018,Kurunegala,Export,Peedunu,Premium,5000,,
1/16/2018,Kurunegala,Export,Peedunu,Standard,1500,,
1/16/2018,Kurunegala,Export,Kanda,Premium,4000,,
1/16/2018,Kurunegala,Export,Kanda,Standard,1500,,
1/16/2018,Kurunegala,Local,Peedunu,Premium,2000,,
1/16/2018,Kurunegala,Local,Peedunu,Standard,1000,,
1/16/2018,Kurunegala,Local,Keti,Premium,800,,
1/16/2018,Kurunegala,Local,Keti,Standard,400,,
1/16/2018,Kurunegala,Local,Korikan,Premium,250,,
1/16/2018,Kurunegala,Local,Korikan,Standard,150,,
1/16/2018,Gampaha,Export,Peedunu,Premium,3500,,
1/16/2018,Gampaha,Export,Peedunu,Standard,2000,,
1/16/2018,Gampaha,Export,Kanda,Premium,3000,,
1/16/2018,Gampaha,Export,Kanda,Standard,2000,,
1/16/2018,Gampaha,Local,Peedunu,Premium,1500,,
1/16/2018,Gampaha,Local,Peedunu,Standard,1200,,
1/16/2018,Gampaha,Local,Keti,Premium,600,,
1/16/2018,Gampaha,Local,Keti,Standard,500,,
1/16/2018,Gampaha,Local,Korikan,Premium,250,,
1/16/2018,Gampaha,Local,Korikan,Standard,150,,
1/23/2018,Kurunegala,Export,Peedunu,Premium,5000,,
1/23/2018,Kurunegala,Export,Peedunu,Standard,2000,,
1/23/2018,Kurunegala,Export,Kanda,Premium,4000,,
1/23/2018,Kurunegala,Export,Kanda,Standard,1500,,
1/23/2018,Kurunegala,Local,Peedunu,Premium,2500,,
1/23/2018,Kurunegala,Local,Peedunu,Standard,1500,,
1/23/2018,Kurunegala,Local,Keti,Premium,1000,,
1/23/2018,Kurunegala,Local,Keti,Standard,500,,
1/23/2018,Kurunegala,Local,Korikan,Premium,500,,
1/23/2018,Kurunegala,Local,Korikan,Standard,200,,
1/23/2018,Gampaha,Export,Peedunu,Premium,4000,,
1/23/2018,Gampaha,Export,Peedunu,Standard,2500,,
1/23/2018,Gampaha,Export,Kanda,Premium,3000,,
1/23/2018,Gampaha,Export,Kanda,Standard,2500,,
1/23/2018,Gampaha,Local,Peedunu,Premium,2000,,
1/23/2018,Gampaha,Local,Peedunu,Standard,1800,,
1/23/2018,Gampaha,Local,Keti,Premium,1200,,
1/23/2018,Gampaha,Local,Keti,Standard,1000,,
1/23/2018,Gampaha,Local,Korikan,Premium,500,,
1/23/2018,Gampaha,Local,Korikan,Standard,200,,
1/29/2018,Kurunegala,Export,Peedunu,Premium,5000,,
1/29/2018,Kurunegala,Export,Peedunu,Standard,2000,,
1/29/2018,Kurunegala,Export,Kanda,Premium,4000,,
1/29/2018,Kurunegala,Export,Kanda,Standard,1500,,
1/29/2018,Kurunegala,Local,Peedunu,Premium,1500,,
1/29/2018,Kurunegala,Local,Peedunu,Standard,1400,,
1/29/2018,Kurunegala,Local,Keti,Premium,900,,
1/29/2018,Kurunegala,Local,Keti,Standard,850,,
1/29/2018,Kurunegala,Local,Korikan,Premium,500,,
1/29/2018,Kurunegala,Local,Korikan,Standard,200,,
1/29/2018,Gampaha,Export,Peedunu,Premium,3200,,
1/29/2018,Gampaha,Export,Peedunu,Standard,2800,,
1/29/2018,Gampaha,Export,Kanda,Premium,3000,,
1/29/2018,Gampaha,Export,Kanda,Standard,2500,,
1/29/2018,Gampaha,Local,Peedunu,Premium,1800,,
1/29/2018,Gampaha,Local,Peedunu,Standard,1500,,
1/29/2018,Gampaha,Local,Keti,Premium,1200,,
1/29/2018,Gampaha,Local,Keti,Standard,800,,
1/29/2018,Gampaha,Local,Korikan,Premium,300,,
1/29/2018,Gampaha,Local,Korikan,Standard,300,,
2/6/2018,Kurunegala,Export,Peedunu,Premium,4500,,
2/6/2018,Kurunegala,Export,Peedunu,Standard,2000,,
2/6/2018,Kurunegala,Export,Kanda,Premium,4000,,
2/6/2018,Kurunegala,Export,Kanda,Standard,2000,,
2/6/2018,Kurunegala,Local,Peedunu,Premium,2000,,
2/6/2018,Kurunegala,Local,Peedunu,Standard,1000,,
2/6/2018,Kurunegala,Local,Keti,Premium,800,,
2/6/2018,Kurunegala,Local,Keti,Standard,500,,
2/6/2018,Kurunegala,Local,Korikan,Premium,400,,
2/6/2018,Kurunegala,Local,Korikan,Standard,200,,
2/6/2018,Gampaha,Export,Peedunu,Premium,4000,,
2/6/2018,Gampaha,Export,Peedunu,Standard,3000,,
2/6/2018,Gampaha,Export,Kanda,Premium,3000,,
2/6/2018,Gampaha,Export,Kanda,Standard,2500,,
2/6/2018,Gampaha,Local,Peedunu,Premium,2000,,
2/6/2018,Gampaha,Local,Peedunu,Standard,1500,,
2/6/2018,Gampaha,Local,Keti,Premium,1200,,
2/6/2018,Gampaha,Local,Keti,Standard,800,,
2/6/2018,Gampaha,Local,Korikan,Premium,500,,
2/6/2018,Gampaha,Local,Korikan,Standard,500,,
2/12/2018,Kurunegala,Export,Peedunu,Premium,4500,,
2/12/2018,Kurunegala,Export,Peedunu,Standard,2000,,
2/12/2018,Kurunegala,Export,Kanda,Premium,4000,,
2/12/2018,Kurunegala,Export,Kanda,Standard,2000,,
2/12/2018,Kurunegala,Local,Peedunu,Premium,2250,,
2/12/2018,Kurunegala,Local,Peedunu,Standard,2225,,
2/12/2018,Kurunegala,Local,Keti,Premium,1000,,
2/12/2018,Kurunegala,Local,Keti,Standard,950,,
2/12/2018,Kurunegala,Local,Korikan,Premium,400,,
2/12/2018,Kurunegala,Local,Korikan,Standard,200,,
2/12/2018,Gampaha,Export,Peedunu,Premium,4500,,
2/12/2018,Gampaha,Export,Peedunu,Standard,3000,,
2/12/2018,Gampaha,Export,Kanda,Premium,4500,,
2/12/2018,Gampaha,Export,Kanda,Standard,3000,,
2/12/2018,Gampaha,Local,Peedunu,Premium,2500,,
2/12/2018,Gampaha,Local,Peedunu,Standard,1700,,
2/12/2018,Gampaha,Local,Keti,Premium,1500,,
2/12/2018,Gampaha,Local,Keti,Standard,1200,,
2/12/2018,Gampaha,Local,Korikan,Premium,500,,
2/12/2018,Gampaha,Local,Korikan,Standard,250,,
2/20/2018,Kurunegala,Export,Peedunu,Premium,4500,,
2/20/2018,Kurunegala,Export,Peedunu,Standard,2000,,
2/20/2018,Kurunegala,Export,Kanda,Premium,4000,,
2/20/2018,Kurunegala,Export,Kanda,Standard,2000,,
2/20/2018,Kurunegala,Local,Peedunu,Premium,2000,,
2/20/2018,Kurunegala,Local,Peedunu,Standard,1000,,
2/20/2018,Kurunegala,Local,Keti,Premium,800,,
2/20/2018,Kurunegala,Local,Keti,Standard,500,,
2/20/2018,Kurunegala,Local,Korikan,Premium,400,,
2/20/2018,Kurunegala,Local,Korikan,Standard,200,,
2/20/2018,Gampaha,Export,Peedunu,Premium,4500,,
2/20/2018,Gampaha,Export,Peedunu,Standard,2500,,
2/20/2018,Gampaha,Export,Kanda,Premium,4500,,
2/20/2018,Gampaha,Export,Kanda,Standard,2500,,
2/20/2018,Gampaha,Local,Peedunu,Premium,2500,,
2/20/2018,Gampaha,Local,Peedunu,Standard,1800,,
2/20/2018,Gampaha,Local,Keti,Premium,1200,,
2/20/2018,Gampaha,Local,Keti,Standard,1000,,
2/20/2018,Gampaha,Local,Korikan,Premium,400,,
2/20/2018,Gampaha,Local,Korikan,Standard,300,,
2/27/2018,Kurunegala,Export,Peedunu,Premium,6500,,
2/27/2018,Kurunegala,Export,Peedunu,Standard,2000,,
2/27/2018,Kurunegala,Export,Kanda,Premium,7500,,
2/27/2018,Kurunegala,Export,Kanda,Standard,2000,,
2/27/2018,Kurunegala,Local,Peedunu,Premium,3000,,
2/27/2018,Kurunegala,Local,Peedunu,Standard,1500,,
2/27/2018,Kurunegala,Local,Keti,Premium,2000,,
2/27/2018,Kurunegala,Local,Keti,Standard,500,,
2/27/2018,Kurunegala,Local,Korikan,Premium,400,,
2/27/2018,Kurunegala,Local,Korikan,Standard,200,,
2/27/2018,Gampaha,Export,Peedunu,Premium,5000,,
2/27/2018,Gampaha,Export,Peedunu,Standard,3000,,
2/27/2018,Gampaha,Export,Kanda,Premium,5000,,
2/27/2018,Gampaha,Export,Kanda,Standard,3000,,
2/27/2018,Gampaha,Local,Peedunu,Premium,3000,,
2/27/2018,Gampaha,Local,Peedunu,Standard,2300,,
2/27/2018,Gampaha,Local,Keti,Premium,1800,,
2/27/2018,Gampaha,Local,Keti,Standard,1500,,
2/27/2018,Gampaha,Local,Korikan,Premium,450,,
2/27/2018,Gampaha,Local,Korikan,Standard,200,,
3/6/2018,Kurunegala,Export,Peedunu,Premium,3500,,
3/6/2018,Kurunegala,Export,Peedunu,Standard,2000,,
3/6/2018,Kurunegala,Export,Kanda,Premium,4000,,
3/6/2018,Kurunegala,Export,Kanda,Standard,2000,,
3/6/2018,Kurunegala,Local,Peedunu,Premium,2500,,
3/6/2018,Kurunegala,Local,Peedunu,Standard,1500,,
3/6/2018,Kurunegala,Local,Keti,Premium,1000,,
3/6/2018,Kurunegala,Local,Keti,Standard,500,,
3/6/2018,Kurunegala,Local,Korikan,Premium,300,,
3/6/2018,Kurunegala,Local,Korikan,Standard,150,,
3/6/2018,Gampaha,Export,Peedunu,Premium,5000,,
3/6/2018,Gampaha,Export,Peedunu,Standard,3000,,
3/6/2018,Gampaha,Export,Kanda,Premium,5000,,
3/6/2018,Gampaha,Export,Kanda,Standard,3000,,
3/6/2018,Gampaha,Local,Peedunu,Premium,2800,,
3/6/2018,Gampaha,Local,Peedunu,Standard,2000,,
3/6/2018,Gampaha,Local,Keti,Premium,1400,,
3/6/2018,Gampaha,Local,Keti,Standard,1200,,
3/6/2018,Gampaha,Local,Korikan,Premium,300,,
3/6/2018,Gampaha,Local,Korikan,Standard,300,,
3/13/2018,Kurunegala,Export,Peedunu,Premium,4500,,
3/13/2018,Kurunegala,Export,Peedunu,Standard,2000,,
3/13/2018,Kurunegala,Export,Kanda,Premium,4500,,
3/13/2018,Kurunegala,Export,Kanda,Standard,2000,,
3/13/2018,Kurunegala,Local,Peedunu,Premium,2500,,
3/13/2018,Kurunegala,Local,Peedunu,Standard,1500,,
3/13/2018,Kurunegala,Local,Keti,Premium,1000,,
3/13/2018,Kurunegala,Local,Keti,Standard,500,,
3/13/2018,Kurunegala,Local,Korikan,Premium,300,,
3/13/2018,Kurunegala,Local,Korikan,Standard,150,,
3/13/2018,Gampaha,Export,Peedunu,Premium,3500,,
3/13/2018,Gampaha,Export,Peedunu,Standard,2500,,
3/13/2018,Gampaha,Export,Kanda,Premium,2000,,
3/13/2018,Gampaha,Export,Kanda,Standard,1000,,
3/13/2018,Gampaha,Local,Peedunu,Premium,2000,,
3/13/2018,Gampaha,Local,Peedunu,Standard,1500,,
3/13/2018,Gampaha,Local,Keti,Premium,1000,,
3/13/2018,Gampaha,Local,Keti,Standard,700,,
3/13/2018,Gampaha,Local,Korikan,Premium,300,,
3/13/2018,Gampaha,Local,Korikan,Standard,300,,
3/20/2018,Kurunegala,Export,Peedunu,Premium,4500,,
3/20/2018,Kurunegala,Export,Peedunu,Standard,2000,,
3/20/2018,Kurunegala,Export,Kanda,Premium,4500,,
3/20/2018,Kurunegala,Export,Kanda,Standard,2000,,
3/20/2018,Kurunegala,Local,Peedunu,Premium,2000,,
3/20/2018,Kurunegala,Local,Peedunu,Standard,1200,,
3/20/2018,Kurunegala,Local,Keti,Premium,800,,
3/20/2018,Kurunegala,Local,Keti,Standard,500,,
3/20/2018,Kurunegala,Local,Korikan,Premium,300,,
3/20/2018,Kurunegala,Local,Korikan,Standard,150,,
3/20/2018,Gampaha,Export,Peedunu,Premium,5000,,
3/20/2018,Gampaha,Export,Peedunu,Standard,3000,,
3/20/2018,Gampaha,Export,Kanda,Premium,5000,,
3/20/2018,Gampaha,Export,Kanda,Standard,3000,,
3/20/2018,Gampaha,Local,Peedunu,Premium,2700,,
3/20/2018,Gampaha,Local,Peedunu,Standard,2000,,
3/20/2018,Gampaha,Local,Keti,Premium,1400,,
3/20/2018,Gampaha,Local,Keti,Standard,1000,,
3/20/2018,Gampaha,Local,Korikan,Premium,300,,
3/20/2018,Gampaha,Local,Korikan,Standard,300,,
3/27/2018,Kurunegala,Export,Peedunu,Premium,6500,,
3/27/2018,Kurunegala,Export,Peedunu,Standard,2000,,
3/27/2018,Kurunegala,Export,Kanda,Premium,7500,,
3/27/2018,Kurunegala,Export,Kanda,Standard,2000,,
3/27/2018,Kurunegala,Local,Peedunu,Premium,3000,,
3/27/2018,Kurunegala,Local,Peedunu,Standard,1500,,
3/27/2018,Kurunegala,Local,Keti,Premium,2000,,
3/27/2018,Kurunegala,Local,Keti,Standard,500,,
3/27/2018,Kurunegala,Local,Korikan,Premium,400,,
3/27/2018,Kurunegala,Local,Korikan,Standard,200,,
3/27/2018,Gampaha,Export,Peedunu,Premium,5000,,
3/27/2018,Gampaha,Export,Peedunu,Standard,3000,,
3/27/2018,Gampaha,Export,Kanda,Premium,5000,,
3/27/2018,Gampaha,Export,Kanda,Standard,3000,,
3/27/2018,Gampaha,Local,Peedunu,Premium,3000,,
3/27/2018,Gampaha,Local,Peedunu,Standard,2300,,
3/27/2018,Gampaha,Local,Keti,Premium,1800,,
3/27/2018,Gampaha,Local,Keti,Standard,1500,,
3/27/2018,Gampaha,Local,Korikan,Premium,450,,
3/27/2018,Gampaha,Local,Korikan,Standard,200,,
4/3/2018,Kurunegala,Export,Peedunu,Premium,7000,,
4/3/2018,Kurunegala,Export,Peedunu,Standard,2000,,
4/3/2018,Kurunegala,Export,Kanda,Premium,7000,,
4/3/2018,Kurunegala,Export,Kanda,Standard,2000,,
4/3/2018,Kurunegala,Local,Peedunu,Premium,3000,,
4/3/2018,Kurunegala,Local,Peedunu,Standard,1500,,
4/3/2018,Kurunegala,Local,Keti,Premium,1500,,
4/3/2018,Kurunegala,Local,Keti,Standard,500,,
4/3/2018,Kurunegala,Local,Korikan,Premium,400,,
4/3/2018,Kurunegala,Local,Korikan,Standard,200,,
4/3/2018,Gampaha,Export,Peedunu,Premium,5000,,
4/3/2018,Gampaha,Export,Peedunu,Standard,3000,,
4/3/2018,Gampaha,Export,Kanda,Premium,5000,,
4/3/2018,Gampaha,Export,Kanda,Standard,3000,,
4/3/2018,Gampaha,Local,Peedunu,Premium,3500,,
4/3/2018,Gampaha,Local,Peedunu,Standard,2500,,
4/3/2018,Gampaha,Local,Keti,Premium,1800,,
4/3/2018,Gampaha,Local,Keti,Standard,1200,,
4/3/2018,Gampaha,Local,Korikan,Premium,400,,
4/3/2018,Gampaha,Local,Korikan,Standard,400,,
4/9/2018,Kurunegala,Export,Peedunu,Premium,7000,,
4/9/2018,Kurunegala,Export,Peedunu,Standard,2000,,
4/9/2018,Kurunegala,Export,Kanda,Premium,7000,,
4/9/2018,Kurunegala,Export,Kanda,Standard,2000,,
4/9/2018,Kurunegala,Local,Peedunu,Premium,2500,,
4/9/2018,Kurunegala,Local,Peedunu,Standard,2500,,
4/9/2018,Kurunegala,Local,Keti,Premium,1500,,
4/9/2018,Kurunegala,Local,Keti,Standard,1500,,
4/9/2018,Kurunegala,Local,Korikan,Premium,400,,
4/9/2018,Kurunegala,Local,Korikan,Standard,200,,
4/9/2018,Gampaha,Export,Peedunu,Premium,5000,,
4/9/2018,Gampaha,Export,Peedunu,Standard,3000,,
4/9/2018,Gampaha,Export,Kanda,Premium,5000,,
4/9/2018,Gampaha,Export,Kanda,Standard,3000,,
4/9/2018,Gampaha,Local,Peedunu,Premium,2500,,
4/9/2018,Gampaha,Local,Peedunu,Standard,1500,,
4/9/2018,Gampaha,Local,Keti,Premium,700,,
4/9/2018,Gampaha,Local,Keti,Standard,500,,
4/9/2018,Gampaha,Local,Korikan,Premium,200,,
4/9/2018,Gampaha,Local,Korikan,Standard,150,,
4/17/2018,Kurunegala,Export,Peedunu,Premium,7000,,
4/17/2018,Kurunegala,Export,Peedunu,Standard,2000,,
4/17/2018,Kurunegala,Export,Kanda,Premium,6500,,
4/17/2018,Kurunegala,Export,Kanda,Standard,2000,,
4/17/2018,Kurunegala,Local,Peedunu,Premium,3000,,
4/17/2018,Kurunegala,Local,Peedunu,Standard,1600,,
4/17/2018,Kurunegala,Local,Keti,Premium,1200,,
4/17/2018,Kurunegala,Local,Keti,Standard,600,,
4/17/2018,Kurunegala,Local,Korikan,Premium,400,,
4/17/2018,Kurunegala,Local,Korikan,Standard,200,,
4/17/2018,Gampaha,Export,Peedunu,Premium,6000,,
4/17/2018,Gampaha,Export,Peedunu,Standard,2500,,
4/17/2018,Gampaha,Export,Kanda,Premium,6000,,
4/17/2018,Gampaha,Export,Kanda,Standard,2500,,
4/17/2018,Gampaha,Local,Peedunu,Premium,3000,,
4/17/2018,Gampaha,Local,Peedunu,Standard,2500,,
4/17/2018,Gampaha,Local,Keti,Premium,1800,,
4/17/2018,Gampaha,Local,Keti,Standard,1200,,
4/17/2018,Gampaha,Local,Korikan,Premium,400,,
4/17/2018,Gampaha,Local,Korikan,Standard,300,,
4/24/2018,Kurunegala,Export,Peedunu,Premium,6000,,
4/24/2018,Kurunegala,Export,Peedunu,Standard,2000,,
4/24/2018,Kurunegala,Export,Kanda,Premium,6000,,
4/24/2018,Kurunegala,Export,Kanda,Standard,2000,,
4/24/2018,Kurunegala,Local,Peedunu,Premium,2500,,
4/24/2018,Kurunegala,Local,Peedunu,Standard,1200,,
4/24/2018,Kurunegala,Local,Keti,Premium,1000,,
4/24/2018,Kurunegala,Local,Keti,Standard,500,,
4/24/2018,Kurunegala,Local,Korikan,Premium,300,,
4/24/2018,Kurunegala,Local,Korikan,Standard,150,,
4/24/2018,Gampaha,Export,Peedunu,Premium,6000,,
4/24/2018,Gampaha,Export,Peedunu,Standard,3000,,
4/24/2018,Gampaha,Export,Kanda,Premium,6000,,
4/24/2018,Gampaha,Export,Kanda,Standard,3000,,
4/24/2018,Gampaha,Local,Peedunu,Premium,2800,,
4/24/2018,Gampaha,Local,Peedunu,Standard,2000,,
4/24/2018,Gampaha,Local,Keti,Premium,1200,,
4/24/2018,Gampaha,Local,Keti,Standard,1000,,
4/24/2018,Gampaha,Local,Korikan,Premium,250,,
4/24/2018,Gampaha,Local,Korikan,Standard,200,,
5/1/2018,Kurunegala,Export,Peedunu,Premium,5000,,
5/1/2018,Kurunegala,Export,Peedunu,Standard,2000,,
5/1/2018,Kurunegala,Export,Kanda,Premium,5000,,
5/1/2018,Kurunegala,Export,Kanda,Standard,2000,,
5/1/2018,Kurunegala,Local,Peedunu,Premium,2000,,
5/1/2018,Kurunegala,Local,Peedunu,Standard,1000,,
5/1/2018,Kurunegala,Local,Keti,Premium,800,,
5/1/2018,Kurunegala,Local,Keti,Standard,400,,
5/1/2018,Kurunegala,Local,Korikan,Premium,300,,
5/1/2018,Kurunegala,Local,Korikan,Standard,150,,
5/1/2018,Gampaha,Export,Peedunu,Premium,4500,,
5/1/2018,Gampaha,Export,Peedunu,Standard,2500,,
5/1/2018,Gampaha,Export,Kanda,Premium,4500,,
5/1/2018,Gampaha,Export,Kanda,Standard,2500,,
5/1/2018,Gampaha,Local,Peedunu,Premium,2500,,
5/1/2018,Gampaha,Local,Peedunu,Standard,2000,,
5/1/2018,Gampaha,Local,Keti,Premium,1100,,
5/1/2018,Gampaha,Local,Keti,Standard,1000,,
5/1/2018,Gampaha,Local,Korikan,Premium,200,,
5/1/2018,Gampaha,Local,Korikan,Standard,200,,
5/8/2018,Kurunegala,Export,Peedunu,Premium,5000,,
5/8/2018,Kurunegala,Export,Peedunu,Standard,2000,,
5/8/2018,Kurunegala,Export,Kanda,Premium,5000,,
5/8/2018,Kurunegala,Export,Kanda,Standard,2000,,
5/8/2018,Kurunegala,Local,Peedunu,Premium,2000,,
5/8/2018,Kurunegala,Local,Peedunu,Standard,1200,,
5/8/2018,Kurunegala,Local,Keti,Premium,800,,
5/8/2018,Kurunegala,Local,Keti,Standard,400,,
5/8/2018,Kurunegala,Local,Korikan,Premium,300,,
5/8/2018,Kurunegala,Local,Korikan,Standard,150,,
5/8/2018,Gampaha,Export,Peedunu,Premium,5000,,
5/8/2018,Gampaha,Export,Peedunu,Standard,3500,,
5/8/2018,Gampaha,Export,Kanda,Premium,4000,,
5/8/2018,Gampaha,Export,Kanda,Standard,3000,,
5/8/2018,Gampaha,Local,Peedunu,Premium,2500,,
5/8/2018,Gampaha,Local,Peedunu,Standard,2000,,
5/8/2018,Gampaha,Local,Keti,Premium,800,,
5/8/2018,Gampaha,Local,Keti,Standard,600,,
5/8/2018,Gampaha,Local,Korikan,Premium,200,,
5/8/2018,Gampaha,Local,Korikan,Standard,200,,
5/15/2018,Kurunegala,Export,Peedunu,Premium,5000,,
5/15/2018,Kurunegala,Export,Peedunu,Standard,2000,,
5/15/2018,Kurunegala,Export,Kanda,Premium,6000,,
5/15/2018,Kurunegala,Export,Kanda,Standard,2000,,
5/15/2018,Kurunegala,Local,Peedunu,Premium,2500,,
5/15/2018,Kurunegala,Local,Peedunu,Standard,1500,,
5/15/2018,Kurunegala,Local,Keti,Premium,800,,
5/15/2018,Kurunegala,Local,Keti,Standard,400,,
5/15/2018,Kurunegala,Local,Korikan,Premium,300,,
5/15/2018,Kurunegala,Local,Korikan,Standard,150,,
5/15/2018,Gampaha,Export,Peedunu,Premium,1500,,
5/15/2018,Gampaha,Export,Peedunu,Standard,1000,,
5/15/2018,Gampaha,Export,Kanda,Premium,1500,,
5/15/2018,Gampaha,Export,Kanda,Standard,1000,,
5/15/2018,Gampaha,Local,Peedunu,Premium,1000,,
5/15/2018,Gampaha,Local,Peedunu,Standard,700,,
5/15/2018,Gampaha,Local,Keti,Premium,400,,
5/15/2018,Gampaha,Local,Keti,Standard,200,,
5/15/2018,Gampaha,Local,Korikan,Premium,300,,
5/15/2018,Gampaha,Local,Korikan,Standard,150,,
5/22/2018,Kurunegala,Export,Peedunu,Premium,4000,,
5/22/2018,Kurunegala,Export,Peedunu,Standard,1500,,
5/22/2018,Kurunegala,Export,Kanda,Premium,4000,,
5/22/2018,Kurunegala,Export,Kanda,Standard,1500,,
5/22/2018,Kurunegala,Local,Peedunu,Premium,1500,,
5/22/2018,Kurunegala,Local,Peedunu,Standard,1000,,
5/22/2018,Kurunegala,Local,Keti,Premium,800,,
5/22/2018,Kurunegala,Local,Keti,Standard,400,,
5/22/2018,Kurunegala,Local,Korikan,Premium,300,,
5/22/2018,Kurunegala,Local,Korikan,Standard,150,,
5/22/2018,Gampaha,Export,Peedunu,Premium,3000,,
5/22/2018,Gampaha,Export,Peedunu,Standard,1500,,
5/22/2018,Gampaha,Export,Kanda,Premium,3000,,
5/22/2018,Gampaha,Export,Kanda,Standard,1500,,
5/22/2018,Gampaha,Local,Peedunu,Premium,1200,,
5/22/2018,Gampaha,Local,Peedunu,Standard,800,,
5/22/2018,Gampaha,Local,Keti,Premium,600,,
5/22/2018,Gampaha,Local,Keti,Standard,400,,
5/22/2018,Gampaha,Local,Korikan,Premium,300,,
5/22/2018,Gampaha,Local,Korikan,Standard,150,,
5/28/2018,Kurunegala,Export,Peedunu,Premium,4000,,
5/28/2018,Kurunegala,Export,Peedunu,Standard,1500,,
5/28/2018,Kurunegala,Export,Kanda,Premium,4000,,
5/28/2018,Kurunegala,Export,Kanda,Standard,1500,,
5/28/2018,Kurunegala,Local,Peedunu,Premium,2500,,
5/28/2018,Kurunegala,Local,Peedunu,Standard,2250,,
5/28/2018,Kurunegala,Local,Keti,Premium,1700,,
5/28/2018,Kurunegala,Local,Keti,Standard,1475,,
5/28/2018,Kurunegala,Local,Korikan,Premium,300,,
5/28/2018,Kurunegala,Local,Korikan,Standard,150,,
5/28/2018,Gampaha,Export,Peedunu,Premium,4000,,
5/28/2018,Gampaha,Export,Peedunu,Standard,3500,,
5/28/2018,Gampaha,Export,Kanda,Premium,3000,,
5/28/2018,Gampaha,Export,Kanda,Standard,2500,,
5/28/2018,Gampaha,Local,Peedunu,Premium,2500,,
5/28/2018,Gampaha,Local,Peedunu,Standard,1500,,
5/28/2018,Gampaha,Local,Keti,Premium,800,,
5/28/2018,Gampaha,Local,Keti,Standard,500,,
5/28/2018,Gampaha,Local,Korikan,Premium,100,,
5/28/2018,Gampaha,Local,Korikan,Standard,100,,
6/5/2018,Kurunegala,Export,Peedunu,Premium,3000,,
6/5/2018,Kurunegala,Export,Peedunu,Standard,1500,,
6/5/2018,Kurunegala,Export,Kanda,Premium,3000,,
6/5/2018,Kurunegala,Export,Kanda,Standard,1500,,
6/5/2018,Kurunegala,Local,Peedunu,Premium,1500,,
6/5/2018,Kurunegala,Local,Peedunu,Standard,1000,,
6/5/2018,Kurunegala,Local,Keti,Premium,500,,
6/5/2018,Kurunegala,Local,Keti,Standard,200,,
6/5/2018,Kurunegala,Local,Korikan,Premium,150,,
6/5/2018,Kurunegala,Local,Korikan,Standard,100,,
6/5/2018,Gampaha,Export,Peedunu,Premium,3000,,
6/5/2018,Gampaha,Export,Peedunu,Standard,2000,,
6/5/2018,Gampaha,Export,Kanda,Premium,300,,
6/5/2018,Gampaha,Export,Kanda,Standard,2000,,
6/5/2018,Gampaha,Local,Peedunu,Premium,2000,,
6/5/2018,Gampaha,Local,Peedunu,Standard,1500,,
6/5/2018,Gampaha,Local,Keti,Premium,600,,
6/5/2018,Gampaha,Local,Keti,Standard,500,,
6/5/2018,Gampaha,Local,Korikan,Premium,100,,
6/5/2018,Gampaha,Local,Korikan,Standard,100,,
6/12/2018,Kurunegala,Export,Peedunu,Premium,3000,,
6/12/2018,Kurunegala,Export,Peedunu,Standard,1000,,
6/12/2018,Kurunegala,Export,Kanda,Premium,3000,,
6/12/2018,Kurunegala,Export,Kanda,Standard,1500,,
6/12/2018,Kurunegala,Local,Peedunu,Premium,1500,,
6/12/2018,Kurunegala,Local,Peedunu,Standard,1000,,
6/12/2018,Kurunegala,Local,Keti,Premium,500,,
6/12/2018,Kurunegala,Local,Keti,Standard,250,,
6/12/2018,Kurunegala,Local,Korikan,Premium,150,,
6/12/2018,Kurunegala,Local,Korikan,Standard,50,,
6/12/2018,Gampaha,Export,Peedunu,Premium,5000,,
6/12/2018,Gampaha,Export,Peedunu,Standard,2500,,
6/12/2018,Gampaha,Export,Kanda,Premium,5000,,
6/12/2018,Gampaha,Export,Kanda,Standard,4000,,
6/12/2018,Gampaha,Local,Peedunu,Premium,700,,
6/12/2018,Gampaha,Local,Peedunu,Standard,600,,
6/12/2018,Gampaha,Local,Keti,Premium,400,,
6/12/2018,Gampaha,Local,Keti,Standard,300,,
6/12/2018,Gampaha,Local,Korikan,Premium,100,,
6/12/2018,Gampaha,Local,Korikan,Standard,100,,
6/19/2018,Kurunegala,Export,Peedunu,Premium,2500,,
6/19/2018,Kurunegala,Export,Peedunu,Standard,1500,,
6/19/2018,Kurunegala,Export,Kanda,Premium,3000,,
6/19/2018,Kurunegala,Export,Kanda,Standard,2000,,
6/19/2018,Kurunegala,Local,Peedunu,Premium,1300,,
6/19/2018,Kurunegala,Local,Peedunu,Standard,1000,,
6/19/2018,Kurunegala,Local,Keti,Premium,500,,
6/19/2018,Kurunegala,Local,Keti,Standard,200,,
6/19/2018,Kurunegala,Local,Korikan,Premium,150,,
6/19/2018,Kurunegala,Local,Korikan,Standard,100,,
6/19/2018,Gampaha,Export,Peedunu,Premium,3500,,
6/19/2018,Gampaha,Export,Peedunu,Standard,2500,,
6/19/2018,Gampaha,Export,Kanda,Premium,3500,,
6/19/2018,Gampaha,Export,Kanda,Standard,2500,,
6/19/2018,Gampaha,Local,Peedunu,Premium,1000,,
6/19/2018,Gampaha,Local,Peedunu,Standard,700,,
6/19/2018,Gampaha,Local,Keti,Premium,500,,
6/19/2018,Gampaha,Local,Keti,Standard,400,,
6/19/2018,Gampaha,Local,Korikan,Premium,100,,
6/19/2018,Gampaha,Local,Korikan,Standard,100,,
6/25/2018,Kurunegala,Export,Peedunu,Premium,2500,,
6/25/2018,Kurunegala,Export,Peedunu,Standard,1500,,
6/25/2018,Kurunegala,Export,Kanda,Premium,3000,,
6/25/2018,Kurunegala,Export,Kanda,Standard,2000,,
6/25/2018,Kurunegala,Local,Peedunu,Premium,1250,,
6/25/2018,Kurunegala,Local,Peedunu,Standard,1125,,
6/25/2018,Kurunegala,Local,Keti,Premium,500,,
6/25/2018,Kurunegala,Local,Keti,Standard,500,,
6/25/2018,Kurunegala,Local,Korikan,Premium,150,,
6/25/2018,Kurunegala,Local,Korikan,Standard,100,,
6/25/2018,Gampaha,Export,Peedunu,Premium,3500,,
6/25/2018,Gampaha,Export,Peedunu,Standard,2500,,
6/25/2018,Gampaha,Export,Kanda,Premium,3500,,
6/25/2018,Gampaha,Export,Kanda,Standard,2500,,
6/25/2018,Gampaha,Local,Peedunu,Premium,1600,,
6/25/2018,Gampaha,Local,Peedunu,Standard,1400,,
6/25/2018,Gampaha,Local,Keti,Premium,800,,
6/25/2018,Gampaha,Local,Keti,Standard,600,,
6/25/2018,Gampaha,Local,Korikan,Premium,100,,
6/25/2018,Gampaha,Local,Korikan,Standard,100,,
7/3/2018,Kurunegala,Export,Peedunu,Premium,2000,,
7/3/2018,Kurunegala,Export,Peedunu,Standard,1500,,
7/3/2018,Kurunegala,Export,Kanda,Premium,3000,,
7/3/2018,Kurunegala,Export,Kanda,Standard,2500,,
7/3/2018,Kurunegala,Local,Peedunu,Premium,1200,,
7/3/2018,Kurunegala,Local,Peedunu,Standard,600,,
7/3/2018,Kurunegala,Local,Keti,Premium,400,,
7/3/2018,Kurunegala,Local,Keti,Standard,200,,
7/3/2018,Kurunegala,Local,Korikan,Premium,150,,
7/3/2018,Kurunegala,Local,Korikan,Standard,50,,
7/3/2018,Gampaha,Export,Peedunu,Premium,5500,,
7/3/2018,Gampaha,Export,Peedunu,Standard,3500,,
7/3/2018,Gampaha,Export,Kanda,Premium,5500,,
7/3/2018,Gampaha,Export,Kanda,Standard,3500,,
7/3/2018,Gampaha,Local,Peedunu,Premium,1500,,
7/3/2018,Gampaha,Local,Peedunu,Standard,1300,,
7/3/2018,Gampaha,Local,Keti,Premium,1200,,
7/3/2018,Gampaha,Local,Keti,Standard,1000,,
7/3/2018,Gampaha,Local,Korikan,Premium,100,,
7/3/2018,Gampaha,Local,Korikan,Standard,100,,
7/10/2018,Kurunegala,Export,Peedunu,Premium,4000,,
7/10/2018,Kurunegala,Export,Peedunu,Standard,2000,,
7/10/2018,Kurunegala,Export,Kanda,Premium,4000,,
7/10/2018,Kurunegala,Export,Kanda,Standard,2000,,
7/10/2018,Kurunegala,Local,Peedunu,Premium,2000,,
7/10/2018,Kurunegala,Local,Peedunu,Standard,1500,,
7/10/2018,Kurunegala,Local,Keti,Premium,1000,,
7/10/2018,Kurunegala,Local,Keti,Standard,800,,
7/10/2018,Kurunegala,Local,Korikan,Premium,400,,
7/10/2018,Kurunegala,Local,Korikan,Standard,200,,
7/10/2018,Gampaha,Export,Peedunu,Premium,6000,,
7/10/2018,Gampaha,Export,Peedunu,Standard,3000,,
7/10/2018,Gampaha,Export,Kanda,Premium,6000,,
7/10/2018,Gampaha,Export,Kanda,Standard,3000,,
7/10/2018,Gampaha,Local,Peedunu,Premium,1000,,
7/10/2018,Gampaha,Local,Peedunu,Standard,800,,
7/10/2018,Gampaha,Local,Keti,Premium,700,,
7/10/2018,Gampaha,Local,Keti,Standard,500,,
7/10/2018,Gampaha,Local,Korikan,Premium,200,,
7/10/2018,Gampaha,Local,Korikan,Standard,100,,
7/17/2018,Kurunegala,Export,Peedunu,Premium,4000,,
7/17/2018,Kurunegala,Export,Peedunu,Standard,2000,,
7/17/2018,Kurunegala,Export,Kanda,Premium,4500,,
7/17/2018,Kurunegala,Export,Kanda,Standard,2000,,
7/17/2018,Kurunegala,Local,Peedunu,Premium,2000,,
7/17/2018,Kurunegala,Local,Peedunu,Standard,1000,,
7/17/2018,Kurunegala,Local,Keti,Premium,800,,
7/17/2018,Kurunegala,Local,Keti,Standard,500,,
7/17/2018,Kurunegala,Local,Korikan,Premium,200,,
7/17/2018,Kurunegala,Local,Korikan,Standard,100,,
7/17/2018,Gampaha,Export,Peedunu,Premium,5000,,
7/17/2018,Gampaha,Export,Peedunu,Standard,3000,,
7/17/2018,Gampaha,Export,Kanda,Premium,5000,,
7/17/2018,Gampaha,Export,Kanda,Standard,3000,,
7/17/2018,Gampaha,Local,Peedunu,Premium,2000,,
7/17/2018,Gampaha,Local,Peedunu,Standard,1300,,
7/17/2018,Gampaha,Local,Keti,Premium,1200,,
7/17/2018,Gampaha,Local,Keti,Standard,1000,,
7/17/2018,Gampaha,Local,Korikan,Premium,200,,
7/17/2018,Gampaha,Local,Korikan,Standard,200,,
7/24/2018,Kurunegala,Export,Peedunu,Premium,3500,,
7/24/2018,Kurunegala,Export,Peedunu,Standard,2000,,
7/24/2018,Kurunegala,Export,Kanda,Premium,4000,,
7/24/2018,Kurunegala,Export,Kanda,Standard,2000,,
7/24/2018,Kurunegala,Local,Peedunu,Premium,2000,,
7/24/2018,Kurunegala,Local,Peedunu,Standard,1000,,
7/24/2018,Kurunegala,Local,Keti,Premium,800,,
7/24/2018,Kurunegala,Local,Keti,Standard,500,,
7/24/2018,Kurunegala,Local,Korikan,Premium,150,,
7/24/2018,Kurunegala,Local,Korikan,Standard,100,,
7/24/2018,Gampaha,Export,Peedunu,Premium,4000,,
7/24/2018,Gampaha,Export,Peedunu,Standard,2000,,
7/24/2018,Gampaha,Export,Kanda,Premium,4000,,
7/24/2018,Gampaha,Export,Kanda,Standard,2000,,
7/24/2018,Gampaha,Local,Peedunu,Premium,1800,,
7/24/2018,Gampaha,Local,Peedunu,Standard,1500,,
7/24/2018,Gampaha,Local,Keti,Premium,1200,,
7/24/2018,Gampaha,Local,Keti,Standard,700,,
7/24/2018,Gampaha,Local,Korikan,Premium,200,,
7/24/2018,Gampaha,Local,Korikan,Standard,200,,
7/31/2018,Kurunegala,Export,Peedunu,Premium,4500,,
7/31/2018,Kurunegala,Export,Peedunu,Standard,2000,,
7/31/2018,Kurunegala,Export,Kanda,Premium,5000,,
7/31/2018,Kurunegala,Export,Kanda,Standard,2000,,
7/31/2018,Kurunegala,Local,Peedunu,Premium,3000,,
7/31/2018,Kurunegala,Local,Peedunu,Standard,1500,,
7/31/2018,Kurunegala,Local,Keti,Premium,1500,,
7/31/2018,Kurunegala,Local,Keti,Standard,800,,
7/31/2018,Kurunegala,Local,Korikan,Premium,300,,
7/31/2018,Kurunegala,Local,Korikan,Standard,150,,
7/31/2018,Gampaha,Export,Peedunu,Premium,5500,,
7/31/2018,Gampaha,Export,Peedunu,Standard,3000,,
7/31/2018,Gampaha,Export,Kanda,Premium,5500,,
7/31/2018,Gampaha,Export,Kanda,Standard,3000,,
7/31/2018,Gampaha,Local,Peedunu,Premium,2500,,
7/31/2018,Gampaha,Local,Peedunu,Standard,2000,,
7/31/2018,Gampaha,Local,Keti,Premium,1800,,
7/31/2018,Gampaha,Local,Keti,Standard,1500,,
7/31/2018,Gampaha,Local,Korikan,Premium,500,,
7/31/2018,Gampaha,Local,Korikan,Standard,500,,
8/7/2018,Kurunegala,Export,Peedunu,Premium,5000,,
8/7/2018,Kurunegala,Export,Peedunu,Standard,2000,,
8/7/2018,Kurunegala,Export,Kanda,Premium,4000,,
8/7/2018,Kurunegala,Export,Kanda,Standard,2000,,
8/7/2018,Kurunegala,Local,Peedunu,Premium,2500,,
8/7/2018,Kurunegala,Local,Peedunu,Standard,1500,,
8/7/2018,Kurunegala,Local,Keti,Premium,1000,,
8/7/2018,Kurunegala,Local,Keti,Standard,500,,
8/7/2018,Kurunegala,Local,Korikan,Premium,200,,
8/7/2018,Kurunegala,Local,Korikan,Standard,100,,
8/7/2018,Gampaha,Export,Peedunu,Premium,5000,,
8/7/2018,Gampaha,Export,Peedunu,Standard,3000,,
8/7/2018,Gampaha,Export,Kanda,Premium,5000,,
8/7/2018,Gampaha,Export,Kanda,Standard,3000,,
8/7/2018,Gampaha,Local,Peedunu,Premium,2300,,
8/7/2018,Gampaha,Local,Peedunu,Standard,2000,,
8/7/2018,Gampaha,Local,Keti,Premium,1800,,
8/7/2018,Gampaha,Local,Keti,Standard,1500,,
8/7/2018,Gampaha,Local,Korikan,Premium,600,,
8/7/2018,Gampaha,Local,Korikan,Standard,600,,
8/14/2018,Kurunegala,Export,Peedunu,Premium,3500,,
8/14/2018,Kurunegala,Export,Peedunu,Standard,2000,,
8/14/2018,Kurunegala,Export,Kanda,Premium,4000,,
8/14/2018,Kurunegala,Export,Kanda,Standard,2000,,
8/14/2018,Kurunegala,Local,Peedunu,Premium,2500,,
8/14/2018,Kurunegala,Local,Peedunu,Standard,1500,,
8/14/2018,Kurunegala,Local,Keti,Premium,1000,,
8/14/2018,Kurunegala,Local,Keti,Standard,500,,
8/14/2018,Kurunegala,Local,Korikan,Premium,200,,
8/14/2018,Kurunegala,Local,Korikan,Standard,100,,
8/14/2018,Gampaha,Export,Peedunu,Premium,5000,,
8/14/2018,Gampaha,Export,Peedunu,Standard,3000,,
8/14/2018,Gampaha,Export,Kanda,Premium,5000,,
8/14/2018,Gampaha,Export,Kanda,Standard,3000,,
8/14/2018,Gampaha,Local,Peedunu,Premium,2500,,
8/14/2018,Gampaha,Local,Peedunu,Standard,2000,,
8/14/2018,Gampaha,Local,Keti,Premium,1800,,
8/14/2018,Gampaha,Local,Keti,Standard,1600,,
8/14/2018,Gampaha,Local,Korikan,Premium,600,,
8/14/2018,Gampaha,Local,Korikan,Standard,300,,
8/20/2018,Kurunegala,Export,Peedunu,Premium,3500,,
8/20/2018,Kurunegala,Export,Peedunu,Standard,2000,,
8/20/2018,Kurunegala,Export,Kanda,Premium,4000,,
8/20/2018,Kurunegala,Export,Kanda,Standard,2000,,
8/20/2018,Kurunegala,Local,Peedunu,Premium,2500,,
8/20/2018,Kurunegala,Local,Peedunu,Standard,2500,,
8/20/2018,Kurunegala,Local,Keti,Premium,1500,,
8/20/2018,Kurunegala,Local,Keti,Standard,1350,,
8/20/2018,Kurunegala,Local,Korikan,Premium,200,,
8/20/2018,Kurunegala,Local,Korikan,Standard,100,,
8/20/2018,Gampaha,Export,Peedunu,Premium,5500,,
8/20/2018,Gampaha,Export,Peedunu,Standard,3000,,
8/20/2018,Gampaha,Export,Kanda,Premium,5500,,
8/20/2018,Gampaha,Export,Kanda,Standard,3000,,
8/20/2018,Gampaha,Local,Peedunu,Premium,2300,,
8/20/2018,Gampaha,Local,Peedunu,Standard,2000,,
8/20/2018,Gampaha,Local,Keti,Premium,1700,,
8/20/2018,Gampaha,Local,Keti,Standard,1500,,
8/20/2018,Gampaha,Local,Korikan,Premium,500,,
8/20/2018,Gampaha,Local,Korikan,Standard,400,,
8/28/2018,Kurunegala,Export,Peedunu,Premium,5000,,
8/28/2018,Kurunegala,Export,Peedunu,Standard,2000,,
8/28/2018,Kurunegala,Export,Kanda,Premium,6000,,
8/28/2018,Kurunegala,Export,Kanda,Standard,2000,,
8/28/2018,Kurunegala,Local,Peedunu,Premium,3500,,
8/28/2018,Kurunegala,Local,Peedunu,Standard,2000,,
8/28/2018,Kurunegala,Local,Keti,Premium,1500,,
8/28/2018,Kurunegala,Local,Keti,Standard,800,,
8/28/2018,Kurunegala,Local,Korikan,Premium,300,,
8/28/2018,Kurunegala,Local,Korikan,Standard,150,,
8/28/2018,Gampaha,Export,Peedunu,Premium,6000,,
8/28/2018,Gampaha,Export,Peedunu,Standard,3000,,
8/28/2018,Gampaha,Export,Kanda,Premium,6000,,
8/28/2018,Gampaha,Export,Kanda,Standard,3000,,
8/28/2018,Gampaha,Local,Peedunu,Premium,3500,,
8/28/2018,Gampaha,Local,Peedunu,Standard,2500,,
8/28/2018,Gampaha,Local,Keti,Premium,2000,,
8/28/2018,Gampaha,Local,Keti,Standard,1500,,
8/28/2018,Gampaha,Local,Korikan,Premium,700,,
8/28/2018,Gampaha,Local,Korikan,Standard,500,,
9/4/2018,Kurunegala,Export,Peedunu,Premium,5000,,
9/4/2018,Kurunegala,Export,Peedunu,Standard,2000,,
9/4/2018,Kurunegala,Export,Kanda,Premium,6500,,
9/4/2018,Kurunegala,Export,Kanda,Standard,2500,,
9/4/2018,Kurunegala,Local,Peedunu,Premium,3500,,
9/4/2018,Kurunegala,Local,Peedunu,Standard,2000,,
9/4/2018,Kurunegala,Local,Keti,Premium,1500,,
9/4/2018,Kurunegala,Local,Keti,Standard,1000,,
9/4/2018,Kurunegala,Local,Korikan,Premium,300,,
9/4/2018,Kurunegala,Local,Korikan,Standard,200,,
9/4/2018,Gampaha,Export,Peedunu,Premium,5000,,
9/4/2018,Gampaha,Export,Peedunu,Standard,4500,,
9/4/2018,Gampaha,Export,Kanda,Premium,6000,,
9/4/2018,Gampaha,Export,Kanda,Standard,5000,,
9/4/2018,Gampaha,Local,Peedunu,Premium,3000,,
9/4/2018,Gampaha,Local,Peedunu,Standard,2500,,
9/4/2018,Gampaha,Local,Keti,Premium,2000,,
9/4/2018,Gampaha,Local,Keti,Standard,1500,,
9/4/2018,Gampaha,Local,Korikan,Premium,800,,
9/4/2018,Gampaha,Local,Korikan,Standard,600,,
9/11/2018,Kurunegala,Export,Peedunu,Premium,6500,,
9/11/2018,Kurunegala,Export,Peedunu,Standard,3000,,
9/11/2018,Kurunegala,Export,Kanda,Premium,7000,,
9/11/2018,Kurunegala,Export,Kanda,Standard,3000,,
9/11/2018,Kurunegala,Local,Peedunu,Premium,4000,,
9/11/2018,Kurunegala,Local,Peedunu,Standard,2000,,
9/11/2018,Kurunegala,Local,Keti,Premium,1800,,
9/11/2018,Kurunegala,Local,Keti,Standard,1500,,
9/11/2018,Kurunegala,Local,Korikan,Premium,500,,
9/11/2018,Kurunegala,Local,Korikan,Standard,300,,
9/11/2018,Gampaha,Export,Peedunu,Premium,5500,,
9/11/2018,Gampaha,Export,Peedunu,Standard,4500,,
9/11/2018,Gampaha,Export,Kanda,Premium,6000,,
9/11/2018,Gampaha,Export,Kanda,Standard,5500,,
9/11/2018,Gampaha,Local,Peedunu,Premium,5000,,
9/11/2018,Gampaha,Local,Peedunu,Standard,4500,,
9/11/2018,Gampaha,Local,Keti,Premium,2500,,
9/11/2018,Gampaha,Local,Keti,Standard,2000,,
9/11/2018,Gampaha,Local,Korikan,Premium,1000,,
9/11/2018,Gampaha,Local,Korikan,Standard,800,,
9/18/2018,Kurunegala,Export,Peedunu,Premium,6500,,
9/18/2018,Kurunegala,Export,Peedunu,Standard,3000,,
9/18/2018,Kurunegala,Export,Kanda,Premium,7000,,
9/18/2018,Kurunegala,Export,Kanda,Standard,4000,,
9/18/2018,Kurunegala,Local,Peedunu,Premium,4000,,
9/18/2018,Kurunegala,Local,Peedunu,Standard,2500,,
9/18/2018,Kurunegala,Local,Keti,Premium,1800,,
9/18/2018,Kurunegala,Local,Keti,Standard,1500,,
9/18/2018,Kurunegala,Local,Korikan,Premium,500,,
9/18/2018,Kurunegala,Local,Korikan,Standard,300,,
9/18/2018,Gampaha,Export,Peedunu,Premium,5500,,
9/18/2018,Gampaha,Export,Peedunu,Standard,3000,,
9/18/2018,Gampaha,Export,Kanda,Premium,5500,,
9/18/2018,Gampaha,Export,Kanda,Standard,3000,,
9/18/2018,Gampaha,Local,Peedunu,Premium,3500,,
9/18/2018,Gampaha,Local,Peedunu,Standard,3000,,
9/18/2018,Gampaha,Local,Keti,Premium,2500,,
9/18/2018,Gampaha,Local,Keti,Standard,2000,,
9/18/2018,Gampaha,Local,Korikan,Premium,900,,
9/18/2018,Gampaha,Local,Korikan,Standard,600,,
9/25/2018,Kurunegala,Export,Peedunu,Premium,7000,,
9/25/2018,Kurunegala,Export,Peedunu,Standard,4000,,
9/25/2018,Kurunegala,Export,Kanda,Premium,7000,,
9/25/2018,Kurunegala,Export,Kanda,Standard,4000,,
9/25/2018,Kurunegala,Local,Peedunu,Premium,4000,,
9/25/2018,Kurunegala,Local,Peedunu,Standard,2500,,
9/25/2018,Kurunegala,Local,Keti,Premium,1800,,
9/25/2018,Kurunegala,Local,Keti,Standard,1500,,
9/25/2018,Kurunegala,Local,Korikan,Premium,500,,
9/25/2018,Kurunegala,Local,Korikan,Standard,300,,
9/25/2018,Gampaha,Export,Peedunu,Premium,6000,,
9/25/2018,Gampaha,Export,Peedunu,Standard,3500,,
9/25/2018,Gampaha,Export,Kanda,Premium,6000,,
9/25/2018,Gampaha,Export,Kanda,Standard,3500,,
9/25/2018,Gampaha,Local,Peedunu,Premium,3500,,
9/25/2018,Gampaha,Local,Peedunu,Standard,3000,,
9/25/2018,Gampaha,Local,Keti,Premium,2500,,
9/25/2018,Gampaha,Local,Keti,Standard,2000,,
9/25/2018,Gampaha,Local,Korikan,Premium,1000,,
9/25/2018,Gampaha,Local,Korikan,Standard,700,,
10/2/2018,Kurunegala,Export,Peedunu,Premium,3500,,
10/2/2018,Kurunegala,Export,Peedunu,Standard,3000,,
10/2/2018,Kurunegala,Export,Kanda,Premium,4000,,
10/2/2018,Kurunegala,Export,Kanda,Standard,3000,,
10/2/2018,Kurunegala,Local,Peedunu,Premium,3000,,
10/2/2018,Kurunegala,Local,Peedunu,Standard,2000,,
10/2/2018,Kurunegala,Local,Keti,Premium,2000,,
10/2/2018,Kurunegala,Local,Keti,Standard,1500,,
10/2/2018,Kurunegala,Local,Korikan,Premium,500,,
10/2/2018,Kurunegala,Local,Korikan,Standard,400,,
10/2/2018,Gampaha,Export,Peedunu,Premium,5000,,
10/2/2018,Gampaha,Export,Peedunu,Standard,4500,,
10/2/2018,Gampaha,Export,Kanda,Premium,5000,,
10/2/2018,Gampaha,Export,Kanda,Standard,4500,,
10/2/2018,Gampaha,Local,Peedunu,Premium,3000,,
10/2/2018,Gampaha,Local,Peedunu,Standard,2500,,
10/2/2018,Gampaha,Local,Keti,Premium,2000,,
10/2/2018,Gampaha,Local,Keti,Standard,1500,,
10/2/2018,Gampaha,Local,Korikan,Premium,750,,
10/2/2018,Gampaha,Local,Korikan,Standard,600,,
10/9/2018,Kurunegala,Export,Peedunu,Premium,5500,,
10/9/2018,Kurunegala,Export,Peedunu,Standard,3000,,
10/9/2018,Kurunegala,Export,Kanda,Premium,6000,,
10/9/2018,Kurunegala,Export,Kanda,Standard,4000,,
10/9/2018,Kurunegala,Local,Peedunu,Premium,4000,,
10/9/2018,Kurunegala,Local,Peedunu,Standard,2000,,
10/9/2018,Kurunegala,Local,Keti,Premium,1000,,
10/9/2018,Kurunegala,Local,Keti,Standard,800,,
10/9/2018,Kurunegala,Local,Korikan,Premium,400,,
10/9/2018,Kurunegala,Local,Korikan,Standard,200,,
10/9/2018,Gampaha,Export,Peedunu,Premium,6500,,
10/9/2018,Gampaha,Export,Peedunu,Standard,4000,,
10/9/2018,Gampaha,Export,Kanda,Premium,6000,,
10/9/2018,Gampaha,Export,Kanda,Standard,4500,,
10/9/2018,Gampaha,Local,Peedunu,Premium,3000,,
10/9/2018,Gampaha,Local,Peedunu,Standard,2500,,
10/9/2018,Gampaha,Local,Keti,Premium,2200,,
10/9/2018,Gampaha,Local,Keti,Standard,2000,,
10/9/2018,Gampaha,Local,Korikan,Premium,900,,
10/9/2018,Gampaha,Local,Korikan,Standard,500,,
10/16/2018,Kurunegala,Export,Peedunu,Premium,5500,,
10/16/2018,Kurunegala,Export,Peedunu,Standard,3500,,
10/16/2018,Kurunegala,Export,Kanda,Premium,5500,,
10/16/2018,Kurunegala,Export,Kanda,Standard,3500,,
10/16/2018,Kurunegala,Local,Peedunu,Premium,4000,,
10/16/2018,Kurunegala,Local,Peedunu,Standard,2500,,
10/16/2018,Kurunegala,Local,Keti,Premium,2000,,
10/16/2018,Kurunegala,Local,Keti,Standard,1500,,
10/16/2018,Kurunegala,Local,Korikan,Premium,1000,,
10/16/2018,Kurunegala,Local,Korikan,Standard,500,,
10/16/2018,Gampaha,Export,Peedunu,Premium,6000,,
10/16/2018,Gampaha,Export,Peedunu,Standard,4000,,
10/16/2018,Gampaha,Export,Kanda,Premium,6000,,
10/16/2018,Gampaha,Export,Kanda,Standard,4000,,
10/16/2018,Gampaha,Local,Peedunu,Premium,4500,,
10/16/2018,Gampaha,Local,Peedunu,Standard,3000,,
10/16/2018,Gampaha,Local,Keti,Premium,2500,,
10/16/2018,Gampaha,Local,Keti,Standard,2000,,
10/16/2018,Gampaha,Local,Korikan,Premium,1500,,
10/16/2018,Gampaha,Local,Korikan,Standard,1000,,
10/22/2018,Kurunegala,Export,Peedunu,Premium,5500,,
10/22/2018,Kurunegala,Export,Peedunu,Standard,3500,,
10/22/2018,Kurunegala,Export,Kanda,Premium,5500,,
10/22/2018,Kurunegala,Export,Kanda,Standard,3500,,
10/22/2018,Kurunegala,Local,Peedunu,Premium,4000,,
10/22/2018,Kurunegala,Local,Peedunu,Standard,2500,,
10/22/2018,Kurunegala,Local,Keti,Premium,2000,,
10/22/2018,Kurunegala,Local,Keti,Standard,1500,,
10/22/2018,Kurunegala,Local,Korikan,Premium,1000,,
10/22/2018,Kurunegala,Local,Korikan,Standard,500,,
10/22/2018,Gampaha,Export,Peedunu,Premium,6000,,
10/22/2018,Gampaha,Export,Peedunu,Standard,3500,,
10/22/2018,Gampaha,Export,Kanda,Premium,5000,,
10/22/2018,Gampaha,Export,Kanda,Standard,4000,,
10/22/2018,Gampaha,Local,Peedunu,Premium,4000,,
10/22/2018,Gampaha,Local,Peedunu,Standard,3500,,
10/22/2018,Gampaha,Local,Keti,Premium,2500,,
10/22/2018,Gampaha,Local,Keti,Standard,2000,,
10/22/2018,Gampaha,Local,Korikan,Premium,1000,,
10/22/2018,Gampaha,Local,Korikan,Standard,800,,
10/30/2018,Kurunegala,Export,Peedunu,Premium,3000,,
10/30/2018,Kurunegala,Export,Peedunu,Standard,2000,,
10/30/2018,Kurunegala,Export,Kanda,Premium,3000,,
10/30/2018,Kurunegala,Export,Kanda,Standard,2000,,
10/30/2018,Kurunegala,Local,Peedunu,Premium,1500,,
10/30/2018,Kurunegala,Local,Peedunu,Standard,800,,
10/30/2018,Kurunegala,Local,Keti,Premium,500,,
10/30/2018,Kurunegala,Local,Keti,Standard,400,,
10/30/2018,Kurunegala,Local,Korikan,Premium,300,,
10/30/2018,Kurunegala,Local,Korikan,Standard,200,,
10/30/2018,Gampaha,Export,Peedunu,Premium,9000,,
10/30/2018,Gampaha,Export,Peedunu,Standard,6000,,
10/30/2018,Gampaha,Export,Kanda,Premium,7000,,
10/30/2018,Gampaha,Export,Kanda,Standard,6000,,
10/30/2018,Gampaha,Local,Peedunu,Premium,3000,,
10/30/2018,Gampaha,Local,Peedunu,Standard,2000,,
10/30/2018,Gampaha,Local,Keti,Premium,1200,,
10/30/2018,Gampaha,Local,Keti,Standard,1000,,
10/30/2018,Gampaha,Local,Korikan,Premium,300,,
10/30/2018,Gampaha,Local,Korikan,Standard,300,,
11/5/2018,Kurunegala,Export,Peedunu,Premium,3000,,
11/5/2018,Kurunegala,Export,Peedunu,Standard,2000,,
11/5/2018,Kurunegala,Export,Kanda,Premium,3000,,
11/5/2018,Kurunegala,Export,Kanda,Standard,2000,,
11/5/2018,Kurunegala,Local,Peedunu,Premium,2000,,
11/5/2018,Kurunegala,Local,Peedunu,Standard,1750,,
11/5/2018,Kurunegala,Local,Keti,Premium,1250,,
11/5/2018,Kurunegala,Local,Keti,Standard,1125,,
11/5/2018,Kurunegala,Local,Korikan,Premium,200,,
11/5/2018,Kurunegala,Local,Korikan,Standard,200,,
11/5/2018,Gampaha,Export,Peedunu,Premium,6000,,
11/5/2018,Gampaha,Export,Peedunu,Standard,3500,,
11/5/2018,Gampaha,Export,Kanda,Premium,5000,,
11/5/2018,Gampaha,Export,Kanda,Standard,3500,,
11/5/2018,Gampaha,Local,Peedunu,Premium,2000,,
11/5/2018,Gampaha,Local,Peedunu,Standard,1750,,
11/5/2018,Gampaha,Local,Keti,Premium,1000,,
11/5/2018,Gampaha,Local,Keti,Standard,800,,
11/5/2018,Gampaha,Local,Korikan,Premium,300,,
11/5/2018,Gampaha,Local,Korikan,Standard,300,,
11/13/2018,Kurunegala,Export,Peedunu,Premium,6500,,
11/13/2018,Kurunegala,Export,Peedunu,Standard,5000,,
11/13/2018,Kurunegala,Export,Kanda,Premium,5500,,
11/13/2018,Kurunegala,Export,Kanda,Standard,5000,,
11/13/2018,Kurunegala,Local,Peedunu,Premium,2500,,
11/13/2018,Kurunegala,Local,Peedunu,Standard,2000,,
11/13/2018,Kurunegala,Local,Keti,Premium,800,,
11/13/2018,Kurunegala,Local,Keti,Standard,400,,
11/13/2018,Kurunegala,Local,Korikan,Premium,300,,
11/13/2018,Kurunegala,Local,Korikan,Standard,200,,
11/13/2018,Gampaha,Export,Peedunu,Premium,4000,,
11/13/2018,Gampaha,Export,Peedunu,Standard,3500,,
11/13/2018,Gampaha,Export,Kanda,Premium,3000,,
11/13/2018,Gampaha,Export,Kanda,Standard,2500,,
11/13/2018,Gampaha,Local,Peedunu,Premium,2500,,
11/13/2018,Gampaha,Local,Peedunu,Standard,2000,,
11/13/2018,Gampaha,Local,Keti,Premium,1000,,
11/13/2018,Gampaha,Local,Keti,Standard,800,,
11/13/2018,Gampaha,Local,Korikan,Premium,300,,
11/13/2018,Gampaha,Local,Korikan,Standard,300,,
11/19/2018,Kurunegala,Export,Peedunu,Premium,6500,,
11/19/2018,Kurunegala,Export,Peedunu,Standard,5000,,
11/19/2018,Kurunegala,Export,Kanda,Premium,5500,,
11/19/2018,Kurunegala,Export,Kanda,Standard,5000,,
11/19/2018,Kurunegala,Local,Peedunu,Premium,2000,,
11/19/2018,Kurunegala,Local,Peedunu,Standard,1875,,
11/19/2018,Kurunegala,Local,Keti,Premium,1100,,
11/19/2018,Kurunegala,Local,Keti,Standard,1050,,
11/19/2018,Kurunegala,Local,Korikan,Premium,300,,
11/19/2018,Kurunegala,Local,Korikan,Standard,200,,
11/19/2018,Gampaha,Export,Peedunu,Premium,5000,,
11/19/2018,Gampaha,Export,Peedunu,Standard,2000,,
11/19/2018,Gampaha,Export,Kanda,Premium,4000,,
11/19/2018,Gampaha,Export,Kanda,Standard,3000,,
11/19/2018,Gampaha,Local,Peedunu,Premium,2000,,
11/19/2018,Gampaha,Local,Peedunu,Standard,1500,,
11/19/2018,Gampaha,Local,Keti,Premium,1200,,
11/19/2018,Gampaha,Local,Keti,Standard,1000,,
11/19/2018,Gampaha,Local,Korikan,Premium,300,,
11/19/2018,Gampaha,Local,Korikan,Standard,300,,
11/27/2018,Kurunegala,Export,Peedunu,Premium,7000,,
11/27/2018,Kurunegala,Export,Peedunu,Standard,3000,,
11/27/2018,Kurunegala,Export,Kanda,Premium,8000,,
11/27/2018,Kurunegala,Export,Kanda,Standard,4000,,
11/27/2018,Kurunegala,Local,Peedunu,Premium,3000,,
11/27/2018,Kurunegala,Local,Peedunu,Standard,1500,,
11/27/2018,Kurunegala,Local,Keti,Premium,1000,,
11/27/2018,Kurunegala,Local,Keti,Standard,500,,
11/27/2018,Kurunegala,Local,Korikan,Premium,400,,
11/27/2018,Kurunegala,Local,Korikan,Standard,200,,
11/27/2018,Gampaha,Export,Peedunu,Premium,4000,,
11/27/2018,Gampaha,Export,Peedunu,Standard,3000,,
11/27/2018,Gampaha,Export,Kanda,Premium,4000,,
11/27/2018,Gampaha,Export,Kanda,Standard,3000,,
11/27/2018,Gampaha,Local,Peedunu,Premium,1500,,
11/27/2018,Gampaha,Local,Peedunu,Standard,1200,,
11/27/2018,Gampaha,Local,Keti,Premium,700,,
11/27/2018,Gampaha,Local,Keti,Standard,600,,
11/27/2018,Gampaha,Local,Korikan,Premium,300,,
11/27/2018,Gampaha,Local,Korikan,Standard,300,,
12/4/2018,Kurunegala,Export,Peedunu,Premium,3500,,
12/4/2018,Kurunegala,Export,Peedunu,Standard,3000,,
12/4/2018,Kurunegala,Export,Kanda,Premium,8000,,
12/4/2018,Kurunegala,Export,Kanda,Standard,4000,,
12/4/2018,Kurunegala,Local,Peedunu,Premium,3000,,
12/4/2018,Kurunegala,Local,Peedunu,Standard,1500,,
12/4/2018,Kurunegala,Local,Keti,Premium,1200,,
12/4/2018,Kurunegala,Local,Keti,Standard,600,,
12/4/2018,Kurunegala,Local,Korikan,Premium,600,,
12/4/2018,Kurunegala,Local,Korikan,Standard,200,,
12/4/2018,Gampaha,Export,Peedunu,Premium,6000,,
12/4/2018,Gampaha,Export,Peedunu,Standard,2500,,
12/4/2018,Gampaha,Export,Kanda,Premium,5000,,
12/4/2018,Gampaha,Export,Kanda,Standard,2500,,
12/4/2018,Gampaha,Local,Peedunu,Premium,2000,,
12/4/2018,Gampaha,Local,Peedunu,Standard,1600,,
12/4/2018,Gampaha,Local,Keti,Premium,1000,,
12/4/2018,Gampaha,Local,Keti,Standard,800,,
12/4/2018,Gampaha,Local,Korikan,Premium,300,,
12/4/2018,Gampaha,Local,Korikan,Standard,300,,
12/11/2018,Kurunegala,Export,Peedunu,Premium,4000,,
12/11/2018,Kurunegala,Export,Peedunu,Standard,3000,,
12/11/2018,Kurunegala,Export,Kanda,Premium,8000,,
12/11/2018,Kurunegala,Export,Kanda,Standard,4000,,
12/11/2018,Kurunegala,Local,Peedunu,Premium,3500,,
12/11/2018,Kurunegala,Local,Peedunu,Standard,1800,,
12/11/2018,Kurunegala,Local,Keti,Premium,1500,,
12/11/2018,Kurunegala,Local,Keti,Standard,600,,
12/11/2018,Kurunegala,Local,Korikan,Premium,600,,
12/11/2018,Kurunegala,Local,Korikan,Standard,300,,
12/11/2018,Gampaha,Export,Peedunu,Premium,4000,,
12/11/2018,Gampaha,Export,Peedunu,Standard,2000,,
12/11/2018,Gampaha,Export,Kanda,Premium,4000,,
12/11/2018,Gampaha,Export,Kanda,Standard,2000,,
12/11/2018,Gampaha,Local,Peedunu,Premium,1500,,
12/11/2018,Gampaha,Local,Peedunu,Standard,1200,,
12/11/2018,Gampaha,Local,Keti,Premium,1000,,
12/11/2018,Gampaha,Local,Keti,Standard,700,,
12/11/2018,Gampaha,Local,Korikan,Premium,300,,
12/11/2018,Gampaha,Local,Korikan,Standard,300,,
12/18/2018,Kurunegala,Export,Peedunu,Premium,5000,,
12/18/2018,Kurunegala,Export,Peedunu,Standard,3500,,
12/18/2018,Kurunegala,Export,Kanda,Premium,6000,,
12/18/2018,Kurunegala,Export,Kanda,Standard,3500,,
12/18/2018,Kurunegala,Local,Peedunu,Premium,3000,,
12/18/2018,Kurunegala,Local,Peedunu,Standard,2000,,
12/18/2018,Kurunegala,Local,Keti,Premium,1500,,
12/18/2018,Kurunegala,Local,Keti,Standard,1000,,
12/18/2018,Kurunegala,Local,Korikan,Premium,800,,
12/18/2018,Kurunegala,Local,Korikan,Standard,400,,
12/18/2018,Gampaha,Export,Peedunu,Premium,4500,,
12/18/2018,Gampaha,Export,Peedunu,Standard,2500,,
12/18/2018,Gampaha,Export,Kanda,Premium,4000,,
12/18/2018,Gampaha,Export,Kanda,Standard,3000,,
12/18/2018,Gampaha,Local,Peedunu,Premium,2000,,
12/18/2018,Gampaha,Local,Peedunu,Standard,1700,,
12/18/2018,Gampaha,Local,Keti,Premium,1200,,
12/18/2018,Gampaha,Local,Keti,Standard,1000,,
12/18/2018,Gampaha,Local,Korikan,Premium,500,,
12/18/2018,Gampaha,Local,Korikan,Standard,500,,
12/24/2018,Kurunegala,Export,Peedunu,Premium,5000,,
12/24/2018,Kurunegala,Export,Peedunu,Standard,3500,,
12/24/2018,Kurunegala,Export,Kanda,Premium,6000,,
12/24/2018,Kurunegala,Export,Kanda,Standard,3500,,
12/24/2018,Kurunegala,Local,Peedunu,Premium,3000,,
12/24/2018,Kurunegala,Local,Peedunu,Standard,2000,,
12/24/2018,Kurunegala,Local,Keti,Premium,1500,,
12/24/2018,Kurunegala,Local,Keti,Standard,1000,,
12/24/2018,Kurunegala,Local,Korikan,Premium,800,,
12/24/2018,Kurunegala,Local,Korikan,Standard,400,,
12/24/2018,Gampaha,Export,Peedunu,Premium,5500,,
12/24/2018,Gampaha,Export,Peedunu,Standard,3000,,
12/24/2018,Gampaha,Export,Kanda,Premium,5000,,
12/24/2018,Gampaha,Export,Kanda,Standard,3000,,
12/24/2018,Gampaha,Local,Peedunu,Premium,2000,,
12/24/2018,Gampaha,Local,Peedunu,Standard,1500,,
12/24/2018,Gampaha,Local,Keti,Premium,1300,,
12/24/2018,Gampaha,Local,Keti,Standard,1000,,
12/24/2018,Gampaha,Local,Korikan,Premium,250,,
12/24/2018,Gampaha,Local,Korikan,Standard,200,,
12/31/2018,Kurunegala,Export,Peedunu,Premium,4500,,
12/31/2018,Kurunegala,Export,Peedunu,Standard,3500,,
12/31/2018,Kurunegala,Export,Kanda,Premium,4500,,
12/31/2018,Kurunegala,Export,Kanda,Standard,4000,,
12/31/2018,Kurunegala,Local,Peedunu,Premium,2000,,
12/31/2018,Kurunegala,Local,Peedunu,Standard,2000,,
12/31/2018,Kurunegala,Local,Keti,Premium,1250,,
12/31/2018,Kurunegala,Local,Keti,Standard,1125,,
12/31/2018,Kurunegala,Local,Korikan,Premium,400,,
12/31/2018,Kurunegala,Local,Korikan,Standard,200,,
12/31/2018,Gampaha,Export,Peedunu,Premium,4500,,
12/31/2018,Gampaha,Export,Peedunu,Standard,3500,,
12/31/2018,Gampaha,Export,Kanda,Premium,4500,,
12/31/2018,Gampaha,Export,Kanda,Standard,4000,,
12/31/2018,Gampaha,Local,Peedunu,Premium,2000,,
12/31/2018,Gampaha,Local,Peedunu,Standard,1500,,
12/31/2018,Gampaha,Local,Keti,Premium,800,,
12/31/2018,Gampaha,Local,Keti,Standard,600,,
12/31/2018,Gampaha,Local,Korikan,Premium,200,,
12/31/2018,Gampaha,Local,Korikan,Standard,200,,
1/8/2019,Kurunegala,Export,Peedunu,Premium,7000,,
1/8/2019,Kurunegala,Export,Peedunu,Standard,4000,,
1/8/2019,Kurunegala,Export,Kanda,Premium,8000,,
1/8/2019,Kurunegala,Export,Kanda,Standard,4000,,
1/8/2019,Kurunegala,Local,Peedunu,Premium,4000,,
1/8/2019,Kurunegala,Local,Peedunu,Standard,2000,,
1/8/2019,Kurunegala,Local,Keti,Premium,1800,,
1/8/2019,Kurunegala,Local,Keti,Standard,1000,,
1/8/2019,Kurunegala,Local,Korikan,Premium,800,,
1/8/2019,Kurunegala,Local,Korikan,Standard,500,,
1/8/2019,Gampaha,Export,Peedunu,Premium,5500,,
1/8/2019,Gampaha,Export,Peedunu,Standard,3000,,
1/8/2019,Gampaha,Export,Kanda,Premium,5500,,
1/8/2019,Gampaha,Export,Kanda,Standard,3000,,
1/8/2019,Gampaha,Local,Peedunu,Premium,3000,,
1/8/2019,Gampaha,Local,Peedunu,Standard,2500,,
1/8/2019,Gampaha,Local,Keti,Premium,2000,,
1/8/2019,Gampaha,Local,Keti,Standard,1700,,
1/8/2019,Gampaha,Local,Korikan,Premium,700,,
1/8/2019,Gampaha,Local,Korikan,Standard,500,,
1/14/2019,Kurunegala,Export,Peedunu,Premium,7000,,
1/14/2019,Kurunegala,Export,Peedunu,Standard,4000,,
1/14/2019,Kurunegala,Export,Kanda,Premium,8000,,
1/14/2019,Kurunegala,Export,Kanda,Standard,4000,,
1/14/2019,Kurunegala,Local,Peedunu,Premium,2750,,
1/14/2019,Kurunegala,Local,Peedunu,Standard,2625,,
1/14/2019,Kurunegala,Local,Keti,Premium,1750,,
1/14/2019,Kurunegala,Local,Keti,Standard,1625,,
1/14/2019,Kurunegala,Local,Korikan,Premium,800,,
1/14/2019,Kurunegala,Local,Korikan,Standard,500,,
1/14/2019,Gampaha,Export,Peedunu,Premium,4500,,
1/14/2019,Gampaha,Export,Peedunu,Standard,2500,,
1/14/2019,Gampaha,Export,Kanda,Premium,4000,,
1/14/2019,Gampaha,Export,Kanda,Standard,2500,,
1/14/2019,Gampaha,Local,Peedunu,Premium,2500,,
1/14/2019,Gampaha,Local,Peedunu,Standard,2000,,
1/14/2019,Gampaha,Local,Keti,Premium,2000,,
1/14/2019,Gampaha,Local,Keti,Standard,1500,,
1/14/2019,Gampaha,Local,Korikan,Premium,600,,
1/14/2019,Gampaha,Local,Korikan,Standard,500,,
1/22/2019,Kurunegala,Export,Peedunu,Premium,8000,,
1/22/2019,Kurunegala,Export,Peedunu,Standard,5000,,
1/22/2019,Kurunegala,Export,Kanda,Premium,8000,,
1/22/2019,Kurunegala,Export,Kanda,Standard,5000,,
1/22/2019,Kurunegala,Local,Peedunu,Premium,6000,,
1/22/2019,Kurunegala,Local,Peedunu,Standard,3000,,
1/22/2019,Kurunegala,Local,Keti,Premium,2000,,
1/22/2019,Kurunegala,Local,Keti,Standard,1500,,
1/22/2019,Kurunegala,Local,Korikan,Premium,800,,
1/22/2019,Kurunegala,Local,Korikan,Standard,400,,
1/22/2019,Gampaha,Export,Peedunu,Premium,5000,,
1/22/2019,Gampaha,Export,Peedunu,Standard,3000,,
1/22/2019,Gampaha,Export,Kanda,Premium,5000,,
1/22/2019,Gampaha,Export,Kanda,Standard,2000,,
1/22/2019,Gampaha,Local,Peedunu,Premium,2500,,
1/22/2019,Gampaha,Local,Peedunu,Standard,1800,,
1/22/2019,Gampaha,Local,Keti,Premium,1500,,
1/22/2019,Gampaha,Local,Keti,Standard,1000,,
1/22/2019,Gampaha,Local,Korikan,Premium,600,,
1/22/2019,Gampaha,Local,Korikan,Standard,300,,
1/29/2019,Kurunegala,Export,Peedunu,Premium,4000,,
1/29/2019,Kurunegala,Export,Peedunu,Standard,3000,,
1/29/2019,Kurunegala,Export,Kanda,Premium,5000,,
1/29/2019,Kurunegala,Export,Kanda,Standard,3000,,
1/29/2019,Kurunegala,Local,Peedunu,Premium,2500,,
1/29/2019,Kurunegala,Local,Peedunu,Standard,2000,,
1/29/2019,Kurunegala,Local,Keti,Premium,1200,,
1/29/2019,Kurunegala,Local,Keti,Standard,800,,
1/29/2019,Kurunegala,Local,Korikan,Premium,1000,,
1/29/2019,Kurunegala,Local,Korikan,Standard,400,,
1/29/2019,Gampaha,Export,Peedunu,Premium,5000,,
1/29/2019,Gampaha,Export,Peedunu,Standard,3000,,
1/29/2019,Gampaha,Export,Kanda,Premium,3500,,
1/29/2019,Gampaha,Export,Kanda,Standard,2000,,
1/29/2019,Gampaha,Local,Peedunu,Premium,2800,,
1/29/2019,Gampaha,Local,Peedunu,Standard,2000,,
1/29/2019,Gampaha,Local,Keti,Premium,2000,,
1/29/2019,Gampaha,Local,Keti,Standard,1500,,
1/29/2019,Gampaha,Local,Korikan,Premium,600,,
1/29/2019,Gampaha,Local,Korikan,Standard,300,,
2/5/2019,Kurunegala,Export,Peedunu,Premium,4000,,
2/5/2019,Kurunegala,Export,Peedunu,Standard,3000,,
2/5/2019,Kurunegala,Export,Kanda,Premium,5000,,
2/5/2019,Kurunegala,Export,Kanda,Standard,3000,,
2/5/2019,Kurunegala,Local,Peedunu,Premium,3500,,
2/5/2019,Kurunegala,Local,Peedunu,Standard,2000,,
2/5/2019,Kurunegala,Local,Keti,Premium,2500,,
2/5/2019,Kurunegala,Local,Keti,Standard,1500,,
2/5/2019,Kurunegala,Local,Korikan,Premium,1000,,
2/5/2019,Kurunegala,Local,Korikan,Standard,400,,
2/5/2019,Gampaha,Export,Peedunu,Premium,5000,,
2/5/2019,Gampaha,Export,Peedunu,Standard,4000,,
2/5/2019,Gampaha,Export,Kanda,Premium,4000,,
2/5/2019,Gampaha,Export,Kanda,Standard,3000,,
2/5/2019,Gampaha,Local,Peedunu,Premium,3000,,
2/5/2019,Gampaha,Local,Peedunu,Standard,2500,,
2/5/2019,Gampaha,Local,Keti,Premium,2000,,
2/5/2019,Gampaha,Local,Keti,Standard,1800,,
2/5/2019,Gampaha,Local,Korikan,Premium,600,,
2/12/2019,Kurunegala,Export,Peedunu,Premium,4000,,
2/12/2019,Kurunegala,Export,Peedunu,Standard,3000,,
2/12/2019,Kurunegala,Export,Kanda,Premium,5000,,
2/12/2019,Kurunegala,Export,Kanda,Standard,3000,,
2/12/2019,Kurunegala,Local,Peedunu,Premium,3500,,
2/12/2019,Kurunegala,Local,Peedunu,Standard,2000,,
2/12/2019,Kurunegala,Local,Keti,Premium,2000,,
2/12/2019,Kurunegala,Local,Keti,Standard,1000,,
2/12/2019,Kurunegala,Local,Korikan,Premium,1000,,
2/12/2019,Kurunegala,Local,Korikan,Standard,400,,
2/12/2019,Gampaha,Export,Peedunu,Premium,5500,,
2/12/2019,Gampaha,Export,Peedunu,Standard,3000,,
2/12/2019,Gampaha,Export,Kanda,Premium,3000,,
2/12/2019,Gampaha,Export,Kanda,Standard,2000,,
2/12/2019,Gampaha,Local,Peedunu,Premium,3000,,
2/12/2019,Gampaha,Local,Peedunu,Standard,2500,,
2/12/2019,Gampaha,Local,Keti,Premium,2000,,
2/12/2019,Gampaha,Local,Keti,Standard,1800,,
2/12/2019,Gampaha,Local,Korikan,Premium,600,,
2/12/2019,Gampaha,Local,Korikan,Standard,500,,
2/18/2019,Kurunegala,Export,Peedunu,Premium,4000,,
2/18/2019,Kurunegala,Export,Peedunu,Standard,3000,,
2/18/2019,Kurunegala,Export,Kanda,Premium,5000,,
2/18/2019,Kurunegala,Export,Kanda,Standard,3000,,
2/18/2019,Kurunegala,Local,Peedunu,Premium,3500,,
2/18/2019,Kurunegala,Local,Peedunu,Standard,3250,,
2/18/2019,Kurunegala,Local,Keti,Premium,2000,,
2/18/2019,Kurunegala,Local,Keti,Standard,1875,,
2/18/2019,Kurunegala,Local,Korikan,Premium,1000,,
2/18/2019,Kurunegala,Local,Korikan,Standard,400,,
2/18/2019,Gampaha,Export,Peedunu,Premium,5000,,
2/18/2019,Gampaha,Export,Peedunu,Standard,3000,,
2/18/2019,Gampaha,Export,Kanda,Premium,3000,,
2/18/2019,Gampaha,Export,Kanda,Standard,2000,,
2/18/2019,Gampaha,Local,Peedunu,Premium,2500,,
2/18/2019,Gampaha,Local,Peedunu,Standard,2000,,
2/18/2019,Gampaha,Local,Keti,Premium,1800,,
2/18/2019,Gampaha,Local,Keti,Standard,1500,,
2/18/2019,Gampaha,Local,Korikan,Premium,500,,
2/18/2019,Gampaha,Local,Korikan,Standard,500,,
2/26/2019,Kurunegala,Export,Peedunu,Premium,5000,,
2/26/2019,Kurunegala,Export,Peedunu,Standard,2000,,
2/26/2019,Kurunegala,Export,Kanda,Premium,6000,,
2/26/2019,Kurunegala,Export,Kanda,Standard,3000,,
2/26/2019,Kurunegala,Local,Peedunu,Premium,3500,,
2/26/2019,Kurunegala,Local,Peedunu,Standard,2000,,
2/26/2019,Kurunegala,Local,Keti,Premium,2000,,
2/26/2019,Kurunegala,Local,Keti,Standard,1500,,
2/26/2019,Kurunegala,Local,Korikan,Premium,1000,,
2/26/2019,Kurunegala,Local,Korikan,Standard,500,,
2/26/2019,Gampaha,Export,Peedunu,Premium,6000,,
2/26/2019,Gampaha,Export,Peedunu,Standard,3500,,
2/26/2019,Gampaha,Export,Kanda,Premium,3000,,
2/26/2019,Gampaha,Export,Kanda,Standard,2000,,
2/26/2019,Gampaha,Local,Peedunu,Premium,3500,,
2/26/2019,Gampaha,Local,Peedunu,Standard,3000,,
2/26/2019,Gampaha,Local,Keti,Premium,2500,,
2/26/2019,Gampaha,Local,Keti,Standard,2000,,
2/26/2019,Gampaha,Local,Korikan,Premium,800,,
2/26/2019,Gampaha,Local,Korikan,Standard,600,,
3/5/2019,Kurunegala,Export,Peedunu,Premium,6000,,
3/5/2019,Kurunegala,Export,Peedunu,Standard,4000,,
3/5/2019,Kurunegala,Export,Kanda,Premium,4000,,
3/5/2019,Kurunegala,Export,Kanda,Standard,3500,,
3/5/2019,Kurunegala,Local,Peedunu,Premium,6000,,
3/5/2019,Kurunegala,Local,Peedunu,Standard,4000,,
3/5/2019,Kurunegala,Local,Keti,Premium,3000,,
3/5/2019,Kurunegala,Local,Keti,Standard,1500,,
3/5/2019,Kurunegala,Local,Korikan,Premium,1000,,
3/5/2019,Kurunegala,Local,Korikan,Standard,500,,
3/5/2019,Gampaha,Export,Peedunu,Premium,6000,,
3/5/2019,Gampaha,Export,Peedunu,Standard,5000,,
3/5/2019,Gampaha,Export,Kanda,Premium,3500,,
3/5/2019,Gampaha,Export,Kanda,Standard,2500,,
3/5/2019,Gampaha,Local,Peedunu,Premium,4000,,
3/5/2019,Gampaha,Local,Peedunu,Standard,3000,,
3/5/2019,Gampaha,Local,Keti,Premium,2000,,
3/5/2019,Gampaha,Local,Keti,Standard,1500,,
3/5/2019,Gampaha,Local,Korikan,Premium,600,,
3/5/2019,Gampaha,Local,Korikan,Standard,500,,
3/12/2019,Kurunegala,Export,Peedunu,Premium,5000,,
3/12/2019,Kurunegala,Export,Peedunu,Standard,4000,,
3/12/2019,Kurunegala,Export,Kanda,Premium,4000,,
3/12/2019,Kurunegala,Export,Kanda,Standard,3500,,
3/12/2019,Kurunegala,Local,Peedunu,Premium,5000,,
3/12/2019,Kurunegala,Local,Peedunu,Standard,3500,,
3/12/2019,Kurunegala,Local,Keti,Premium,2500,,
3/12/2019,Kurunegala,Local,Keti,Standard,1000,,
3/12/2019,Kurunegala,Local,Korikan,Premium,800,,
3/12/2019,Kurunegala,Local,Korikan,Standard,400,,
3/12/2019,Gampaha,Export,Peedunu,Premium,6500,,
3/12/2019,Gampaha,Export,Peedunu,Standard,5000,,
3/12/2019,Gampaha,Export,Kanda,Premium,2500,,
3/12/2019,Gampaha,Export,Kanda,Standard,2000,,
3/12/2019,Gampaha,Local,Peedunu,Premium,3500,,
3/12/2019,Gampaha,Local,Peedunu,Standard,2500,,
3/12/2019,Gampaha,Local,Keti,Premium,2000,,
3/12/2019,Gampaha,Local,Keti,Standard,1800,,
3/12/2019,Gampaha,Local,Korikan,Premium,900,,
3/12/2019,Gampaha,Local,Korikan,Standard,600,,
3/18/2019,Kurunegala,Export,Peedunu,Premium,5000,,
3/18/2019,Kurunegala,Export,Peedunu,Standard,4000,,
3/18/2019,Kurunegala,Export,Kanda,Premium,4000,,
3/18/2019,Kurunegala,Export,Kanda,Standard,3500,,
3/18/2019,Kurunegala,Local,Peedunu,Premium,3000,,
3/18/2019,Kurunegala,Local,Peedunu,Standard,2875,,
3/18/2019,Kurunegala,Local,Keti,Premium,2000,,
3/18/2019,Kurunegala,Local,Keti,Standard,1750,,
3/18/2019,Kurunegala,Local,Korikan,Premium,800,,
3/18/2019,Kurunegala,Local,Korikan,Standard,400,,
3/18/2019,Gampaha,Export,Peedunu,Premium,6000,,
3/18/2019,Gampaha,Export,Peedunu,Standard,5000,,
3/18/2019,Gampaha,Export,Kanda,Premium,2500,,
3/18/2019,Gampaha,Export,Kanda,Standard,2000,,
3/18/2019,Gampaha,Local,Peedunu,Premium,2500,,
3/18/2019,Gampaha,Local,Peedunu,Standard,2000,,
3/18/2019,Gampaha,Local,Keti,Premium,1500,,
3/18/2019,Gampaha,Local,Keti,Standard,1200,,
3/18/2019,Gampaha,Local,Korikan,Premium,600,,
3/18/2019,Gampaha,Local,Korikan,Standard,500,,
3/26/2019,Kurunegala,Export,Peedunu,Premium,6000,,
3/26/2019,Kurunegala,Export,Peedunu,Standard,3000,,
3/26/2019,Kurunegala,Export,Kanda,Premium,3000,,
3/26/2019,Kurunegala,Export,Kanda,Standard,2500,,
3/26/2019,Kurunegala,Local,Peedunu,Premium,4000,,
3/26/2019,Kurunegala,Local,Peedunu,Standard,2000,,
3/26/2019,Kurunegala,Local,Keti,Premium,2500,,
3/26/2019,Kurunegala,Local,Keti,Standard,1000,,
3/26/2019,Kurunegala,Local,Korikan,Premium,800,,
3/26/2019,Kurunegala,Local,Korikan,Standard,400,,
3/26/2019,Gampaha,Export,Peedunu,Premium,6500,,
3/26/2019,Gampaha,Export,Peedunu,Standard,4500,,
3/26/2019,Gampaha,Export,Kanda,Premium,2000,,
3/26/2019,Gampaha,Export,Kanda,Standard,1000,,
3/26/2019,Gampaha,Local,Peedunu,Premium,3000,,
3/26/2019,Gampaha,Local,Peedunu,Standard,2500,,
3/26/2019,Gampaha,Local,Keti,Premium,2000,,
3/26/2019,Gampaha,Local,Keti,Standard,1800,,
3/26/2019,Gampaha,Local,Korikan,Premium,700,,
3/26/2019,Gampaha,Local,Korikan,Standard,400,,
4/2/2019,Kurunegala,Export,Peedunu,Premium,6000,,
4/2/2019,Kurunegala,Export,Peedunu,Standard,3000,,
4/2/2019,Kurunegala,Export,Kanda,Premium,3500,,
4/2/2019,Kurunegala,Export,Kanda,Standard,3000,,
4/2/2019,Kurunegala,Local,Peedunu,Premium,6000,,
4/2/2019,Kurunegala,Local,Peedunu,Standard,2500,,
4/2/2019,Kurunegala,Local,Keti,Premium,2000,,
4/2/2019,Kurunegala,Local,Keti,Standard,1500,,
4/2/2019,Kurunegala,Local,Korikan,Premium,1600,,
4/2/2019,Kurunegala,Local,Korikan,Standard,1000,,
4/2/2019,Gampaha,Export,Peedunu,Premium,7500,,
4/2/2019,Gampaha,Export,Peedunu,Standard,5000,,
4/2/2019,Gampaha,Export,Kanda,Premium,3000,,
4/2/2019,Gampaha,Export,Kanda,Standard,2500,,
4/2/2019,Gampaha,Local,Peedunu,Premium,4000,,
4/2/2019,Gampaha,Local,Peedunu,Standard,3500,,
4/2/2019,Gampaha,Local,Keti,Premium,3000,,
4/2/2019,Gampaha,Local,Keti,Standard,2500,,
4/2/2019,Gampaha,Local,Korikan,Premium,1000,,
4/2/2019,Gampaha,Local,Korikan,Standard,600,,
4/9/2019,Kurunegala,Export,Peedunu,Premium,12000,,
4/9/2019,Kurunegala,Export,Peedunu,Standard,4000,,
4/9/2019,Kurunegala,Export,Kanda,Premium,8000,,
4/9/2019,Kurunegala,Export,Kanda,Standard,4000,,
4/9/2019,Kurunegala,Local,Peedunu,Premium,8000,,
4/9/2019,Kurunegala,Local,Peedunu,Standard,3000,,
4/9/2019,Kurunegala,Local,Keti,Premium,4000,,
4/9/2019,Kurunegala,Local,Keti,Standard,2000,,
4/9/2019,Kurunegala,Local,Korikan,Premium,2000,,
4/9/2019,Kurunegala,Local,Korikan,Standard,1000,,
4/9/2019,Gampaha,Export,Peedunu,Premium,9000,,
4/9/2019,Gampaha,Export,Peedunu,Standard,7000,,
4/9/2019,Gampaha,Export,Kanda,Premium,6000,,
4/9/2019,Gampaha,Export,Kanda,Standard,5000,,
4/9/2019,Gampaha,Local,Peedunu,Premium,5000,,
4/9/2019,Gampaha,Local,Peedunu,Standard,4000,,
4/9/2019,Gampaha,Local,Keti,Premium,3500,,
4/9/2019,Gampaha,Local,Keti,Standard,3000,,
4/9/2019,Gampaha,Local,Korikan,Premium,1500,,
4/9/2019,Gampaha,Local,Korikan,Standard,1000,,
4/23/2019,Kurunegala,Export,Peedunu,Premium,10000,,
4/23/2019,Kurunegala,Export,Peedunu,Standard,4000,,
4/23/2019,Kurunegala,Export,Kanda,Premium,6000,,
4/23/2019,Kurunegala,Export,Kanda,Standard,4000,,
4/23/2019,Kurunegala,Local,Peedunu,Premium,7000,,
4/23/2019,Kurunegala,Local,Peedunu,Standard,3000,,
4/23/2019,Kurunegala,Local,Keti,Premium,4000,,
4/23/2019,Kurunegala,Local,Keti,Standard,2000,,
4/23/2019,Kurunegala,Local,Korikan,Premium,2000,,
4/23/2019,Kurunegala,Local,Korikan,Standard,1000,,
4/23/2019,Gampaha,Export,Peedunu,Premium,10000,,
4/23/2019,Gampaha,Export,Peedunu,Standard,8000,,
4/23/2019,Gampaha,Export,Kanda,Premium,7000,,
4/23/2019,Gampaha,Export,Kanda,Standard,5000,,
4/23/2019,Gampaha,Local,Peedunu,Premium,6000,,
4/23/2019,Gampaha,Local,Peedunu,Standard,5000,,
4/23/2019,Gampaha,Local,Keti,Premium,4500,,
4/23/2019,Gampaha,Local,Keti,Standard,3500,,
4/23/2019,Gampaha,Local,Korikan,Premium,1000,,
4/23/2019,Gampaha,Local,Korikan,Standard,800,,
4/29/2019,Kurunegala,Export,Peedunu,Premium,10000,,
4/29/2019,Kurunegala,Export,Peedunu,Standard,4000,,
4/29/2019,Kurunegala,Export,Kanda,Premium,6000,,
4/29/2019,Kurunegala,Export,Kanda,Standard,4000,,
4/29/2019,Kurunegala,Local,Peedunu,Premium,3250,,
4/29/2019,Kurunegala,Local,Peedunu,Standard,3125,,
4/29/2019,Kurunegala,Local,Keti,Premium,2250,,
4/29/2019,Kurunegala,Local,Keti,Standard,2125,,
4/29/2019,Kurunegala,Local,Korikan,Premium,2000,,
4/29/2019,Kurunegala,Local,Korikan,Standard,1000,,
4/29/2019,Gampaha,Export,Peedunu,Premium,6000,,
4/29/2019,Gampaha,Export,Peedunu,Standard,5000,,
4/29/2019,Gampaha,Export,Kanda,Premium,4000,,
4/29/2019,Gampaha,Export,Kanda,Standard,3000,,
4/29/2019,Gampaha,Local,Peedunu,Premium,3500,,
4/29/2019,Gampaha,Local,Peedunu,Standard,3000,,
4/29/2019,Gampaha,Local,Keti,Premium,800,,
4/29/2019,Gampaha,Local,Keti,Standard,700,,
4/29/2019,Gampaha,Local,Korikan,Premium,300,,
4/29/2019,Gampaha,Local,Korikan,Standard,200,,
5/7/2019,Kurunegala,Export,Peedunu,Premium,8000,,
5/7/2019,Kurunegala,Export,Peedunu,Standard,4000,,
5/7/2019,Kurunegala,Export,Kanda,Premium,5000,,
5/7/2019,Kurunegala,Export,Kanda,Standard,4000,,
5/7/2019,Kurunegala,Local,Peedunu,Premium,5000,,
5/7/2019,Kurunegala,Local,Peedunu,Standard,3000,,
5/7/2019,Kurunegala,Local,Keti,Premium,2000,,
5/7/2019,Kurunegala,Local,Keti,Standard,1500,,
5/7/2019,Kurunegala,Local,Korikan,Premium,1000,,
5/7/2019,Kurunegala,Local,Korikan,Standard,800,,
5/7/2019,Gampaha,Export,Peedunu,Premium,8000,,
5/7/2019,Gampaha,Export,Peedunu,Standard,6000,,
5/7/2019,Gampaha,Export,Kanda,Premium,6000,,
5/7/2019,Gampaha,Export,Kanda,Standard,5000,,
5/7/2019,Gampaha,Local,Peedunu,Premium,5000,,
5/7/2019,Gampaha,Local,Peedunu,Standard,4000,,
5/7/2019,Gampaha,Local,Keti,Premium,3500,,
5/7/2019,Gampaha,Local,Keti,Standard,3000,,
5/7/2019,Gampaha,Local,Korikan,Premium,1000,,
5/7/2019,Gampaha,Local,Korikan,Standard,800,,
5/14/2019,Kurunegala,Export,Peedunu,Premium,8000,,
5/14/2019,Kurunegala,Export,Peedunu,Standard,4000,,
5/14/2019,Kurunegala,Export,Kanda,Premium,5000,,
5/14/2019,Kurunegala,Export,Kanda,Standard,4000,,
5/14/2019,Kurunegala,Local,Peedunu,Premium,3500,,
5/14/2019,Kurunegala,Local,Peedunu,Standard,3250,,
5/14/2019,Kurunegala,Local,Keti,Premium,2000,,
5/14/2019,Kurunegala,Local,Keti,Standard,1875,,
5/14/2019,Kurunegala,Local,Korikan,Premium,1000,,
5/14/2019,Kurunegala,Local,Korikan,Standard,800,,
5/14/2019,Gampaha,Export,Peedunu,Premium,8000,,
5/14/2019,Gampaha,Export,Peedunu,Standard,6000,,
5/14/2019,Gampaha,Export,Kanda,Premium,6000,,
5/14/2019,Gampaha,Export,Kanda,Standard,5000,,
5/14/2019,Gampaha,Local,Peedunu,Premium,6000,,
5/14/2019,Gampaha,Local,Peedunu,Standard,5500,,
5/14/2019,Gampaha,Local,Keti,Premium,3700,,
5/14/2019,Gampaha,Local,Keti,Standard,3000,,
5/14/2019,Gampaha,Local,Korikan,Premium,800,,
5/14/2019,Gampaha,Local,Korikan,Standard,600,,
5/21/2019,Kurunegala,Export,Peedunu,Premium,8000,,
5/21/2019,Kurunegala,Export,Peedunu,Standard,4000,,
5/21/2019,Kurunegala,Export,Kanda,Premium,6000,,
5/21/2019,Kurunegala,Export,Kanda,Standard,4000,,
5/21/2019,Kurunegala,Local,Peedunu,Premium,6000,,
5/21/2019,Kurunegala,Local,Peedunu,Standard,3000,,
5/21/2019,Kurunegala,Local,Keti,Premium,2500,,
5/21/2019,Kurunegala,Local,Keti,Standard,2000,,
5/21/2019,Kurunegala,Local,Korikan,Premium,1500,,
5/21/2019,Kurunegala,Local,Korikan,Standard,1000,,
5/21/2019,Gampaha,Export,Peedunu,Premium,7500,,
5/21/2019,Gampaha,Export,Peedunu,Standard,6000,,
5/21/2019,Gampaha,Export,Kanda,Premium,5500,,
5/21/2019,Gampaha,Export,Kanda,Standard,4000,,
5/21/2019,Gampaha,Local,Peedunu,Premium,3000,,
5/21/2019,Gampaha,Local,Peedunu,Standard,2500,,
5/21/2019,Gampaha,Local,Keti,Premium,2000,,
5/21/2019,Gampaha,Local,Keti,Standard,1500,,
5/21/2019,Gampaha,Local,Korikan,Premium,400,,
5/21/2019,Gampaha,Local,Korikan,Standard,300,,
5/28/2019,Kurunegala,Export,Peedunu,Premium,5000,,
5/28/2019,Kurunegala,Export,Peedunu,Standard,2000,,
5/28/2019,Kurunegala,Export,Kanda,Premium,3000,,
5/28/2019,Kurunegala,Export,Kanda,Standard,2000,,
5/28/2019,Kurunegala,Local,Peedunu,Premium,3000,,
5/28/2019,Kurunegala,Local,Peedunu,Standard,1500,,
5/28/2019,Kurunegala,Local,Keti,Premium,1000,,
5/28/2019,Kurunegala,Local,Keti,Standard,500,,
5/28/2019,Kurunegala,Local,Korikan,Premium,200,,
5/28/2019,Kurunegala,Local,Korikan,Standard,100,,
5/28/2019,Gampaha,Export,Peedunu,Premium,2000,,
5/28/2019,Gampaha,Export,Peedunu,Standard,1000,,
5/28/2019,Gampaha,Export,Kanda,Premium,2000,,
5/28/2019,Gampaha,Export,Kanda,Standard,1000,,
5/28/2019,Gampaha,Local,Peedunu,Premium,1000,,
5/28/2019,Gampaha,Local,Peedunu,Standard,700,,
5/28/2019,Gampaha,Local,Keti,Premium,500,,
5/28/2019,Gampaha,Local,Keti,Standard,400,,
5/28/2019,Gampaha,Local,Korikan,Premium,400,,
5/28/2019,Gampaha,Local,Korikan,Standard,300,,
6/3/2019,Kurunegala,Export,Peedunu,Premium,5000,,
6/3/2019,Kurunegala,Export,Peedunu,Standard,2000,,
6/3/2019,Kurunegala,Export,Kanda,Premium,3000,,
6/3/2019,Kurunegala,Export,Kanda,Standard,2000,,
6/3/2019,Kurunegala,Local,Peedunu,Premium,2000,,
6/3/2019,Kurunegala,Local,Peedunu,Standard,1938,,
6/3/2019,Kurunegala,Local,Keti,Premium,1125,,
6/3/2019,Kurunegala,Local,Keti,Standard,1063,,
6/3/2019,Kurunegala,Local,Korikan,Premium,200,,
6/3/2019,Kurunegala,Local,Korikan,Standard,100,,
6/3/2019,Gampaha,Export,Peedunu,Premium,3000,,
6/3/2019,Gampaha,Export,Peedunu,Standard,2000,,
6/3/2019,Gampaha,Export,Kanda,Premium,4000,,
6/3/2019,Gampaha,Export,Kanda,Standard,3000,,
6/3/2019,Gampaha,Local,Peedunu,Premium,1500,,
6/3/2019,Gampaha,Local,Peedunu,Standard,1000,,
6/3/2019,Gampaha,Local,Keti,Premium,500,,
6/3/2019,Gampaha,Local,Keti,Standard,200,,
6/3/2019,Gampaha,Local,Korikan,Premium,400,,
6/3/2019,Gampaha,Local,Korikan,Standard,300,,
6/11/2019,Kurunegala,Export,Peedunu,Premium,3000,,
6/11/2019,Kurunegala,Export,Peedunu,Standard,2000,,
6/11/2019,Kurunegala,Export,Kanda,Premium,2000,,
6/11/2019,Kurunegala,Export,Kanda,Standard,2000,,
6/11/2019,Kurunegala,Local,Peedunu,Premium,2500,,
6/11/2019,Kurunegala,Local,Peedunu,Standard,1500,,
6/11/2019,Kurunegala,Local,Keti,Premium,1000,,
6/11/2019,Kurunegala,Local,Keti,Standard,500,,
6/11/2019,Kurunegala,Local,Korikan,Premium,400,,
6/11/2019,Kurunegala,Local,Korikan,Standard,200,,
6/11/2019,Gampaha,Export,Peedunu,Premium,1500,,
6/11/2019,Gampaha,Export,Peedunu,Standard,1000,,
6/11/2019,Gampaha,Export,Kanda,Premium,1500,,
6/11/2019,Gampaha,Export,Kanda,Standard,1000,,
6/11/2019,Gampaha,Local,Peedunu,Premium,1000,,
6/11/2019,Gampaha,Local,Peedunu,Standard,800,,
6/11/2019,Gampaha,Local,Keti,Premium,500,,
6/11/2019,Gampaha,Local,Keti,Standard,300,,
6/11/2019,Gampaha,Local,Korikan,Premium,400,,
6/11/2019,Gampaha,Local,Korikan,Standard,300,,
6/18/2019,Kurunegala,Export,Peedunu,Premium,3000,,
6/18/2019,Kurunegala,Export,Peedunu,Standard,2000,,
6/18/2019,Kurunegala,Export,Kanda,Premium,3000,,
6/18/2019,Kurunegala,Export,Kanda,Standard,2000,,
6/18/2019,Kurunegala,Local,Peedunu,Premium,1500,,
6/18/2019,Kurunegala,Local,Peedunu,Standard,1000,,
6/18/2019,Kurunegala,Local,Keti,Premium,800,,
6/18/2019,Kurunegala,Local,Keti,Standard,400,,
6/18/2019,Kurunegala,Local,Korikan,Premium,300,,
6/18/2019,Kurunegala,Local,Korikan,Standard,150,,
6/18/2019,Gampaha,Export,Peedunu,Premium,3000,,
6/18/2019,Gampaha,Export,Peedunu,Standard,2000,,
6/18/2019,Gampaha,Export,Kanda,Premium,3000,,
6/18/2019,Gampaha,Export,Kanda,Standard,2000,,
6/18/2019,Gampaha,Local,Peedunu,Premium,2000,,
6/18/2019,Gampaha,Local,Peedunu,Standard,1800,,
6/18/2019,Gampaha,Local,Keti,Premium,1500,,
6/18/2019,Gampaha,Local,Keti,Standard,1000,,
6/18/2019,Gampaha,Local,Korikan,Premium,400,,
6/18/2019,Gampaha,Local,Korikan,Standard,300,,
6/25/2019,Kurunegala,Export,Peedunu,Premium,3000,,
6/25/2019,Kurunegala,Export,Peedunu,Standard,2000,,
6/25/2019,Kurunegala,Export,Kanda,Premium,3000,,
6/25/2019,Kurunegala,Export,Kanda,Standard,2000,,
6/25/2019,Kurunegala,Local,Peedunu,Premium,1500,,
6/25/2019,Kurunegala,Local,Peedunu,Standard,1000,,
6/25/2019,Kurunegala,Local,Keti,Premium,800,,
6/25/2019,Kurunegala,Local,Keti,Standard,400,,
6/25/2019,Kurunegala,Local,Korikan,Premium,300,,
6/25/2019,Kurunegala,Local,Korikan,Standard,150,,
6/25/2019,Gampaha,Export,Peedunu,Premium,3000,,
6/25/2019,Gampaha,Export,Peedunu,Standard,2000,,
6/25/2019,Gampaha,Export,Kanda,Premium,3000,,
6/25/2019,Gampaha,Export,Kanda,Standard,2000,,
6/25/2019,Gampaha,Local,Peedunu,Premium,2000,,
6/25/2019,Gampaha,Local,Peedunu,Standard,1800,,
6/25/2019,Gampaha,Local,Keti,Premium,1500,,
6/25/2019,Gampaha,Local,Keti,Standard,1000,,
6/25/2019,Gampaha,Local,Korikan,Premium,400,,
6/25/2019,Gampaha,Local,Korikan,Standard,300,,
7/2/2019,Kurunegala,Export,Peedunu,Premium,2500,,
7/2/2019,Kurunegala,Export,Peedunu,Standard,2000,,
7/2/2019,Kurunegala,Export,Kanda,Premium,2500,,
7/2/2019,Kurunegala,Export,Kanda,Standard,2000,,
7/2/2019,Kurunegala,Local,Peedunu,Premium,1800,,
7/2/2019,Kurunegala,Local,Peedunu,Standard,1000,,
7/2/2019,Kurunegala,Local,Keti,Premium,500,,
7/2/2019,Kurunegala,Local,Keti,Standard,250,,
7/2/2019,Kurunegala,Local,Korikan,Premium,150,,
7/2/2019,Kurunegala,Local,Korikan,Standard,100,,
7/2/2019,Gampaha,Export,Peedunu,Premium,3000,,
7/2/2019,Gampaha,Export,Peedunu,Standard,2000,,
7/2/2019,Gampaha,Export,Kanda,Premium,2500,,
7/2/2019,Gampaha,Export,Kanda,Standard,2000,,
7/2/2019,Gampaha,Local,Peedunu,Premium,1500,,
7/2/2019,Gampaha,Local,Peedunu,Standard,1200,,
7/2/2019,Gampaha,Local,Keti,Premium,1000,,
7/2/2019,Gampaha,Local,Keti,Standard,800,,
7/2/2019,Gampaha,Local,Korikan,Premium,400,,
7/2/2019,Gampaha,Local,Korikan,Standard,300,,
7/9/2019,Kurunegala,Export,Peedunu,Premium,2500,,
7/9/2019,Kurunegala,Export,Peedunu,Standard,1500,,
7/9/2019,Kurunegala,Export,Kanda,Premium,3000,,
7/9/2019,Kurunegala,Export,Kanda,Standard,2000,,
7/9/2019,Kurunegala,Local,Peedunu,Premium,1500,,
7/9/2019,Kurunegala,Local,Peedunu,Standard,800,,
7/9/2019,Kurunegala,Local,Keti,Premium,400,,
7/9/2019,Kurunegala,Local,Keti,Standard,200,,
7/9/2019,Kurunegala,Local,Korikan,Premium,150,,
7/9/2019,Kurunegala,Local,Korikan,Standard,100,,
7/9/2019,Gampaha,Export,Peedunu,Premium,2500,,
7/9/2019,Gampaha,Export,Peedunu,Standard,1500,,
7/9/2019,Gampaha,Export,Kanda,Premium,2500,,
7/9/2019,Gampaha,Export,Kanda,Standard,1500,,
7/9/2019,Gampaha,Local,Peedunu,Premium,1500,,
7/9/2019,Gampaha,Local,Peedunu,Standard,1200,,
7/9/2019,Gampaha,Local,Keti,Premium,1000,,
7/9/2019,Gampaha,Local,Keti,Standard,800,,
7/9/2019,Gampaha,Local,Korikan,Premium,400,,
7/9/2019,Gampaha,Local,Korikan,Standard,300,,
7/23/2019,Kurunegala,Export,Peedunu,Premium,4000,,
7/23/2019,Kurunegala,Export,Peedunu,Standard,2000,,
7/23/2019,Kurunegala,Export,Kanda,Premium,3000,,
7/23/2019,Kurunegala,Export,Kanda,Standard,2000,,
7/23/2019,Kurunegala,Local,Peedunu,Premium,3000,,
7/23/2019,Kurunegala,Local,Peedunu,Standard,1500,,
7/23/2019,Kurunegala,Local,Keti,Premium,1200,,
7/23/2019,Kurunegala,Local,Keti,Standard,600,,
7/23/2019,Kurunegala,Local,Korikan,Premium,300,,
7/23/2019,Kurunegala,Local,Korikan,Standard,150,,
7/23/2019,Gampaha,Export,Peedunu,Premium,3000,,
7/23/2019,Gampaha,Export,Peedunu,Standard,1800,,
7/23/2019,Gampaha,Export,Kanda,Premium,3000,,
7/23/2019,Gampaha,Export,Kanda,Standard,1800,,
7/23/2019,Gampaha,Local,Peedunu,Premium,2200,,
7/23/2019,Gampaha,Local,Peedunu,Standard,1800,,
7/23/2019,Gampaha,Local,Keti,Premium,1300,,
7/23/2019,Gampaha,Local,Keti,Standard,1000,,
7/23/2019,Gampaha,Local,Korikan,Premium,400,,
7/23/2019,Gampaha,Local,Korikan,Standard,300,,
7/30/2019,Kurunegala,Export,Peedunu,Premium,3000,,
7/30/2019,Kurunegala,Export,Peedunu,Standard,2500,,
7/30/2019,Kurunegala,Export,Kanda,Premium,2500,,
7/30/2019,Kurunegala,Export,Kanda,Standard,2000,,
7/30/2019,Kurunegala,Local,Peedunu,Premium,2000,,
7/30/2019,Kurunegala,Local,Peedunu,Standard,1000,,
7/30/2019,Kurunegala,Local,Keti,Premium,800,,
7/30/2019,Kurunegala,Local,Keti,Standard,400,,
7/30/2019,Kurunegala,Local,Korikan,Premium,300,,
7/30/2019,Kurunegala,Local,Korikan,Standard,150,,
7/30/2019,Gampaha,Export,Peedunu,Premium,2800,,
7/30/2019,Gampaha,Export,Peedunu,Standard,1800,,
7/30/2019,Gampaha,Export,Kanda,Premium,2000,,
7/30/2019,Gampaha,Export,Kanda,Standard,1800,,
7/30/2019,Gampaha,Local,Peedunu,Premium,1500,,
7/30/2019,Gampaha,Local,Peedunu,Standard,1200,,
7/30/2019,Gampaha,Local,Keti,Premium,1000,,
7/30/2019,Gampaha,Local,Keti,Standard,800,,
7/30/2019,Gampaha,Local,Korikan,Premium,150,,
7/30/2019,Gampaha,Local,Korikan,Standard,100,,
8/6/2019,Kurunegala,Export,Peedunu,Premium,3500,,
8/6/2019,Kurunegala,Export,Peedunu,Standard,2500,,
8/6/2019,Kurunegala,Export,Kanda,Premium,3000,,
8/6/2019,Kurunegala,Export,Kanda,Standard,2500,,
8/6/2019,Kurunegala,Local,Peedunu,Premium,2500,,
8/6/2019,Kurunegala,Local,Peedunu,Standard,1500,,
8/6/2019,Kurunegala,Local,Keti,Premium,800,,
8/6/2019,Kurunegala,Local,Keti,Standard,400,,
8/6/2019,Kurunegala,Local,Korikan,Premium,300,,
8/6/2019,Kurunegala,Local,Korikan,Standard,150,,
8/6/2019,Gampaha,Export,Peedunu,Premium,4000,,
8/6/2019,Gampaha,Export,Peedunu,Standard,2500,,
8/6/2019,Gampaha,Export,Kanda,Premium,4000,,
8/6/2019,Gampaha,Export,Kanda,Standard,2500,,
8/6/2019,Gampaha,Local,Peedunu,Premium,1800,,
8/6/2019,Gampaha,Local,Peedunu,Standard,1300,,
8/6/2019,Gampaha,Local,Keti,Premium,1000,,
8/6/2019,Gampaha,Local,Keti,Standard,800,,
8/6/2019,Gampaha,Local,Korikan,Premium,150,,
8/6/2019,Gampaha,Local,Korikan,Standard,100,,
8/13/2019,Kurunegala,Export,Peedunu,Premium,3000,,
8/13/2019,Kurunegala,Export,Peedunu,Standard,2000,,
8/13/2019,Kurunegala,Export,Kanda,Premium,3000,,
8/13/2019,Kurunegala,Export,Kanda,Standard,2000,,
8/13/2019,Kurunegala,Local,Peedunu,Premium,2000,,
8/13/2019,Kurunegala,Local,Peedunu,Standard,1500,,
8/13/2019,Kurunegala,Local,Keti,Premium,800,,
8/13/2019,Kurunegala,Local,Keti,Standard,400,,
8/13/2019,Kurunegala,Local,Korikan,Premium,300,,
8/13/2019,Kurunegala,Local,Korikan,Standard,150,,
8/13/2019,Gampaha,Export,Peedunu,Premium,3000,,
8/13/2019,Gampaha,Export,Peedunu,Standard,2500,,
8/13/2019,Gampaha,Export,Kanda,Premium,3000,,
8/13/2019,Gampaha,Export,Kanda,Standard,2500,,
8/13/2019,Gampaha,Local,Peedunu,Premium,2500,,
8/13/2019,Gampaha,Local,Peedunu,Standard,2200,,
8/13/2019,Gampaha,Local,Keti,Premium,2000,,
8/13/2019,Gampaha,Local,Keti,Standard,1800,,
8/13/2019,Gampaha,Local,Korikan,Premium,300,,
8/13/2019,Gampaha,Local,Korikan,Standard,200,,
8/20/2019,Kurunegala,Export,Peedunu,Premium,4000,,
8/20/2019,Kurunegala,Export,Peedunu,Standard,3000,,
8/20/2019,Kurunegala,Export,Kanda,Premium,3000,,
8/20/2019,Kurunegala,Export,Kanda,Standard,2500,,
8/20/2019,Kurunegala,Local,Peedunu,Premium,2500,,
8/20/2019,Kurunegala,Local,Peedunu,Standard,1500,,
8/20/2019,Kurunegala,Local,Keti,Premium,1000,,
8/20/2019,Kurunegala,Local,Keti,Standard,500,,
8/20/2019,Kurunegala,Local,Korikan,Premium,300,,
8/20/2019,Kurunegala,Local,Korikan,Standard,150,,
8/20/2019,Gampaha,Export,Peedunu,Premium,3500,,
8/20/2019,Gampaha,Export,Peedunu,Standard,2500,,
8/20/2019,Gampaha,Export,Kanda,Premium,2500,,
8/20/2019,Gampaha,Export,Kanda,Standard,1500,,
8/20/2019,Gampaha,Local,Peedunu,Premium,2500,,
8/20/2019,Gampaha,Local,Peedunu,Standard,2000,,
8/20/2019,Gampaha,Local,Keti,Premium,1500,,
8/20/2019,Gampaha,Local,Keti,Standard,1000,,
8/20/2019,Gampaha,Local,Korikan,Premium,300,,
8/20/2019,Gampaha,Local,Korikan,Standard,200,,
8/27/2019,Kurunegala,Export,Peedunu,Premium,5000,,
8/27/2019,Kurunegala,Export,Peedunu,Standard,2000,,
8/27/2019,Kurunegala,Export,Kanda,Premium,6000,,
8/27/2019,Kurunegala,Export,Kanda,Standard,2000,,
8/27/2019,Kurunegala,Local,Peedunu,Premium,2500,,
8/27/2019,Kurunegala,Local,Peedunu,Standard,1000,,
8/27/2019,Kurunegala,Local,Keti,Premium,800,,
8/27/2019,Kurunegala,Local,Keti,Standard,400,,
8/27/2019,Kurunegala,Local,Korikan,Premium,400,,
8/27/2019,Kurunegala,Local,Korikan,Standard,200,,
8/27/2019,Gampaha,Export,Peedunu,Premium,4500,,
8/27/2019,Gampaha,Export,Peedunu,Standard,2500,,
8/27/2019,Gampaha,Export,Kanda,Premium,2500,,
8/27/2019,Gampaha,Export,Kanda,Standard,2000,,
8/27/2019,Gampaha,Local,Peedunu,Premium,2000,,
8/27/2019,Gampaha,Local,Peedunu,Standard,1700,,
8/27/2019,Gampaha,Local,Keti,Premium,1500,,
8/27/2019,Gampaha,Local,Keti,Standard,1000,,
8/27/2019,Gampaha,Local,Korikan,Premium,300,,
8/27/2019,Gampaha,Local,Korikan,Standard,200,,
9/3/2019,Kurunegala,Export,Peedunu,Premium,4000,,
9/3/2019,Kurunegala,Export,Peedunu,Standard,2000,,
9/3/2019,Kurunegala,Export,Kanda,Premium,5000,,
9/3/2019,Kurunegala,Export,Kanda,Standard,2000,,
9/3/2019,Kurunegala,Local,Peedunu,Premium,2000,,
9/3/2019,Kurunegala,Local,Peedunu,Standard,1000,,
9/3/2019,Kurunegala,Local,Keti,Premium,800,,
9/3/2019,Kurunegala,Local,Keti,Standard,400,,
9/3/2019,Kurunegala,Local,Korikan,Premium,300,,
9/3/2019,Kurunegala,Local,Korikan,Standard,150,,
9/3/2019,Gampaha,Export,Peedunu,Premium,4500,,
9/3/2019,Gampaha,Export,Peedunu,Standard,2500,,
9/3/2019,Gampaha,Export,Kanda,Premium,2500,,
9/3/2019,Gampaha,Export,Kanda,Standard,2000,,
9/3/2019,Gampaha,Local,Peedunu,Premium,2500,,
9/3/2019,Gampaha,Local,Peedunu,Standard,2000,,
9/3/2019,Gampaha,Local,Keti,Premium,1800,,
9/3/2019,Gampaha,Local,Keti,Standard,1500,,
9/3/2019,Gampaha,Local,Korikan,Premium,400,,
9/3/2019,Gampaha,Local,Korikan,Standard,300,,
9/10/2019,Kurunegala,Export,Peedunu,Premium,5000,,
9/10/2019,Kurunegala,Export,Peedunu,Standard,2000,,
9/10/2019,Kurunegala,Export,Kanda,Premium,5000,,
9/10/2019,Kurunegala,Export,Kanda,Standard,2000,,
9/10/2019,Kurunegala,Local,Peedunu,Premium,2000,,
9/10/2019,Kurunegala,Local,Peedunu,Standard,1000,,
9/10/2019,Kurunegala,Local,Keti,Premium,800,,
9/10/2019,Kurunegala,Local,Keti,Standard,400,,
9/10/2019,Kurunegala,Local,Korikan,Premium,300,,
9/10/2019,Kurunegala,Local,Korikan,Standard,150,,
9/10/2019,Gampaha,Export,Peedunu,Premium,4000,,
9/10/2019,Gampaha,Export,Peedunu,Standard,2500,,
9/10/2019,Gampaha,Export,Kanda,Premium,3000,,
9/10/2019,Gampaha,Export,Kanda,Standard,2000,,
9/10/2019,Gampaha,Local,Peedunu,Premium,2200,,
9/10/2019,Gampaha,Local,Peedunu,Standard,2000,,
9/10/2019,Gampaha,Local,Keti,Premium,1300,,
9/10/2019,Gampaha,Local,Keti,Standard,1100,,
9/10/2019,Gampaha,Local,Korikan,Premium,300,,
9/10/2019,Gampaha,Local,Korikan,Standard,200,,
9/17/2019,Kurunegala,Export,Peedunu,Premium,6000,,
9/17/2019,Kurunegala,Export,Peedunu,Standard,3000,,
9/17/2019,Kurunegala,Export,Kanda,Premium,3000,,
9/17/2019,Kurunegala,Export,Kanda,Standard,2000,,
9/17/2019,Kurunegala,Local,Peedunu,Premium,2500,,
9/17/2019,Kurunegala,Local,Peedunu,Standard,1000,,
9/17/2019,Kurunegala,Local,Keti,Premium,1200,,
9/17/2019,Kurunegala,Local,Keti,Standard,400,,
9/17/2019,Kurunegala,Local,Korikan,Premium,300,,
9/17/2019,Kurunegala,Local,Korikan,Standard,150,,
9/17/2019,Gampaha,Export,Peedunu,Premium,4500,,
9/17/2019,Gampaha,Export,Peedunu,Standard,2500,,
9/17/2019,Gampaha,Export,Kanda,Premium,2500,,
9/17/2019,Gampaha,Export,Kanda,Standard,1500,,
9/17/2019,Gampaha,Local,Peedunu,Premium,1800,,
9/17/2019,Gampaha,Local,Peedunu,Standard,1500,,
9/17/2019,Gampaha,Local,Keti,Premium,1200,,
9/17/2019,Gampaha,Local,Keti,Standard,1000,,
9/17/2019,Gampaha,Local,Korikan,Premium,300,,
9/17/2019,Gampaha,Local,Korikan,Standard,250,,
9/24/2019,Kurunegala,Export,Peedunu,Premium,3000,,
9/24/2019,Kurunegala,Export,Peedunu,Standard,1000,,
9/24/2019,Kurunegala,Export,Kanda,Premium,2000,,
9/24/2019,Kurunegala,Export,Kanda,Standard,1000,,
9/24/2019,Kurunegala,Local,Peedunu,Premium,1200,,
9/24/2019,Kurunegala,Local,Peedunu,Standard,800,,
9/24/2019,Kurunegala,Local,Keti,Premium,700,,
9/24/2019,Kurunegala,Local,Keti,Standard,200,,
9/24/2019,Kurunegala,Local,Korikan,Premium,150,,
9/24/2019,Kurunegala,Local,Korikan,Standard,100,,
9/24/2019,Gampaha,Export,Peedunu,Premium,2700,,
9/24/2019,Gampaha,Export,Peedunu,Standard,1800,,
9/24/2019,Gampaha,Export,Kanda,Premium,1600,,
9/24/2019,Gampaha,Export,Kanda,Standard,1200,,
9/24/2019,Gampaha,Local,Peedunu,Premium,1500,,
9/24/2019,Gampaha,Local,Peedunu,Standard,1300,,
9/24/2019,Gampaha,Local,Keti,Premium,1000,,
9/24/2019,Gampaha,Local,Keti,Standard,800,,
9/24/2019,Gampaha,Local,Korikan,Premium,300,,
9/24/2019,Gampaha,Local,Korikan,Standard,250,,
10/1/2019,Kurunegala,Export,Peedunu,Premium,2500,,
10/1/2019,Kurunegala,Export,Peedunu,Standard,1000,,
10/1/2019,Kurunegala,Export,Kanda,Premium,2000,,
10/1/2019,Kurunegala,Export,Kanda,Standard,1000,,
10/1/2019,Kurunegala,Local,Peedunu,Premium,1000,,
10/1/2019,Kurunegala,Local,Peedunu,Standard,500,,
10/1/2019,Kurunegala,Local,Keti,Premium,500,,
10/1/2019,Kurunegala,Local,Keti,Standard,200,,
10/1/2019,Kurunegala,Local,Korikan,Premium,150,,
10/1/2019,Kurunegala,Local,Korikan,Standard,100,,
10/1/2019,Gampaha,Export,Peedunu,Premium,2200,,
10/1/2019,Gampaha,Export,Peedunu,Standard,2000,,
10/1/2019,Gampaha,Export,Kanda,Premium,1500,,
10/1/2019,Gampaha,Export,Kanda,Standard,1200,,
10/1/2019,Gampaha,Local,Peedunu,Premium,1800,,
10/1/2019,Gampaha,Local,Peedunu,Standard,1500,,
10/1/2019,Gampaha,Local,Keti,Premium,1200,,
10/1/2019,Gampaha,Local,Keti,Standard,1000,,
10/1/2019,Gampaha,Local,Korikan,Premium,300,,
10/1/2019,Gampaha,Local,Korikan,Standard,250,,
10/8/2019,Kurunegala,Export,Peedunu,Premium,2500,,
10/8/2019,Kurunegala,Export,Peedunu,Standard,1500,,
10/8/2019,Kurunegala,Export,Kanda,Premium,2500,,
10/8/2019,Kurunegala,Export,Kanda,Standard,1500,,
10/8/2019,Kurunegala,Local,Peedunu,Premium,1500,,
10/8/2019,Kurunegala,Local,Peedunu,Standard,500,,
10/8/2019,Kurunegala,Local,Keti,Premium,800,,
10/8/2019,Kurunegala,Local,Keti,Standard,200,,
10/8/2019,Kurunegala,Local,Korikan,Premium,150,,
10/8/2019,Kurunegala,Local,Korikan,Standard,100,,
10/8/2019,Gampaha,Export,Peedunu,Premium,2500,,
10/8/2019,Gampaha,Export,Peedunu,Standard,1800,,
10/8/2019,Gampaha,Export,Kanda,Premium,1800,,
10/8/2019,Gampaha,Export,Kanda,Standard,1500,,
10/8/2019,Gampaha,Local,Peedunu,Premium,1200,,
10/8/2019,Gampaha,Local,Peedunu,Standard,800,,
10/8/2019,Gampaha,Local,Keti,Premium,600,,
10/8/2019,Gampaha,Local,Keti,Standard,500,,
10/8/2019,Gampaha,Local,Korikan,Premium,300,,
10/8/2019,Gampaha,Local,Korikan,Standard,250,,
10/15/2019,Kurunegala,Export,Peedunu,Premium,4000,,
10/15/2019,Kurunegala,Export,Peedunu,Standard,2000,,
10/15/2019,Kurunegala,Export,Kanda,Premium,3000,,
10/15/2019,Kurunegala,Export,Kanda,Standard,2000,,
10/15/2019,Kurunegala,Local,Peedunu,Premium,2000,,
10/15/2019,Kurunegala,Local,Peedunu,Standard,800,,
10/15/2019,Kurunegala,Local,Keti,Premium,1000,,
10/15/2019,Kurunegala,Local,Keti,Standard,400,,
10/15/2019,Kurunegala,Local,Korikan,Premium,200,,
10/15/2019,Kurunegala,Local,Korikan,Standard,100,,
10/15/2019,Gampaha,Export,Peedunu,Premium,3000,,
10/15/2019,Gampaha,Export,Peedunu,Standard,2000,,
10/15/2019,Gampaha,Export,Kanda,Premium,2500,,
10/15/2019,Gampaha,Export,Kanda,Standard,2000,,
10/15/2019,Gampaha,Local,Peedunu,Premium,1500,,
10/15/2019,Gampaha,Local,Peedunu,Standard,1200,,
10/15/2019,Gampaha,Local,Keti,Premium,1000,,
10/15/2019,Gampaha,Local,Keti,Standard,800,,
10/15/2019,Gampaha,Local,Korikan,Premium,100,,
10/15/2019,Gampaha,Local,Korikan,Standard,100,,
10/22/2019,Kurunegala,Export,Peedunu,Premium,4000,,
10/22/2019,Kurunegala,Export,Peedunu,Standard,2000,,
10/22/2019,Kurunegala,Export,Kanda,Premium,3000,,
10/22/2019,Kurunegala,Export,Kanda,Standard,2000,,
10/22/2019,Kurunegala,Local,Peedunu,Premium,2500,,
10/22/2019,Kurunegala,Local,Peedunu,Standard,1200,,
10/22/2019,Kurunegala,Local,Keti,Premium,1000,,
10/22/2019,Kurunegala,Local,Keti,Standard,800,,
10/22/2019,Kurunegala,Local,Korikan,Premium,300,,
10/22/2019,Kurunegala,Local,Korikan,Standard,150,,
10/22/2019,Gampaha,Export,Peedunu,Premium,4500,,
10/22/2019,Gampaha,Export,Peedunu,Standard,3000,,
10/22/2019,Gampaha,Export,Kanda,Premium,3500,,
10/22/2019,Gampaha,Export,Kanda,Standard,2500,,
10/22/2019,Gampaha,Local,Peedunu,Premium,2000,,
10/22/2019,Gampaha,Local,Peedunu,Standard,1500,,
10/22/2019,Gampaha,Local,Keti,Premium,1000,,
10/22/2019,Gampaha,Local,Keti,Standard,800,,
10/22/2019,Gampaha,Local,Korikan,Premium,250,,
10/22/2019,Gampaha,Local,Korikan,Standard,150,,
10/29/2019,Kurunegala,Export,Peedunu,Premium,8000,,
10/29/2019,Kurunegala,Export,Peedunu,Standard,4000,,
10/29/2019,Kurunegala,Export,Kanda,Premium,6000,,
10/29/2019,Kurunegala,Export,Kanda,Standard,4000,,
10/29/2019,Kurunegala,Local,Peedunu,Premium,3000,,
10/29/2019,Kurunegala,Local,Peedunu,Standard,1500,,
10/29/2019,Kurunegala,Local,Keti,Premium,1000,,
10/29/2019,Kurunegala,Local,Keti,Standard,500,,
10/29/2019,Kurunegala,Local,Korikan,Premium,400,,
10/29/2019,Kurunegala,Local,Korikan,Standard,200,,
10/29/2019,Gampaha,Export,Peedunu,Premium,5500,,
10/29/2019,Gampaha,Export,Peedunu,Standard,4000,,
10/29/2019,Gampaha,Export,Kanda,Premium,5000,,
10/29/2019,Gampaha,Export,Kanda,Standard,4000,,
10/29/2019,Gampaha,Local,Peedunu,Premium,3000,,
10/29/2019,Gampaha,Local,Peedunu,Standard,2500,,
10/29/2019,Gampaha,Local,Keti,Premium,2000,,
10/29/2019,Gampaha,Local,Keti,Standard,1200,,
10/29/2019,Gampaha,Local,Korikan,Premium,500,,
10/29/2019,Gampaha,Local,Korikan,Standard,400,,
11/5/2019,Kurunegala,Export,Peedunu,Premium,8000,,
11/5/2019,Kurunegala,Export,Peedunu,Standard,4000,,
11/5/2019,Kurunegala,Export,Kanda,Premium,5000,,
11/5/2019,Kurunegala,Export,Kanda,Standard,4000,,
11/5/2019,Kurunegala,Local,Peedunu,Premium,3000,,
11/5/2019,Kurunegala,Local,Peedunu,Standard,1500,,
11/5/2019,Kurunegala,Local,Keti,Premium,1000,,
11/5/2019,Kurunegala,Local,Keti,Standard,500,,
11/5/2019,Kurunegala,Local,Korikan,Premium,400,,
11/5/2019,Kurunegala,Local,Korikan,Standard,200,,
11/5/2019,Gampaha,Export,Peedunu,Premium,5000,,
11/5/2019,Gampaha,Export,Peedunu,Standard,3000,,
11/5/2019,Gampaha,Export,Kanda,Premium,5000,,
11/5/2019,Gampaha,Export,Kanda,Standard,3000,,
11/5/2019,Gampaha,Local,Peedunu,Premium,2500,,
11/5/2019,Gampaha,Local,Peedunu,Standard,2000,,
11/5/2019,Gampaha,Local,Keti,Premium,1800,,
11/5/2019,Gampaha,Local,Keti,Standard,1500,,
11/5/2019,Gampaha,Local,Korikan,Premium,400,,
11/5/2019,Gampaha,Local,Korikan,Standard,300,,
11/11/2019,Kurunegala,Export,Peedunu,Premium,8000,,
11/11/2019,Kurunegala,Export,Peedunu,Standard,4000,,
11/11/2019,Kurunegala,Export,Kanda,Premium,5000,,
11/11/2019,Kurunegala,Export,Kanda,Standard,4000,,
11/11/2019,Kurunegala,Local,Peedunu,Premium,3500,,
11/11/2019,Kurunegala,Local,Peedunu,Standard,3500,,
11/11/2019,Kurunegala,Local,Keti,Premium,1000,,
11/11/2019,Kurunegala,Local,Keti,Standard,1000,,
11/11/2019,Kurunegala,Local,Korikan,Premium,400,,
11/11/2019,Kurunegala,Local,Korikan,Standard,200,,
11/11/2019,Gampaha,Export,Peedunu,Premium,7000,,
11/11/2019,Gampaha,Export,Peedunu,Standard,5000,,
11/11/2019,Gampaha,Export,Kanda,Premium,5000,,
11/11/2019,Gampaha,Export,Kanda,Standard,4000,,
11/11/2019,Gampaha,Local,Peedunu,Premium,4000,,
11/11/2019,Gampaha,Local,Peedunu,Standard,3000,,
11/11/2019,Gampaha,Local,Keti,Premium,2500,,
11/11/2019,Gampaha,Local,Keti,Standard,2000,,
11/11/2019,Gampaha,Local,Korikan,Premium,500,,
11/11/2019,Gampaha,Local,Korikan,Standard,300,,
11/19/2019,Kurunegala,Export,Peedunu,Premium,19000,,
11/19/2019,Kurunegala,Export,Peedunu,Standard,6000,,
11/19/2019,Kurunegala,Export,Kanda,Premium,7000,,
11/19/2019,Kurunegala,Export,Kanda,Standard,4000,,
11/19/2019,Kurunegala,Local,Peedunu,Premium,5000,,
11/19/2019,Kurunegala,Local,Peedunu,Standard,2000,,
11/19/2019,Kurunegala,Local,Keti,Premium,1500,,
11/19/2019,Kurunegala,Local,Keti,Standard,1000,,
11/19/2019,Kurunegala,Local,Korikan,Premium,500,,
11/19/2019,Kurunegala,Local,Korikan,Standard,250,,
11/19/2019,Gampaha,Export,Peedunu,Premium,10000,,
11/19/2019,Gampaha,Export,Peedunu,Standard,7000,,
11/19/2019,Gampaha,Export,Kanda,Premium,7000,,
11/19/2019,Gampaha,Export,Kanda,Standard,6000,,
11/19/2019,Gampaha,Local,Peedunu,Premium,3000,,
11/19/2019,Gampaha,Local,Peedunu,Standard,2500,,
11/19/2019,Gampaha,Local,Keti,Premium,2000,,
11/19/2019,Gampaha,Local,Keti,Standard,1500,,
11/19/2019,Gampaha,Local,Korikan,Premium,700,,
11/19/2019,Gampaha,Local,Korikan,Standard,600,,
11/26/2019,Kurunegala,Export,Peedunu,Premium,6000,,
11/26/2019,Kurunegala,Export,Peedunu,Standard,2000,,
11/26/2019,Kurunegala,Export,Kanda,Premium,4000,,
11/26/2019,Kurunegala,Export,Kanda,Standard,2000,,
11/26/2019,Kurunegala,Local,Peedunu,Premium,3000,,
11/26/2019,Kurunegala,Local,Peedunu,Standard,1500,,
11/26/2019,Kurunegala,Local,Keti,Premium,1000,,
11/26/2019,Kurunegala,Local,Keti,Standard,500,,
11/26/2019,Kurunegala,Local,Korikan,Premium,200,,
11/26/2019,Kurunegala,Local,Korikan,Standard,100,,
11/26/2019,Gampaha,Export,Peedunu,Premium,7000,,
11/26/2019,Gampaha,Export,Peedunu,Standard,4500,,
11/26/2019,Gampaha,Export,Kanda,Premium,3500,,
11/26/2019,Gampaha,Export,Kanda,Standard,3000,,
11/26/2019,Gampaha,Local,Peedunu,Premium,2500,,
11/26/2019,Gampaha,Local,Peedunu,Standard,2000,,
11/26/2019,Gampaha,Local,Keti,Premium,1500,,
11/26/2019,Gampaha,Local,Keti,Standard,1000,,
11/26/2019,Gampaha,Local,Korikan,Premium,250,,
11/26/2019,Gampaha,Local,Korikan,Standard,200,,
12/3/2019,Kurunegala,Export,Peedunu,Premium,7000,,
12/3/2019,Kurunegala,Export,Peedunu,Standard,2000,,
12/3/2019,Kurunegala,Export,Kanda,Premium,5000,,
12/3/2019,Kurunegala,Export,Kanda,Standard,2000,,
12/3/2019,Kurunegala,Local,Peedunu,Premium,3000,,
12/3/2019,Kurunegala,Local,Peedunu,Standard,1500,,
12/3/2019,Kurunegala,Local,Keti,Premium,1000,,
12/3/2019,Kurunegala,Local,Keti,Standard,500,,
12/3/2019,Kurunegala,Local,Korikan,Premium,200,,
12/3/2019,Kurunegala,Local,Korikan,Standard,100,,
12/3/2019,Gampaha,Export,Peedunu,Premium,7000,,
12/3/2019,Gampaha,Export,Peedunu,Standard,5000,,
12/3/2019,Gampaha,Export,Kanda,Premium,4000,,
12/3/2019,Gampaha,Export,Kanda,Standard,3000,,
12/3/2019,Gampaha,Local,Peedunu,Premium,2500,,
12/3/2019,Gampaha,Local,Peedunu,Standard,2000,,
12/3/2019,Gampaha,Local,Keti,Premium,1500,,
12/3/2019,Gampaha,Local,Keti,Standard,1000,,
12/3/2019,Gampaha,Local,Korikan,Premium,400,,
12/3/2019,Gampaha,Local,Korikan,Standard,300,,
12/9/2019,Kurunegala,Export,Peedunu,Premium,7000,,
12/9/2019,Kurunegala,Export,Peedunu,Standard,2000,,
12/9/2019,Kurunegala,Export,Kanda,Premium,5000,,
12/9/2019,Kurunegala,Export,Kanda,Standard,2000,,
12/9/2019,Kurunegala,Local,Peedunu,Premium,2000,,
12/9/2019,Kurunegala,Local,Peedunu,Standard,2000,,
12/9/2019,Kurunegala,Local,Keti,Premium,1000,,
12/9/2019,Kurunegala,Local,Keti,Standard,1000,,
12/9/2019,Kurunegala,Local,Korikan,Premium,200,,
12/9/2019,Kurunegala,Local,Korikan,Standard,100,,
12/9/2019,Gampaha,Export,Peedunu,Premium,7000,,
12/9/2019,Gampaha,Export,Peedunu,Standard,5000,,
12/9/2019,Gampaha,Export,Kanda,Premium,4000,,
12/9/2019,Gampaha,Export,Kanda,Standard,3000,,
12/9/2019,Gampaha,Local,Peedunu,Premium,2200,,
12/9/2019,Gampaha,Local,Peedunu,Standard,2000,,
12/9/2019,Gampaha,Local,Keti,Premium,1500,,
12/9/2019,Gampaha,Local,Keti,Standard,1200,,
12/9/2019,Gampaha,Local,Korikan,Premium,150,,
12/9/2019,Gampaha,Local,Korikan,Standard,100,,
12/17/2019,Kurunegala,Export,Peedunu,Premium,6000,,
12/17/2019,Kurunegala,Export,Peedunu,Standard,2000,,
12/17/2019,Kurunegala,Export,Kanda,Premium,4000,,
12/17/2019,Kurunegala,Export,Kanda,Standard,2000,,
12/17/2019,Kurunegala,Local,Peedunu,Premium,2500,,
12/17/2019,Kurunegala,Local,Peedunu,Standard,1500,,
12/17/2019,Kurunegala,Local,Keti,Premium,800,,
12/17/2019,Kurunegala,Local,Keti,Standard,500,,
12/17/2019,Kurunegala,Local,Korikan,Premium,200,,
12/17/2019,Kurunegala,Local,Korikan,Standard,100,,
12/17/2019,Gampaha,Export,Peedunu,Premium,7500,,
12/17/2019,Gampaha,Export,Peedunu,Standard,6000,,
12/17/2019,Gampaha,Export,Kanda,Premium,5000,,
12/17/2019,Gampaha,Export,Kanda,Standard,4000,,
12/17/2019,Gampaha,Local,Peedunu,Premium,2500,,
12/17/2019,Gampaha,Local,Peedunu,Standard,2000,,
12/17/2019,Gampaha,Local,Keti,Premium,1200,,
12/17/2019,Gampaha,Local,Keti,Standard,1000,,
12/17/2019,Gampaha,Local,Korikan,Premium,400,,
12/17/2019,Gampaha,Local,Korikan,Standard,300,,
12/23/2019,Kurunegala,Export,Peedunu,Premium,6000,,
12/23/2019,Kurunegala,Export,Peedunu,Standard,2000,,
12/23/2019,Kurunegala,Export,Kanda,Premium,4000,,
12/23/2019,Kurunegala,Export,Kanda,Standard,2000,,
12/23/2019,Kurunegala,Local,Peedunu,Premium,2500,,
12/23/2019,Kurunegala,Local,Peedunu,Standard,2500,,
12/23/2019,Kurunegala,Local,Keti,Premium,1200,,
12/23/2019,Kurunegala,Local,Keti,Standard,1200,,
12/23/2019,Kurunegala,Local,Korikan,Premium,200,,
12/23/2019,Kurunegala,Local,Korikan,Standard,100,,
12/23/2019,Gampaha,Export,Peedunu,Premium,7000,,
12/23/2019,Gampaha,Export,Peedunu,Standard,5000,,
12/23/2019,Gampaha,Export,Kanda,Premium,4000,,
12/23/2019,Gampaha,Export,Kanda,Standard,3000,,
12/23/2019,Gampaha,Local,Peedunu,Premium,3000,,
12/23/2019,Gampaha,Local,Peedunu,Standard,2000,,
12/23/2019,Gampaha,Local,Keti,Premium,1200,,
12/23/2019,Gampaha,Local,Keti,Standard,1000,,
12/23/2019,Gampaha,Local,Korikan,Premium,400,,
12/23/2019,Gampaha,Local,Korikan,Standard,300,,
12/31/2019,Kurunegala,Export,Peedunu,Premium,7000,,
12/31/2019,Kurunegala,Export,Peedunu,Standard,3000,,
12/31/2019,Kurunegala,Export,Kanda,Premium,6000,,
12/31/2019,Kurunegala,Export,Kanda,Standard,3000,,
12/31/2019,Kurunegala,Local,Peedunu,Premium,2500,,
12/31/2019,Kurunegala,Local,Peedunu,Standard,1500,,
12/31/2019,Kurunegala,Local,Keti,Premium,1000,,
12/31/2019,Kurunegala,Local,Keti,Standard,800,,
12/31/2019,Kurunegala,Local,Korikan,Premium,400,,
12/31/2019,Kurunegala,Local,Korikan,Standard,200,,
12/31/2019,Gampaha,Export,Peedunu,Premium,7000,,
12/31/2019,Gampaha,Export,Peedunu,Standard,6000,,
12/31/2019,Gampaha,Export,Kanda,Premium,4000,,
12/31/2019,Gampaha,Export,Kanda,Standard,3000,,
12/31/2019,Gampaha,Local,Peedunu,Premium,3500,,
12/31/2019,Gampaha,Local,Peedunu,Standard,3000,,
12/31/2019,Gampaha,Local,Keti,Premium,1200,,
12/31/2019,Gampaha,Local,Keti,Standard,1000,,
12/31/2019,Gampaha,Local,Korikan,Premium,600,,
12/31/2019,Gampaha,Local,Korikan,Standard,500,,
1/7/2020,Kurunegala,Export,Peedunu,Premium,7000,,
1/7/2020,Kurunegala,Export,Peedunu,Standard,3000,,
1/7/2020,Kurunegala,Export,Kanda,Premium,6000,,
1/7/2020,Kurunegala,Export,Kanda,Standard,3000,,
1/7/2020,Kurunegala,Local,Peedunu,Premium,2500,,
1/7/2020,Kurunegala,Local,Peedunu,Standard,1500,,
1/7/2020,Kurunegala,Local,Keti,Premium,1000,,
1/7/2020,Kurunegala,Local,Keti,Standard,800,,
1/7/2020,Kurunegala,Local,Korikan,Premium,400,,
1/7/2020,Kurunegala,Local,Korikan,Standard,200,,
1/7/2020,Gampaha,Export,Peedunu,Premium,7000,,
1/7/2020,Gampaha,Export,Peedunu,Standard,6000,,
1/7/2020,Gampaha,Export,Kanda,Premium,4000,,
1/7/2020,Gampaha,Export,Kanda,Standard,3000,,
1/7/2020,Gampaha,Local,Peedunu,Premium,3500,,
1/7/2020,Gampaha,Local,Peedunu,Standard,3000,,
1/7/2020,Gampaha,Local,Keti,Premium,1200,,
1/7/2020,Gampaha,Local,Keti,Standard,1000,,
1/7/2020,Gampaha,Local,Korikan,Premium,600,,
1/7/2020,Gampaha,Local,Korikan,Standard,500,,
1/13/2020,Kurunegala,Export,Peedunu,Premium,7000,,
1/13/2020,Kurunegala,Export,Peedunu,Standard,3000,,
1/13/2020,Kurunegala,Export,Kanda,Premium,6000,,
1/13/2020,Kurunegala,Export,Kanda,Standard,3000,,
1/13/2020,Kurunegala,Local,Peedunu,Premium,3000,,
1/13/2020,Kurunegala,Local,Peedunu,Standard,3000,,
1/13/2020,Kurunegala,Local,Keti,Premium,1000,,
1/13/2020,Kurunegala,Local,Keti,Standard,1000,,
1/13/2020,Kurunegala,Local,Korikan,Premium,400,,
1/13/2020,Kurunegala,Local,Korikan,Standard,200,,
1/13/2020,Gampaha,Export,Peedunu,Premium,5000,,
1/13/2020,Gampaha,Export,Peedunu,Standard,4000,,
1/13/2020,Gampaha,Export,Kanda,Premium,4000,,
1/13/2020,Gampaha,Export,Kanda,Standard,3500,,
1/13/2020,Gampaha,Local,Peedunu,Premium,3000,,
1/13/2020,Gampaha,Local,Peedunu,Standard,2750,,
1/13/2020,Gampaha,Local,Keti,Premium,2500,,
1/13/2020,Gampaha,Local,Keti,Standard,2000,,
1/13/2020,Gampaha,Local,Korikan,Premium,300,,
1/13/2020,Gampaha,Local,Korikan,Standard,200,,
1/21/2020,Kurunegala,Export,Peedunu,Premium,6000,,
1/21/2020,Kurunegala,Export,Peedunu,Standard,4000,,
1/21/2020,Kurunegala,Export,Kanda,Premium,6000,,
1/21/2020,Kurunegala,Export,Kanda,Standard,4000,,
1/21/2020,Kurunegala,Local,Peedunu,Premium,5000,,
1/21/2020,Kurunegala,Local,Peedunu,Standard,2000,,
1/21/2020,Kurunegala,Local,Keti,Premium,2000,,
1/21/2020,Kurunegala,Local,Keti,Standard,1000,,
1/21/2020,Kurunegala,Local,Korikan,Premium,300,,
1/21/2020,Kurunegala,Local,Korikan,Standard,400,,
1/21/2020,Gampaha,Export,Peedunu,Premium,7000,,
1/21/2020,Gampaha,Export,Peedunu,Standard,4500,,
1/21/2020,Gampaha,Export,Kanda,Premium,6000,,
1/21/2020,Gampaha,Export,Kanda,Standard,4000,,
1/21/2020,Gampaha,Local,Peedunu,Premium,4000,,
1/21/2020,Gampaha,Local,Peedunu,Standard,3000,,
1/21/2020,Gampaha,Local,Keti,Premium,3500,,
1/21/2020,Gampaha,Local,Keti,Standard,2500,,
1/21/2020,Gampaha,Local,Korikan,Premium,1000,,
1/21/2020,Gampaha,Local,Korikan,Standard,800,,
1/28/2020,Kurunegala,Export,Peedunu,Premium,6000,,
1/28/2020,Kurunegala,Export,Peedunu,Standard,4000,,
1/28/2020,Kurunegala,Export,Kanda,Premium,6000,,
1/28/2020,Kurunegala,Export,Kanda,Standard,4000,,
1/28/2020,Kurunegala,Local,Peedunu,Premium,5000,,
1/28/2020,Kurunegala,Local,Peedunu,Standard,2000,,
1/28/2020,Kurunegala,Local,Keti,Premium,2000,,
1/28/2020,Kurunegala,Local,Keti,Standard,1000,,
1/28/2020,Kurunegala,Local,Korikan,Premium,300,,
1/28/2020,Kurunegala,Local,Korikan,Standard,400,,
1/28/2020,Gampaha,Export,Peedunu,Premium,7000,,
1/28/2020,Gampaha,Export,Peedunu,Standard,4500,,
1/28/2020,Gampaha,Export,Kanda,Premium,6000,,
1/28/2020,Gampaha,Export,Kanda,Standard,4000,,
1/28/2020,Gampaha,Local,Peedunu,Premium,4000,,
1/28/2020,Gampaha,Local,Peedunu,Standard,3000,,
1/28/2020,Gampaha,Local,Keti,Premium,3500,,
1/28/2020,Gampaha,Local,Keti,Standard,2500,,
1/28/2020,Gampaha,Local,Korikan,Premium,1000,,
1/28/2020,Gampaha,Local,Korikan,Standard,800,,
2/3/2020,Kurunegala,Export,Peedunu,Premium,6000,,
2/3/2020,Kurunegala,Export,Peedunu,Standard,4000,,
2/3/2020,Kurunegala,Export,Kanda,Premium,6000,,
2/3/2020,Kurunegala,Export,Kanda,Standard,4000,,
2/3/2020,Kurunegala,Local,Peedunu,Premium,3500,,
2/3/2020,Kurunegala,Local,Peedunu,Standard,3500,,
2/3/2020,Kurunegala,Local,Keti,Premium,2000,,
2/3/2020,Kurunegala,Local,Keti,Standard,2000,,
2/3/2020,Kurunegala,Local,Korikan,Premium,300,,
2/3/2020,Kurunegala,Local,Korikan,Standard,400,,
2/3/2020,Gampaha,Export,Peedunu,Premium,5500,,
2/3/2020,Gampaha,Export,Peedunu,Standard,4000,,
2/3/2020,Gampaha,Export,Kanda,Premium,4000,,
2/3/2020,Gampaha,Export,Kanda,Standard,3000,,
2/3/2020,Gampaha,Local,Peedunu,Premium,3500,,
2/3/2020,Gampaha,Local,Peedunu,Standard,3000,,
2/3/2020,Gampaha,Local,Keti,Premium,1800,,
2/3/2020,Gampaha,Local,Keti,Standard,1500,,
2/3/2020,Gampaha,Local,Korikan,Premium,600,,
2/3/2020,Gampaha,Local,Korikan,Standard,300,,
2/11/2020,Kurunegala,Export,Peedunu,Premium,7000,,
2/11/2020,Kurunegala,Export,Peedunu,Standard,4000,,
2/11/2020,Kurunegala,Export,Kanda,Premium,8000,,
2/11/2020,Kurunegala,Export,Kanda,Standard,4000,,
2/11/2020,Kurunegala,Local,Peedunu,Premium,5000,,
2/11/2020,Kurunegala,Local,Peedunu,Standard,2500,,
2/11/2020,Kurunegala,Local,Keti,Premium,2000,,
2/11/2020,Kurunegala,Local,Keti,Standard,1000,,
2/11/2020,Kurunegala,Local,Korikan,Premium,500,,
2/11/2020,Kurunegala,Local,Korikan,Standard,200,,
2/11/2020,Gampaha,Export,Peedunu,Premium,7500,,
2/11/2020,Gampaha,Export,Peedunu,Standard,5000,,
2/11/2020,Gampaha,Export,Kanda,Premium,5000,,
2/11/2020,Gampaha,Export,Kanda,Standard,4000,,
2/11/2020,Gampaha,Local,Peedunu,Premium,4000,,
2/11/2020,Gampaha,Local,Peedunu,Standard,3500,,
2/11/2020,Gampaha,Local,Keti,Premium,3500,,
2/11/2020,Gampaha,Local,Keti,Standard,3000,,
2/11/2020,Gampaha,Local,Korikan,Premium,1000,,
2/11/2020,Gampaha,Local,Korikan,Standard,800,,
2/18/2020,Kurunegala,Export,Peedunu,Premium,10000,,
2/18/2020,Kurunegala,Export,Peedunu,Standard,5000,,
2/18/2020,Kurunegala,Export,Kanda,Premium,6000,,
2/18/2020,Kurunegala,Export,Kanda,Standard,4000,,
2/18/2020,Kurunegala,Local,Peedunu,Premium,6000,,
2/18/2020,Kurunegala,Local,Peedunu,Standard,2000,,
2/18/2020,Kurunegala,Local,Keti,Premium,3000,,
2/18/2020,Kurunegala,Local,Keti,Standard,1500,,
2/18/2020,Kurunegala,Local,Korikan,Premium,1000,,
2/18/2020,Kurunegala,Local,Korikan,Standard,500,,
2/18/2020,Gampaha,Export,Peedunu,Premium,8000,,
2/18/2020,Gampaha,Export,Peedunu,Standard,6000,,
2/18/2020,Gampaha,Export,Kanda,Premium,6000,,
2/18/2020,Gampaha,Export,Kanda,Standard,4000,,
2/18/2020,Gampaha,Local,Peedunu,Premium,4000,,
2/18/2020,Gampaha,Local,Peedunu,Standard,3500,,
2/18/2020,Gampaha,Local,Keti,Premium,3500,,
2/18/2020,Gampaha,Local,Keti,Standard,3000,,
2/18/2020,Gampaha,Local,Korikan,Premium,1000,,
2/18/2020,Gampaha,Local,Korikan,Standard,800,,
2/25/2020,Kurunegala,Export,Peedunu,Premium,15000,,
2/25/2020,Kurunegala,Export,Peedunu,Standard,4000,,
2/25/2020,Kurunegala,Export,Kanda,Premium,6000,,
2/25/2020,Kurunegala,Export,Kanda,Standard,3000,,
2/25/2020,Kurunegala,Local,Peedunu,Premium,10000,,
2/25/2020,Kurunegala,Local,Peedunu,Standard,4000,,
2/25/2020,Kurunegala,Local,Keti,Premium,3500,,
2/25/2020,Kurunegala,Local,Keti,Standard,3000,,
2/25/2020,Kurunegala,Local,Korikan,Premium,2000,,
2/25/2020,Kurunegala,Local,Korikan,Standard,1500,,
2/25/2020,Gampaha,Export,Peedunu,Premium,10000,,
2/25/2020,Gampaha,Export,Peedunu,Standard,7000,,
2/25/2020,Gampaha,Export,Kanda,Premium,6000,,
2/25/2020,Gampaha,Export,Kanda,Standard,5000,,
2/25/2020,Gampaha,Local,Peedunu,Premium,4000,,
2/25/2020,Gampaha,Local,Peedunu,Standard,3500,,
2/25/2020,Gampaha,Local,Keti,Premium,3000,,
2/25/2020,Gampaha,Local,Keti,Standard,2500,,
2/25/2020,Gampaha,Local,Korikan,Premium,1200,,
2/25/2020,Gampaha,Local,Korikan,Standard,1000,,
3/3/2020,Kurunegala,Export,Peedunu,Premium,12000,,
3/3/2020,Kurunegala,Export,Peedunu,Standard,6000,,
3/3/2020,Kurunegala,Export,Kanda,Premium,5000,,
3/3/2020,Kurunegala,Export,Kanda,Standard,3000,,
3/3/2020,Kurunegala,Local,Peedunu,Premium,6000,,
3/3/2020,Kurunegala,Local,Peedunu,Standard,3000,,
3/3/2020,Kurunegala,Local,Keti,Premium,3000,,
3/3/2020,Kurunegala,Local,Keti,Standard,1500,,
3/3/2020,Kurunegala,Local,Korikan,Premium,1000,,
3/3/2020,Kurunegala,Local,Korikan,Standard,500,,
3/3/2020,Gampaha,Export,Peedunu,Premium,10000,,
3/3/2020,Gampaha,Export,Peedunu,Standard,6000,,
3/3/2020,Gampaha,Export,Kanda,Premium,6000,,
3/3/2020,Gampaha,Export,Kanda,Standard,4500,,
3/3/2020,Gampaha,Local,Peedunu,Premium,4500,,
3/3/2020,Gampaha,Local,Peedunu,Standard,4000,,
3/3/2020,Gampaha,Local,Keti,Premium,3500,,
3/3/2020,Gampaha,Local,Keti,Standard,3000,,
3/3/2020,Gampaha,Local,Korikan,Premium,1500,,
3/3/2020,Gampaha,Local,Korikan,Standard,1000,,
3/10/2020,Kurunegala,Export,Peedunu,Premium,12000,,
3/10/2020,Kurunegala,Export,Peedunu,Standard,6000,,
3/10/2020,Kurunegala,Export,Kanda,Premium,5000,,
3/10/2020,Kurunegala,Export,Kanda,Standard,3000,,
3/10/2020,Kurunegala,Local,Peedunu,Premium,6000,,
3/10/2020,Kurunegala,Local,Peedunu,Standard,2000,,
3/10/2020,Kurunegala,Local,Keti,Premium,3000,,
3/10/2020,Kurunegala,Local,Keti,Standard,1500,,
3/10/2020,Kurunegala,Local,Korikan,Premium,1000,,
3/10/2020,Kurunegala,Local,Korikan,Standard,500,,
3/10/2020,Gampaha,Export,Peedunu,Premium,11000,,
3/10/2020,Gampaha,Export,Peedunu,Standard,7000,,
3/10/2020,Gampaha,Export,Kanda,Premium,6000,,
3/10/2020,Gampaha,Export,Kanda,Standard,4000,,
3/10/2020,Gampaha,Local,Peedunu,Premium,4500,,
3/10/2020,Gampaha,Local,Peedunu,Standard,4000,,
3/10/2020,Gampaha,Local,Keti,Premium,3500,,
3/10/2020,Gampaha,Local,Keti,Standard,3000,,
3/10/2020,Gampaha,Local,Korikan,Premium,2000,,
3/10/2020,Gampaha,Local,Korikan,Standard,1800,,
6/2/2020,Kurunegala,Export,Peedunu,Premium,5000,,
6/2/2020,Kurunegala,Export,Peedunu,Standard,2500,,
6/2/2020,Kurunegala,Export,Kanda,Premium,2000,,
6/2/2020,Kurunegala,Export,Kanda,Standard,1500,,
6/2/2020,Kurunegala,Local,Peedunu,Premium,1500,,
6/2/2020,Kurunegala,Local,Peedunu,Standard,1500,,
6/2/2020,Kurunegala,Local,Keti,Premium,800,,
6/2/2020,Kurunegala,Local,Keti,Standard,800,,
6/2/2020,Kurunegala,Local,Korikan,Premium,400,,
6/2/2020,Kurunegala,Local,Korikan,Standard,200,,
6/2/2020,Gampaha,Export,Peedunu,Premium,5000,,
6/2/2020,Gampaha,Export,Peedunu,Standard,2500,,
6/2/2020,Gampaha,Export,Kanda,Premium,2000,,
6/2/2020,Gampaha,Export,Kanda,Standard,1500,,
6/2/2020,Gampaha,Local,Peedunu,Premium,1500,,
6/2/2020,Gampaha,Local,Peedunu,Standard,1200,,
6/2/2020,Gampaha,Local,Keti,Premium,600,,
6/2/2020,Gampaha,Local,Keti,Standard,550,,
6/2/2020,Gampaha,Local,Korikan,Premium,400,,
6/2/2020,Gampaha,Local,Korikan,Standard,200,,
6/9/2020,Kurunegala,Export,Peedunu,Premium,4500,,
6/9/2020,Kurunegala,Export,Peedunu,Standard,2500,,
6/9/2020,Kurunegala,Export,Kanda,Premium,3000,,
6/9/2020,Kurunegala,Export,Kanda,Standard,2000,,
6/9/2020,Kurunegala,Local,Peedunu,Premium,2000,,
6/9/2020,Kurunegala,Local,Peedunu,Standard,2000,,
6/9/2020,Kurunegala,Local,Keti,Premium,1000,,
6/9/2020,Kurunegala,Local,Keti,Standard,1000,,
6/9/2020,Kurunegala,Local,Korikan,Premium,400,,
6/9/2020,Kurunegala,Local,Korikan,Standard,200,,
6/9/2020,Gampaha,Export,Peedunu,Premium,4500,,
6/9/2020,Gampaha,Export,Peedunu,Standard,2500,,
6/9/2020,Gampaha,Export,Kanda,Premium,3000,,
6/9/2020,Gampaha,Export,Kanda,Standard,2000,,
6/9/2020,Gampaha,Local,Peedunu,Premium,1800,,
6/9/2020,Gampaha,Local,Peedunu,Standard,1600,,
6/9/2020,Gampaha,Local,Keti,Premium,1000,,
6/9/2020,Gampaha,Local,Keti,Standard,800,,
6/9/2020,Gampaha,Local,Korikan,Premium,400,,
6/9/2020,Gampaha,Local,Korikan,Standard,200,,
6/16/2020,Kurunegala,Export,Peedunu,Premium,2000,,
6/16/2020,Kurunegala,Export,Peedunu,Standard,1500,,
6/16/2020,Kurunegala,Export,Kanda,Premium,1000,,
6/16/2020,Kurunegala,Export,Kanda,Standard,500,,
6/16/2020,Kurunegala,Local,Peedunu,Premium,1500,,
6/16/2020,Kurunegala,Local,Peedunu,Standard,1000,,
6/16/2020,Kurunegala,Local,Keti,Premium,700,,
6/16/2020,Kurunegala,Local,Keti,Standard,500,,
6/16/2020,Kurunegala,Local,Korikan,Premium,400,,
6/16/2020,Kurunegala,Local,Korikan,Standard,100,,
6/16/2020,Gampaha,Export,Peedunu,Premium,1000,,
6/16/2020,Gampaha,Export,Peedunu,Standard,500,,
6/16/2020,Gampaha,Export,Kanda,Premium,1000,,
6/16/2020,Gampaha,Export,Kanda,Standard,500,,
6/16/2020,Gampaha,Local,Peedunu,Premium,800,,
6/16/2020,Gampaha,Local,Peedunu,Standard,500,,
6/16/2020,Gampaha,Local,Keti,Premium,300,,
6/16/2020,Gampaha,Local,Keti,Standard,200,,
6/16/2020,Gampaha,Local,Korikan,Premium,300,,
6/16/2020,Gampaha,Local,Korikan,Standard,150,,
6/23/2020,Kurunegala,Export,Peedunu,Premium,1500,,
6/23/2020,Kurunegala,Export,Peedunu,Standard,1000,,
6/23/2020,Kurunegala,Export,Kanda,Premium,1000,,
6/23/2020,Kurunegala,Export,Kanda,Standard,500,,
6/23/2020,Kurunegala,Local,Peedunu,Premium,1000,,
6/23/2020,Kurunegala,Local,Peedunu,Standard,800,,
6/23/2020,Kurunegala,Local,Keti,Premium,500,,
6/23/2020,Kurunegala,Local,Keti,Standard,400,,
6/23/2020,Kurunegala,Local,Korikan,Premium,200,,
6/23/2020,Kurunegala,Local,Korikan,Standard,100,,
6/23/2020,Gampaha,Export,Peedunu,Premium,3000,,
6/23/2020,Gampaha,Export,Peedunu,Standard,2500,,
6/23/2020,Gampaha,Export,Kanda,Premium,2500,,
6/23/2020,Gampaha,Export,Kanda,Standard,2000,,
6/23/2020,Gampaha,Local,Peedunu,Premium,1800,,
6/23/2020,Gampaha,Local,Peedunu,Standard,1500,,
6/23/2020,Gampaha,Local,Keti,Premium,700,,
6/23/2020,Gampaha,Local,Keti,Standard,500,,
6/23/2020,Gampaha,Local,Korikan,Premium,200,,
6/23/2020,Gampaha,Local,Korikan,Standard,100,,
6/30/2020,Kurunegala,Export,Peedunu,Premium,1500,,
6/30/2020,Kurunegala,Export,Peedunu,Standard,1000,,
6/30/2020,Kurunegala,Export,Kanda,Premium,1000,,
6/30/2020,Kurunegala,Export,Kanda,Standard,500,,
6/30/2020,Kurunegala,Local,Peedunu,Premium,1000,,
6/30/2020,Kurunegala,Local,Peedunu,Standard,800,,
6/30/2020,Kurunegala,Local,Keti,Premium,500,,
6/30/2020,Kurunegala,Local,Keti,Standard,400,,
6/30/2020,Kurunegala,Local,Korikan,Premium,200,,
6/30/2020,Kurunegala,Local,Korikan,Standard,100,,
6/30/2020,Gampaha,Export,Peedunu,Premium,3000,,
6/30/2020,Gampaha,Export,Peedunu,Standard,2500,,
6/30/2020,Gampaha,Export,Kanda,Premium,2500,,
6/30/2020,Gampaha,Export,Kanda,Standard,2000,,
6/30/2020,Gampaha,Local,Peedunu,Premium,1800,,
6/30/2020,Gampaha,Local,Peedunu,Standard,1500,,
6/30/2020,Gampaha,Local,Keti,Premium,700,,
6/30/2020,Gampaha,Local,Keti,Standard,500,,
6/30/2020,Gampaha,Local,Korikan,Premium,200,,
6/30/2020,Gampaha,Local,Korikan,Standard,100,,
7/7/2020,Kurunegala,Export,Peedunu,Premium,1500,,
7/7/2020,Kurunegala,Export,Peedunu,Standard,1000,,
7/7/2020,Kurunegala,Export,Kanda,Premium,1500,,
7/7/2020,Kurunegala,Export,Kanda,Standard,1000,,
7/7/2020,Kurunegala,Local,Peedunu,Premium,1000,,
7/7/2020,Kurunegala,Local,Peedunu,Standard,800,,
7/7/2020,Kurunegala,Local,Keti,Premium,600,,
7/7/2020,Kurunegala,Local,Keti,Standard,400,,
7/7/2020,Kurunegala,Local,Korikan,Premium,200,,
7/7/2020,Kurunegala,Local,Korikan,Standard,100,,
7/7/2020,Gampaha,Export,Peedunu,Premium,2500,,
7/7/2020,Gampaha,Export,Peedunu,Standard,1800,,
7/7/2020,Gampaha,Export,Kanda,Premium,2000,,
7/7/2020,Gampaha,Export,Kanda,Standard,1500,,
7/7/2020,Gampaha,Local,Peedunu,Premium,1500,,
7/7/2020,Gampaha,Local,Peedunu,Standard,1000,,
7/7/2020,Gampaha,Local,Keti,Premium,700,,
7/7/2020,Gampaha,Local,Keti,Standard,500,,
7/7/2020,Gampaha,Local,Korikan,Premium,200,,
7/7/2020,Gampaha,Local,Korikan,Standard,100,,
7/14/2020,Kurunegala,Export,Peedunu,Premium,1500,,
7/14/2020,Kurunegala,Export,Peedunu,Standard,1000,,
7/14/2020,Kurunegala,Export,Kanda,Premium,1500,,
7/14/2020,Kurunegala,Export,Kanda,Standard,1000,,
7/14/2020,Kurunegala,Local,Peedunu,Premium,800,,
7/14/2020,Kurunegala,Local,Peedunu,Standard,500,,
7/14/2020,Kurunegala,Local,Keti,Premium,400,,
7/14/2020,Kurunegala,Local,Keti,Standard,200,,
7/14/2020,Kurunegala,Local,Korikan,Premium,100,,
7/14/2020,Kurunegala,Local,Korikan,Standard,50,,
7/14/2020,Gampaha,Export,Peedunu,Premium,2000,,
7/14/2020,Gampaha,Export,Peedunu,Standard,1000,,
7/14/2020,Gampaha,Export,Kanda,Premium,2000,,
7/14/2020,Gampaha,Export,Kanda,Standard,1000,,
7/14/2020,Gampaha,Local,Peedunu,Premium,1000,,
7/14/2020,Gampaha,Local,Peedunu,Standard,700,,
7/14/2020,Gampaha,Local,Keti,Premium,500,,
7/14/2020,Gampaha,Local,Keti,Standard,200,,
7/14/2020,Gampaha,Local,Korikan,Premium,200,,
7/14/2020,Gampaha,Local,Korikan,Standard,100,,
7/21/2020,Kurunegala,Export,Peedunu,Premium,1500,,
7/21/2020,Kurunegala,Export,Peedunu,Standard,1000,,
7/21/2020,Kurunegala,Export,Kanda,Premium,1500,,
7/21/2020,Kurunegala,Export,Kanda,Standard,1000,,
7/21/2020,Kurunegala,Local,Peedunu,Premium,800,,
7/21/2020,Kurunegala,Local,Peedunu,Standard,500,,
7/21/2020,Kurunegala,Local,Keti,Premium,400,,
7/21/2020,Kurunegala,Local,Keti,Standard,200,,
7/21/2020,Kurunegala,Local,Korikan,Premium,100,,
7/21/2020,Kurunegala,Local,Korikan,Standard,50,,
7/21/2020,Gampaha,Export,Peedunu,Premium,2000,,
7/21/2020,Gampaha,Export,Peedunu,Standard,1000,,
7/21/2020,Gampaha,Export,Kanda,Premium,2000,,
7/21/2020,Gampaha,Export,Kanda,Standard,1000,,
7/21/2020,Gampaha,Local,Peedunu,Premium,1000,,
7/21/2020,Gampaha,Local,Peedunu,Standard,700,,
7/21/2020,Gampaha,Local,Keti,Premium,500,,
7/21/2020,Gampaha,Local,Keti,Standard,200,,
7/21/2020,Gampaha,Local,Korikan,Premium,200,,
7/21/2020,Gampaha,Local,Korikan,Standard,100,,
7/28/2020,Kurunegala,Export,Peedunu,Premium,1500,,
7/28/2020,Kurunegala,Export,Peedunu,Standard,1000,,
7/28/2020,Kurunegala,Export,Kanda,Premium,1500,,
7/28/2020,Kurunegala,Export,Kanda,Standard,1000,,
7/28/2020,Kurunegala,Local,Peedunu,Premium,800,,
7/28/2020,Kurunegala,Local,Peedunu,Standard,500,,
7/28/2020,Kurunegala,Local,Keti,Premium,400,,
7/28/2020,Kurunegala,Local,Keti,Standard,200,,
7/28/2020,Kurunegala,Local,Korikan,Premium,100,,
7/28/2020,Kurunegala,Local,Korikan,Standard,50,,
7/28/2020,Gampaha,Export,Peedunu,Premium,3500,,
7/28/2020,Gampaha,Export,Peedunu,Standard,2000,,
7/28/2020,Gampaha,Export,Kanda,Premium,2200,,
7/28/2020,Gampaha,Export,Kanda,Standard,1500,,
7/28/2020,Gampaha,Local,Peedunu,Premium,1200,,
7/28/2020,Gampaha,Local,Peedunu,Standard,1000,,
7/28/2020,Gampaha,Local,Keti,Premium,700,,
7/28/2020,Gampaha,Local,Keti,Standard,500,,
7/28/2020,Gampaha,Local,Korikan,Premium,200,,
7/28/2020,Gampaha,Local,Korikan,Standard,100,,
8/4/2020,Kurunegala,Export,Peedunu,Premium,1500,,
8/4/2020,Kurunegala,Export,Peedunu,Standard,1000,,
8/4/2020,Kurunegala,Export,Kanda,Premium,1500,,
8/4/2020,Kurunegala,Export,Kanda,Standard,1000,,
8/4/2020,Kurunegala,Local,Peedunu,Premium,2000,,
8/4/2020,Kurunegala,Local,Peedunu,Standard,2000,,
8/4/2020,Kurunegala,Local,Keti,Premium,1000,,
8/4/2020,Kurunegala,Local,Keti,Standard,1000,,
8/4/2020,Kurunegala,Local,Korikan,Premium,100,,
8/4/2020,Kurunegala,Local,Korikan,Standard,50,,
8/4/2020,Gampaha,Export,Peedunu,Premium,2500,,
8/4/2020,Gampaha,Export,Peedunu,Standard,2000,,
8/4/2020,Gampaha,Export,Kanda,Premium,1500,,
8/4/2020,Gampaha,Export,Kanda,Standard,1000,,
8/4/2020,Gampaha,Local,Peedunu,Premium,1200,,
8/4/2020,Gampaha,Local,Peedunu,Standard,1000,,
8/4/2020,Gampaha,Local,Keti,Premium,800,,
8/4/2020,Gampaha,Local,Keti,Standard,500,,
8/4/2020,Gampaha,Local,Korikan,Premium,200,,
8/4/2020,Gampaha,Local,Korikan,Standard,100,,
8/11/2020,Kurunegala,Export,Peedunu,Premium,2000,,
8/11/2020,Kurunegala,Export,Peedunu,Standard,1500,,
8/11/2020,Kurunegala,Export,Kanda,Premium,2000,,
8/11/2020,Kurunegala,Export,Kanda,Standard,1500,,
8/11/2020,Kurunegala,Local,Peedunu,Premium,1500,,
8/11/2020,Kurunegala,Local,Peedunu,Standard,1000,,
8/11/2020,Kurunegala,Local,Keti,Premium,500,,
8/11/2020,Kurunegala,Local,Keti,Standard,300,,
8/11/2020,Kurunegala,Local,Korikan,Premium,150,,
8/11/2020,Kurunegala,Local,Korikan,Standard,100,,
8/11/2020,Gampaha,Export,Peedunu,Premium,5000,,
8/11/2020,Gampaha,Export,Peedunu,Standard,3000,,
8/11/2020,Gampaha,Export,Kanda,Premium,3000,,
8/11/2020,Gampaha,Export,Kanda,Standard,2000,,
8/11/2020,Gampaha,Local,Peedunu,Premium,2500,,
8/11/2020,Gampaha,Local,Peedunu,Standard,2000,,
8/11/2020,Gampaha,Local,Keti,Premium,1500,,
8/11/2020,Gampaha,Local,Keti,Standard,1000,,
8/11/2020,Gampaha,Local,Korikan,Premium,600,,
8/11/2020,Gampaha,Local,Korikan,Standard,500,,
8/18/2020,Kurunegala,Export,Peedunu,Premium,2500,,
8/18/2020,Kurunegala,Export,Peedunu,Standard,1500,,
8/18/2020,Kurunegala,Export,Kanda,Premium,2000,,
8/18/2020,Kurunegala,Export,Kanda,Standard,1500,,
8/18/2020,Kurunegala,Local,Peedunu,Premium,2000,,
8/18/2020,Kurunegala,Local,Peedunu,Standard,1000,,
8/18/2020,Kurunegala,Local,Keti,Premium,800,,
8/18/2020,Kurunegala,Local,Keti,Standard,400,,
8/18/2020,Kurunegala,Local,Korikan,Premium,200,,
8/18/2020,Kurunegala,Local,Korikan,Standard,100,,
8/18/2020,Gampaha,Export,Peedunu,Premium,3500,,
8/18/2020,Gampaha,Export,Peedunu,Standard,2000,,
8/18/2020,Gampaha,Export,Kanda,Premium,2500,,
8/18/2020,Gampaha,Export,Kanda,Standard,2000,,
8/18/2020,Gampaha,Local,Peedunu,Premium,1800,,
8/18/2020,Gampaha,Local,Peedunu,Standard,1500,,
8/18/2020,Gampaha,Local,Keti,Premium,1000,,
8/18/2020,Gampaha,Local,Keti,Standard,800,,
8/18/2020,Gampaha,Local,Korikan,Premium,300,,
8/18/2020,Gampaha,Local,Korikan,Standard,300,,
8/25/2020,Kurunegala,Export,Peedunu,Premium,5000,,
8/25/2020,Kurunegala,Export,Peedunu,Standard,2500,,
8/25/2020,Kurunegala,Export,Kanda,Premium,6000,,
8/25/2020,Kurunegala,Export,Kanda,Standard,2500,,
8/25/2020,Kurunegala,Local,Peedunu,Premium,4000,,
8/25/2020,Kurunegala,Local,Peedunu,Standard,2000,,
8/25/2020,Kurunegala,Local,Keti,Premium,1000,,
8/25/2020,Kurunegala,Local,Keti,Standard,500,,
8/25/2020,Kurunegala,Local,Korikan,Premium,400,,
8/25/2020,Kurunegala,Local,Korikan,Standard,200,,
8/25/2020,Gampaha,Export,Peedunu,Premium,4500,,
8/25/2020,Gampaha,Export,Peedunu,Standard,3500,,
8/25/2020,Gampaha,Export,Kanda,Premium,3000,,
8/25/2020,Gampaha,Export,Kanda,Standard,2500,,
8/25/2020,Gampaha,Local,Peedunu,Premium,2000,,
8/25/2020,Gampaha,Local,Peedunu,Standard,1700,,
8/25/2020,Gampaha,Local,Keti,Premium,1000,,
8/25/2020,Gampaha,Local,Keti,Standard,800,,
8/25/2020,Gampaha,Local,Korikan,Premium,250,,
8/25/2020,Gampaha,Local,Korikan,Standard,250,,
8/31/2020,Kurunegala,Export,Peedunu,Premium,5000,,
8/31/2020,Kurunegala,Export,Peedunu,Standard,2500,,
8/31/2020,Kurunegala,Export,Kanda,Premium,6000,,
8/31/2020,Kurunegala,Export,Kanda,Standard,2500,,
8/31/2020,Kurunegala,Local,Peedunu,Premium,4000,,
8/31/2020,Kurunegala,Local,Peedunu,Standard,2000,,
8/31/2020,Kurunegala,Local,Keti,Premium,1000,,
8/31/2020,Kurunegala,Local,Keti,Standard,500,,
8/31/2020,Kurunegala,Local,Korikan,Premium,400,,
8/31/2020,Kurunegala,Local,Korikan,Standard,200,,
8/31/2020,Gampaha,Export,Peedunu,Premium,3500,,
8/31/2020,Gampaha,Export,Peedunu,Standard,3000,,
8/31/2020,Gampaha,Export,Kanda,Premium,2500,,
8/31/2020,Gampaha,Export,Kanda,Standard,2000,,
8/31/2020,Gampaha,Local,Peedunu,Premium,1500,,
8/31/2020,Gampaha,Local,Peedunu,Standard,1200,,
8/31/2020,Gampaha,Local,Keti,Premium,700,,
8/31/2020,Gampaha,Local,Keti,Standard,500,,
8/31/2020,Gampaha,Local,Korikan,Premium,200,,
8/31/2020,Gampaha,Local,Korikan,Standard,100,,
9/8/2020,Kurunegala,Export,Peedunu,Premium,3000,,
9/8/2020,Kurunegala,Export,Peedunu,Standard,2500,,
9/8/2020,Kurunegala,Export,Kanda,Premium,3000,,
9/8/2020,Kurunegala,Export,Kanda,Standard,2000,,
9/8/2020,Kurunegala,Local,Peedunu,Premium,1500,,
9/8/2020,Kurunegala,Local,Peedunu,Standard,1000,,
9/8/2020,Kurunegala,Local,Keti,Premium,800,,
9/8/2020,Kurunegala,Local,Keti,Standard,400,,
9/8/2020,Kurunegala,Local,Korikan,Premium,200,,
9/8/2020,Kurunegala,Local,Korikan,Standard,100,,
9/8/2020,Gampaha,Export,Peedunu,Premium,4000,,
9/8/2020,Gampaha,Export,Peedunu,Standard,3000,,
9/8/2020,Gampaha,Export,Kanda,Premium,2000,,
9/8/2020,Gampaha,Export,Kanda,Standard,1500,,
9/8/2020,Gampaha,Local,Peedunu,Premium,1700,,
9/8/2020,Gampaha,Local,Peedunu,Standard,1500,,
9/8/2020,Gampaha,Local,Keti,Premium,1000,,
9/8/2020,Gampaha,Local,Keti,Standard,800,,
9/8/2020,Gampaha,Local,Korikan,Premium,250,,
9/8/2020,Gampaha,Local,Korikan,Standard,200,,
9/15/2020,Kurunegala,Export,Peedunu,Premium,4000,,
9/15/2020,Kurunegala,Export,Peedunu,Standard,3000,,
9/15/2020,Kurunegala,Export,Kanda,Premium,1500,,
9/15/2020,Kurunegala,Export,Kanda,Standard,1000,,
9/15/2020,Kurunegala,Local,Peedunu,Premium,1500,,
9/15/2020,Kurunegala,Local,Peedunu,Standard,800,,
9/15/2020,Kurunegala,Local,Keti,Premium,500,,
9/15/2020,Kurunegala,Local,Keti,Standard,200,,
9/15/2020,Kurunegala,Local,Korikan,Premium,200,,
9/15/2020,Kurunegala,Local,Korikan,Standard,100,,
9/15/2020,Gampaha,Export,Peedunu,Premium,2500,,
9/15/2020,Gampaha,Export,Peedunu,Standard,2000,,
9/15/2020,Gampaha,Export,Kanda,Premium,1500,,
9/15/2020,Gampaha,Export,Kanda,Standard,1000,,
9/15/2020,Gampaha,Local,Peedunu,Premium,1700,,
9/15/2020,Gampaha,Local,Peedunu,Standard,1500,,
9/15/2020,Gampaha,Local,Keti,Premium,700,,
9/15/2020,Gampaha,Local,Keti,Standard,500,,
9/15/2020,Gampaha,Local,Korikan,Premium,250,,
9/15/2020,Gampaha,Local,Korikan,Standard,200,,
9/22/2020,Kurunegala,Export,Peedunu,Premium,4000,,
9/22/2020,Kurunegala,Export,Peedunu,Standard,2000,,
9/22/2020,Kurunegala,Export,Kanda,Premium,2000,,
9/22/2020,Kurunegala,Export,Kanda,Standard,1500,,
9/22/2020,Kurunegala,Local,Peedunu,Premium,2000,,
9/22/2020,Kurunegala,Local,Peedunu,Standard,1500,,
9/22/2020,Kurunegala,Local,Keti,Premium,800,,
9/22/2020,Kurunegala,Local,Keti,Standard,400,,
9/22/2020,Kurunegala,Local,Korikan,Premium,200,,
9/22/2020,Kurunegala,Local,Korikan,Standard,100,,
9/22/2020,Gampaha,Export,Peedunu,Premium,4000,,
9/22/2020,Gampaha,Export,Peedunu,Standard,2500,,
9/22/2020,Gampaha,Export,Kanda,Premium,2500,,
9/22/2020,Gampaha,Export,Kanda,Standard,2000,,
9/22/2020,Gampaha,Local,Peedunu,Premium,2000,,
9/22/2020,Gampaha,Local,Peedunu,Standard,1700,,
9/22/2020,Gampaha,Local,Keti,Premium,1200,,
9/22/2020,Gampaha,Local,Keti,Standard,1000,,
9/22/2020,Gampaha,Local,Korikan,Premium,250,,
9/22/2020,Gampaha,Local,Korikan,Standard,200,,
9/29/2020,Kurunegala,Export,Peedunu,Premium,6000,,
9/29/2020,Kurunegala,Export,Peedunu,Standard,3000,,
9/29/2020,Kurunegala,Export,Kanda,Premium,3000,,
9/29/2020,Kurunegala,Export,Kanda,Standard,2000,,
9/29/2020,Kurunegala,Local,Peedunu,Premium,2500,,
9/29/2020,Kurunegala,Local,Peedunu,Standard,1000,,
9/29/2020,Kurunegala,Local,Keti,Premium,600,,
9/29/2020,Kurunegala,Local,Keti,Standard,300,,
9/29/2020,Kurunegala,Local,Korikan,Premium,200,,
9/29/2020,Kurunegala,Local,Korikan,Standard,100,,
9/29/2020,Gampaha,Export,Peedunu,Premium,4000,,
9/29/2020,Gampaha,Export,Peedunu,Standard,3500,,
9/29/2020,Gampaha,Export,Kanda,Premium,2500,,
9/29/2020,Gampaha,Export,Kanda,Standard,2000,,
9/29/2020,Gampaha,Local,Peedunu,Premium,2000,,
9/29/2020,Gampaha,Local,Peedunu,Standard,1500,,
9/29/2020,Gampaha,Local,Keti,Premium,1200,,
9/29/2020,Gampaha,Local,Keti,Standard,1000,,
9/29/2020,Gampaha,Local,Korikan,Premium,300,,
9/29/2020,Gampaha,Local,Korikan,Standard,200,,
10/6/2020,Kurunegala,Export,Peedunu,Premium,4000,,
10/6/2020,Kurunegala,Export,Peedunu,Standard,2000,,
10/6/2020,Kurunegala,Export,Kanda,Premium,3000,,
10/6/2020,Kurunegala,Export,Kanda,Standard,2000,,
10/6/2020,Kurunegala,Local,Peedunu,Premium,2000,,
10/6/2020,Kurunegala,Local,Peedunu,Standard,1500,,
10/6/2020,Kurunegala,Local,Keti,Premium,800,,
10/6/2020,Kurunegala,Local,Keti,Standard,400,,
10/6/2020,Kurunegala,Local,Korikan,Premium,200,,
10/6/2020,Kurunegala,Local,Korikan,Standard,100,,
10/6/2020,Gampaha,Export,Peedunu,Premium,4000,,
10/6/2020,Gampaha,Export,Peedunu,Standard,2500,,
10/6/2020,Gampaha,Export,Kanda,Premium,2000,,
10/6/2020,Gampaha,Export,Kanda,Standard,1500,,
10/6/2020,Gampaha,Local,Peedunu,Premium,1800,,
10/6/2020,Gampaha,Local,Peedunu,Standard,1500,,
10/6/2020,Gampaha,Local,Keti,Premium,1200,,
10/6/2020,Gampaha,Local,Keti,Standard,800,,
10/6/2020,Gampaha,Local,Korikan,Premium,250,,
10/6/2020,Gampaha,Local,Korikan,Standard,200,,
10/13/2020,Kurunegala,Export,Peedunu,Premium,3000,,
10/13/2020,Kurunegala,Export,Peedunu,Standard,1500,,
10/13/2020,Kurunegala,Export,Kanda,Premium,3000,,
10/13/2020,Kurunegala,Export,Kanda,Standard,1500,,
10/13/2020,Kurunegala,Local,Peedunu,Premium,1200,,
10/13/2020,Kurunegala,Local,Peedunu,Standard,600,,
10/13/2020,Kurunegala,Local,Keti,Premium,500,,
10/13/2020,Kurunegala,Local,Keti,Standard,250,,
10/13/2020,Kurunegala,Local,Korikan,Premium,150,,
10/13/2020,Kurunegala,Local,Korikan,Standard,100,,
10/13/2020,Gampaha,Export,Peedunu,Premium,3000,,
10/13/2020,Gampaha,Export,Peedunu,Standard,1500,,
10/13/2020,Gampaha,Export,Kanda,Premium,3000,,
10/13/2020,Gampaha,Export,Kanda,Standard,1500,,
10/13/2020,Gampaha,Local,Peedunu,Premium,2000,,
10/13/2020,Gampaha,Local,Peedunu,Standard,2000,,
10/13/2020,Gampaha,Local,Keti,Premium,1200,,
10/13/2020,Gampaha,Local,Keti,Standard,1200,,
10/13/2020,Gampaha,Local,Korikan,Premium,150,,
10/13/2020,Gampaha,Local,Korikan,Standard,100,,
12/8/2020,Kurunegala,Export,Peedunu,Premium,3000,,
12/8/2020,Kurunegala,Export,Peedunu,Standard,1500,,
12/8/2020,Kurunegala,Export,Kanda,Premium,3000,,
12/8/2020,Kurunegala,Export,Kanda,Standard,1500,,
12/8/2020,Kurunegala,Local,Peedunu,Premium,1600,,
12/8/2020,Kurunegala,Local,Peedunu,Standard,1500,,
12/8/2020,Kurunegala,Local,Keti,Premium,1000,,
12/8/2020,Kurunegala,Local,Keti,Standard,1000,,
12/8/2020,Kurunegala,Local,Korikan,Premium,150,,
12/8/2020,Kurunegala,Local,Korikan,Standard,100,,
12/8/2020,Gampaha,Export,Peedunu,Premium,3500,,
12/8/2020,Gampaha,Export,Peedunu,Standard,2000,,
12/8/2020,Gampaha,Export,Kanda,Premium,1500,,
12/8/2020,Gampaha,Export,Kanda,Standard,1000,,
12/8/2020,Gampaha,Local,Peedunu,Premium,1000,,
12/8/2020,Gampaha,Local,Peedunu,Standard,800,,
12/8/2020,Gampaha,Local,Keti,Premium,700,,
12/8/2020,Gampaha,Local,Keti,Standard,600,,
12/8/2020,Gampaha,Local,Korikan,Premium,150,,
12/8/2020,Gampaha,Local,Korikan,Standard,100,,
12/15/2020,Kurunegala,Export,Peedunu,Premium,3000,,
12/15/2020,Kurunegala,Export,Peedunu,Standard,1500,,
12/15/2020,Kurunegala,Export,Kanda,Premium,3000,,
12/15/2020,Kurunegala,Export,Kanda,Standard,1500,,
12/15/2020,Kurunegala,Local,Peedunu,Premium,1200,,
12/15/2020,Kurunegala,Local,Peedunu,Standard,1200,,
12/15/2020,Kurunegala,Local,Keti,Premium,800,,
12/15/2020,Kurunegala,Local,Keti,Standard,800,,
12/15/2020,Kurunegala,Local,Korikan,Premium,150,,
12/15/2020,Kurunegala,Local,Korikan,Standard,100,,
12/15/2020,Gampaha,Export,Peedunu,Premium,3000,,
12/15/2020,Gampaha,Export,Peedunu,Standard,1500,,
12/15/2020,Gampaha,Export,Kanda,Premium,1500,,
12/15/2020,Gampaha,Export,Kanda,Standard,1000,,
12/15/2020,Gampaha,Local,Peedunu,Premium,1000,,
12/15/2020,Gampaha,Local,Peedunu,Standard,800,,
12/15/2020,Gampaha,Local,Keti,Premium,600,,
12/15/2020,Gampaha,Local,Keti,Standard,500,,
12/15/2020,Gampaha,Local,Korikan,Premium,150,,
12/15/2020,Gampaha,Local,Korikan,Standard,100,,
12/22/2020,Kurunegala,Export,Peedunu,Premium,3000,,
12/22/2020,Kurunegala,Export,Peedunu,Standard,1500,,
12/22/2020,Kurunegala,Export,Kanda,Premium,3000,,
12/22/2020,Kurunegala,Export,Kanda,Standard,1500,,
12/22/2020,Kurunegala,Local,Peedunu,Premium,1200,,
12/22/2020,Kurunegala,Local,Peedunu,Standard,1200,,
12/22/2020,Kurunegala,Local,Keti,Premium,800,,
12/22/2020,Kurunegala,Local,Keti,Standard,800,,
12/22/2020,Kurunegala,Local,Korikan,Premium,150,,
12/22/2020,Kurunegala,Local,Korikan,Standard,100,,
12/22/2020,Gampaha,Export,Peedunu,Premium,3500,,
12/22/2020,Gampaha,Export,Peedunu,Standard,2200,,
12/22/2020,Gampaha,Export,Kanda,Premium,1500,,
12/22/2020,Gampaha,Export,Kanda,Standard,1000,,
12/22/2020,Gampaha,Local,Peedunu,Premium,1500,,
12/22/2020,Gampaha,Local,Peedunu,Standard,1100,,
12/22/2020,Gampaha,Local,Keti,Premium,600,,
12/22/2020,Gampaha,Local,Keti,Standard,500,,
12/22/2020,Gampaha,Local,Korikan,Premium,150,,
12/22/2020,Gampaha,Local,Korikan,Standard,100,,
12/28/2020,Kurunegala,Export,Peedunu,Premium,3000,,
12/28/2020,Kurunegala,Export,Peedunu,Standard,1500,,
12/28/2020,Kurunegala,Export,Kanda,Premium,3000,,
12/28/2020,Kurunegala,Export,Kanda,Standard,1500,,
12/28/2020,Kurunegala,Local,Peedunu,Premium,1500,,
12/28/2020,Kurunegala,Local,Peedunu,Standard,1500,,
12/28/2020,Kurunegala,Local,Keti,Premium,1000,,
12/28/2020,Kurunegala,Local,Keti,Standard,1000,,
12/28/2020,Kurunegala,Local,Korikan,Premium,150,,
12/28/2020,Kurunegala,Local,Korikan,Standard,100,,
12/28/2020,Gampaha,Export,Peedunu,Premium,2500,,
12/28/2020,Gampaha,Export,Peedunu,Standard,2200,,
12/28/2020,Gampaha,Export,Kanda,Premium,2000,,
12/28/2020,Gampaha,Export,Kanda,Standard,1500,,
12/28/2020,Gampaha,Local,Peedunu,Premium,1200,,
12/28/2020,Gampaha,Local,Peedunu,Standard,1000,,
12/28/2020,Gampaha,Local,Keti,Premium,400,,
12/28/2020,Gampaha,Local,Keti,Standard,300,,
12/28/2020,Gampaha,Local,Korikan,Premium,150,,
12/28/2020,Gampaha,Local,Korikan,Standard,100,,
1/5/2021,Kurunegala,Export,Peedunu,Premium,3000,,
1/5/2021,Kurunegala,Export,Peedunu,Standard,1500,,
1/5/2021,Kurunegala,Export,Kanda,Premium,3000,,
1/5/2021,Kurunegala,Export,Kanda,Standard,1500,,
1/5/2021,Kurunegala,Local,Peedunu,Premium,1250,,
1/5/2021,Kurunegala,Local,Peedunu,Standard,1250,,
1/5/2021,Kurunegala,Local,Keti,Premium,900,,
1/5/2021,Kurunegala,Local,Keti,Standard,900,,
1/5/2021,Kurunegala,Local,Korikan,Premium,150,,
1/5/2021,Kurunegala,Local,Korikan,Standard,100,,
1/5/2021,Gampaha,Export,Peedunu,Premium,4000,,
1/5/2021,Gampaha,Export,Peedunu,Standard,2500,,
1/5/2021,Gampaha,Export,Kanda,Premium,1500,,
1/5/2021,Gampaha,Export,Kanda,Standard,1000,,
1/5/2021,Gampaha,Local,Peedunu,Premium,1500,,
1/5/2021,Gampaha,Local,Peedunu,Standard,1500,,
1/5/2021,Gampaha,Local,Keti,Premium,800,,
1/5/2021,Gampaha,Local,Keti,Standard,700,,
1/5/2021,Gampaha,Local,Korikan,Premium,200,,
1/5/2021,Gampaha,Local,Korikan,Standard,200,,
1/12/2021,Kurunegala,Export,Peedunu,Premium,3000,,
1/12/2021,Kurunegala,Export,Peedunu,Standard,1500,,
1/12/2021,Kurunegala,Export,Kanda,Premium,3000,,
1/12/2021,Kurunegala,Export,Kanda,Standard,1500,,
1/12/2021,Kurunegala,Local,Peedunu,Premium,1500,,
1/12/2021,Kurunegala,Local,Peedunu,Standard,1500,,
1/12/2021,Kurunegala,Local,Keti,Premium,1000,,
1/12/2021,Kurunegala,Local,Keti,Standard,1000,,
1/12/2021,Kurunegala,Local,Korikan,Premium,150,,
1/12/2021,Kurunegala,Local,Korikan,Standard,100,,
1/12/2021,Gampaha,Export,Peedunu,Premium,3500,,
1/12/2021,Gampaha,Export,Peedunu,Standard,2000,,
1/12/2021,Gampaha,Export,Kanda,Premium,2000,,
1/12/2021,Gampaha,Export,Kanda,Standard,1500,,
1/12/2021,Gampaha,Local,Peedunu,Premium,1600,,
1/12/2021,Gampaha,Local,Peedunu,Standard,1200,,
1/12/2021,Gampaha,Local,Keti,Premium,600,,
1/12/2021,Gampaha,Local,Keti,Standard,500,,
1/12/2021,Gampaha,Local,Korikan,Premium,150,,
1/12/2021,Gampaha,Local,Korikan,Standard,150,,
1/19/2021,Kurunegala,Export,Peedunu,Premium,3000,,
1/19/2021,Kurunegala,Export,Peedunu,Standard,2000,,
1/19/2021,Kurunegala,Export,Kanda,Premium,2000,,
1/19/2021,Kurunegala,Export,Kanda,Standard,1500,,
1/19/2021,Kurunegala,Local,Peedunu,Premium,2000,,
1/19/2021,Kurunegala,Local,Peedunu,Standard,1500,,
1/19/2021,Kurunegala,Local,Keti,Premium,1000,,
1/19/2021,Kurunegala,Local,Keti,Standard,800,,
1/19/2021,Kurunegala,Local,Korikan,Premium,150,,
1/19/2021,Kurunegala,Local,Korikan,Standard,100,,
1/19/2021,Gampaha,Export,Peedunu,Premium,3500,,
1/19/2021,Gampaha,Export,Peedunu,Standard,2500,,
1/19/2021,Gampaha,Export,Kanda,Premium,2000,,
1/19/2021,Gampaha,Export,Kanda,Standard,1500,,
1/19/2021,Gampaha,Local,Peedunu,Premium,1200,,
1/19/2021,Gampaha,Local,Peedunu,Standard,1000,,
1/19/2021,Gampaha,Local,Keti,Premium,700,,
1/19/2021,Gampaha,Local,Keti,Standard,600,,
1/19/2021,Gampaha,Local,Korikan,Premium,250,,
1/19/2021,Gampaha,Local,Korikan,Standard,150,,
1/26/2021,Kurunegala,Export,Peedunu,Premium,3000,,
1/26/2021,Kurunegala,Export,Peedunu,Standard,2000,,
1/26/2021,Kurunegala,Export,Kanda,Premium,2000,,
1/26/2021,Kurunegala,Export,Kanda,Standard,1500,,
1/26/2021,Kurunegala,Local,Peedunu,Premium,2000,,
1/26/2021,Kurunegala,Local,Peedunu,Standard,1500,,
1/26/2021,Kurunegala,Local,Keti,Premium,1000,,
1/26/2021,Kurunegala,Local,Keti,Standard,800,,
1/26/2021,Kurunegala,Local,Korikan,Premium,150,,
1/26/2021,Kurunegala,Local,Korikan,Standard,100,,
1/26/2021,Gampaha,Export,Peedunu,Premium,4000,,
1/26/2021,Gampaha,Export,Peedunu,Standard,2500,,
1/26/2021,Gampaha,Export,Kanda,Premium,2000,,
1/26/2021,Gampaha,Export,Kanda,Standard,1500,,
1/26/2021,Gampaha,Local,Peedunu,Premium,1500,,
1/26/2021,Gampaha,Local,Peedunu,Standard,1000,,
1/26/2021,Gampaha,Local,Keti,Premium,800,,
1/26/2021,Gampaha,Local,Keti,Standard,600,,
1/26/2021,Gampaha,Local,Korikan,Premium,250,,
1/26/2021,Gampaha,Local,Korikan,Standard,150,,
2/2/2021,Kurunegala,Export,Peedunu,Premium,5000,,
2/2/2021,Kurunegala,Export,Peedunu,Standard,2000,,
2/2/2021,Kurunegala,Export,Kanda,Premium,2000,,
2/2/2021,Kurunegala,Export,Kanda,Standard,1500,,
2/2/2021,Kurunegala,Local,Peedunu,Premium,2000,,
2/2/2021,Kurunegala,Local,Peedunu,Standard,1500,,
2/2/2021,Kurunegala,Local,Keti,Premium,1000,,
2/2/2021,Kurunegala,Local,Keti,Standard,800,,
2/2/2021,Kurunegala,Local,Korikan,Premium,150,,
2/2/2021,Kurunegala,Local,Korikan,Standard,100,,
2/2/2021,Gampaha,Export,Peedunu,Premium,3500,,
2/2/2021,Gampaha,Export,Peedunu,Standard,2500,,
2/2/2021,Gampaha,Export,Kanda,Premium,2000,,
2/2/2021,Gampaha,Export,Kanda,Standard,1500,,
2/2/2021,Gampaha,Local,Peedunu,Premium,1500,,
2/2/2021,Gampaha,Local,Peedunu,Standard,1200,,
2/2/2021,Gampaha,Local,Keti,Premium,600,,
2/2/2021,Gampaha,Local,Keti,Standard,500,,
2/2/2021,Gampaha,Local,Korikan,Premium,250,,
2/2/2021,Gampaha,Local,Korikan,Standard,100,,
2/9/2021,Kurunegala,Export,Peedunu,Premium,5000,,
2/9/2021,Kurunegala,Export,Peedunu,Standard,3000,,
2/9/2021,Kurunegala,Export,Kanda,Premium,3000,,
2/9/2021,Kurunegala,Export,Kanda,Standard,2000,,
2/9/2021,Kurunegala,Local,Peedunu,Premium,1500,,
2/9/2021,Kurunegala,Local,Peedunu,Standard,1000,,
2/9/2021,Kurunegala,Local,Keti,Premium,800,,
2/9/2021,Kurunegala,Local,Keti,Standard,500,,
2/9/2021,Kurunegala,Local,Korikan,Premium,150,,
2/9/2021,Kurunegala,Local,Korikan,Standard,100,,
2/9/2021,Gampaha,Export,Peedunu,Premium,4000,,
2/9/2021,Gampaha,Export,Peedunu,Standard,2500,,
2/9/2021,Gampaha,Export,Kanda,Premium,2000,,
2/9/2021,Gampaha,Export,Kanda,Standard,1500,,
2/9/2021,Gampaha,Local,Peedunu,Premium,1500,,
2/9/2021,Gampaha,Local,Peedunu,Standard,1200,,
2/9/2021,Gampaha,Local,Keti,Premium,1000,,
2/9/2021,Gampaha,Local,Keti,Standard,800,,
2/9/2021,Gampaha,Local,Korikan,Premium,150,,
2/9/2021,Gampaha,Local,Korikan,Standard,100,,
2/16/2021,Kurunegala,Export,Peedunu,Premium,5000,,
2/16/2021,Kurunegala,Export,Peedunu,Standard,3000,,
2/16/2021,Kurunegala,Export,Kanda,Premium,3000,,
2/16/2021,Kurunegala,Export,Kanda,Standard,2000,,
2/16/2021,Kurunegala,Local,Peedunu,Premium,1500,,
2/16/2021,Kurunegala,Local,Peedunu,Standard,1000,,
2/16/2021,Kurunegala,Local,Keti,Premium,800,,
2/16/2021,Kurunegala,Local,Keti,Standard,500,,
2/16/2021,Kurunegala,Local,Korikan,Premium,150,,
2/16/2021,Kurunegala,Local,Korikan,Standard,100,,
2/16/2021,Gampaha,Export,Peedunu,Premium,4500,,
2/16/2021,Gampaha,Export,Peedunu,Standard,2750,,
2/16/2021,Gampaha,Export,Kanda,Premium,2500,,
2/16/2021,Gampaha,Export,Kanda,Standard,2000,,
2/16/2021,Gampaha,Local,Peedunu,Premium,2200,,
2/16/2021,Gampaha,Local,Peedunu,Standard,1800,,
2/16/2021,Gampaha,Local,Keti,Premium,1200,,
2/16/2021,Gampaha,Local,Keti,Standard,1000,,
2/16/2021,Gampaha,Local,Korikan,Premium,350,,
2/16/2021,Gampaha,Local,Korikan,Standard,250,,
2/23/2021,Kurunegala,Export,Peedunu,Premium,6000,,
2/23/2021,Kurunegala,Export,Peedunu,Standard,3000,,
2/23/2021,Kurunegala,Export,Kanda,Premium,4000,,
2/23/2021,Kurunegala,Export,Kanda,Standard,2500,,
2/23/2021,Kurunegala,Local,Peedunu,Premium,1500,,
2/23/2021,Kurunegala,Local,Peedunu,Standard,1000,,
2/23/2021,Kurunegala,Local,Keti,Premium,800,,
2/23/2021,Kurunegala,Local,Keti,Standard,500,,
2/23/2021,Kurunegala,Local,Korikan,Premium,150,,
2/23/2021,Kurunegala,Local,Korikan,Standard,100,,
2/23/2021,Gampaha,Export,Peedunu,Premium,3500,,
2/23/2021,Gampaha,Export,Peedunu,Standard,2000,,
2/23/2021,Gampaha,Export,Kanda,Premium,2200,,
2/23/2021,Gampaha,Export,Kanda,Standard,1800,,
2/23/2021,Gampaha,Local,Peedunu,Premium,1300,,
2/23/2021,Gampaha,Local,Peedunu,Standard,1200,,
2/23/2021,Gampaha,Local,Keti,Premium,1000,,
2/23/2021,Gampaha,Local,Keti,Standard,800,,
2/23/2021,Gampaha,Local,Korikan,Premium,300,,
2/23/2021,Gampaha,Local,Korikan,Standard,250,,
3/2/2021,Kurunegala,Export,Peedunu,Premium,6000,,
3/2/2021,Kurunegala,Export,Peedunu,Standard,3000,,
3/2/2021,Kurunegala,Export,Kanda,Premium,4000,,
3/2/2021,Kurunegala,Export,Kanda,Standard,3000,,
3/2/2021,Kurunegala,Local,Peedunu,Premium,2000,,
3/2/2021,Kurunegala,Local,Peedunu,Standard,1000,,
3/2/2021,Kurunegala,Local,Keti,Premium,800,,
3/2/2021,Kurunegala,Local,Keti,Standard,500,,
3/2/2021,Kurunegala,Local,Korikan,Premium,150,,
3/2/2021,Kurunegala,Local,Korikan,Standard,100,,
3/2/2021,Gampaha,Export,Peedunu,Premium,3500,,
3/2/2021,Gampaha,Export,Peedunu,Standard,2200,,
3/2/2021,Gampaha,Export,Kanda,Premium,2000,,
3/2/2021,Gampaha,Export,Kanda,Standard,1500,,
3/2/2021,Gampaha,Local,Peedunu,Premium,2000,,
3/2/2021,Gampaha,Local,Peedunu,Standard,1700,,
3/2/2021,Gampaha,Local,Keti,Premium,1200,,
3/2/2021,Gampaha,Local,Keti,Standard,1000,,
3/2/2021,Gampaha,Local,Korikan,Premium,400,,
3/2/2021,Gampaha,Local,Korikan,Standard,300,,
3/9/2021,Kurunegala,Export,Peedunu,Premium,6000,,
3/9/2021,Kurunegala,Export,Peedunu,Standard,3000,,
3/9/2021,Kurunegala,Export,Kanda,Premium,4000,,
3/9/2021,Kurunegala,Export,Kanda,Standard,3000,,
3/9/2021,Kurunegala,Local,Peedunu,Premium,2500,,
3/9/2021,Kurunegala,Local,Peedunu,Standard,1000,,
3/9/2021,Kurunegala,Local,Keti,Premium,800,,
3/9/2021,Kurunegala,Local,Keti,Standard,500,,
3/9/2021,Kurunegala,Local,Korikan,Premium,150,,
3/9/2021,Kurunegala,Local,Korikan,Standard,100,,
3/9/2021,Gampaha,Export,Peedunu,Premium,5000,,
3/9/2021,Gampaha,Export,Peedunu,Standard,4000,,
3/9/2021,Gampaha,Export,Kanda,Premium,2500,,
3/9/2021,Gampaha,Export,Kanda,Standard,2000,,
3/9/2021,Gampaha,Local,Peedunu,Premium,2500,,
3/9/2021,Gampaha,Local,Peedunu,Standard,2300,,
3/9/2021,Gampaha,Local,Keti,Premium,1500,,
3/9/2021,Gampaha,Local,Keti,Standard,1200,,
3/9/2021,Gampaha,Local,Korikan,Premium,600,,
3/9/2021,Gampaha,Local,Korikan,Standard,500,,
3/16/2021,Kurunegala,Export,Peedunu,Premium,7000,,
3/16/2021,Kurunegala,Export,Peedunu,Standard,4000,,
3/16/2021,Kurunegala,Export,Kanda,Premium,5000,,
3/16/2021,Kurunegala,Export,Kanda,Standard,3000,,
3/16/2021,Kurunegala,Local,Peedunu,Premium,2500,,
3/16/2021,Kurunegala,Local,Peedunu,Standard,1500,,
3/16/2021,Kurunegala,Local,Keti,Premium,1000,,
3/16/2021,Kurunegala,Local,Keti,Standard,800,,
3/16/2021,Kurunegala,Local,Korikan,Premium,300,,
3/16/2021,Kurunegala,Local,Korikan,Standard,150,,
3/16/2021,Gampaha,Export,Peedunu,Premium,5000,,
3/16/2021,Gampaha,Export,Peedunu,Standard,4500,,
3/16/2021,Gampaha,Export,Kanda,Premium,3000,,
3/16/2021,Gampaha,Export,Kanda,Standard,2500,,
3/16/2021,Gampaha,Local,Peedunu,Premium,2500,,
3/16/2021,Gampaha,Local,Peedunu,Standard,2000,,
3/16/2021,Gampaha,Local,Keti,Premium,1700,,
3/16/2021,Gampaha,Local,Keti,Standard,1500,,
3/16/2021,Gampaha,Local,Korikan,Premium,600,,
3/16/2021,Gampaha,Local,Korikan,Standard,500,,
3/23/2021,Kurunegala,Export,Peedunu,Premium,8000,,
3/23/2021,Kurunegala,Export,Peedunu,Standard,4000,,
3/23/2021,Kurunegala,Export,Kanda,Premium,5000,,
3/23/2021,Kurunegala,Export,Kanda,Standard,3000,,
3/23/2021,Kurunegala,Local,Peedunu,Premium,3000,,
3/23/2021,Kurunegala,Local,Peedunu,Standard,1500,,
3/23/2021,Kurunegala,Local,Keti,Premium,1000,,
3/23/2021,Kurunegala,Local,Keti,Standard,800,,
3/23/2021,Kurunegala,Local,Korikan,Premium,300,,
3/23/2021,Kurunegala,Local,Korikan,Standard,150,,
3/23/2021,Gampaha,Export,Peedunu,Premium,6000,,
3/23/2021,Gampaha,Export,Peedunu,Standard,5000,,
3/23/2021,Gampaha,Export,Kanda,Premium,4000,,
3/23/2021,Gampaha,Export,Kanda,Standard,3500,,
3/23/2021,Gampaha,Local,Peedunu,Premium,3500,,
3/23/2021,Gampaha,Local,Peedunu,Standard,3000,,
3/23/2021,Gampaha,Local,Keti,Premium,2000,,
3/23/2021,Gampaha,Local,Keti,Standard,1500,,
3/23/2021,Gampaha,Local,Korikan,Premium,300,,
3/23/2021,Gampaha,Local,Korikan,Standard,200,,
3/30/2021,Kurunegala,Export,Peedunu,Premium,8000,,
3/30/2021,Kurunegala,Export,Peedunu,Standard,4000,,
3/30/2021,Kurunegala,Export,Kanda,Premium,5000,,
3/30/2021,Kurunegala,Export,Kanda,Standard,3000,,
3/30/2021,Kurunegala,Local,Peedunu,Premium,3000,,
3/30/2021,Kurunegala,Local,Peedunu,Standard,1500,,
3/30/2021,Kurunegala,Local,Keti,Premium,1000,,
3/30/2021,Kurunegala,Local,Keti,Standard,800,,
3/30/2021,Kurunegala,Local,Korikan,Premium,300,,
3/30/2021,Kurunegala,Local,Korikan,Standard,150,,
3/30/2021,Gampaha,Export,Peedunu,Premium,7500,,
3/30/2021,Gampaha,Export,Peedunu,Standard,5500,,
3/30/2021,Gampaha,Export,Kanda,Premium,4000,,
3/30/2021,Gampaha,Export,Kanda,Standard,3000,,
3/30/2021,Gampaha,Local,Peedunu,Premium,4000,,
3/30/2021,Gampaha,Local,Peedunu,Standard,3000,,
3/30/2021,Gampaha,Local,Keti,Premium,2000,,
3/30/2021,Gampaha,Local,Keti,Standard,1800,,
3/30/2021,Gampaha,Local,Korikan,Premium,1000,,
3/30/2021,Gampaha,Local,Korikan,Standard,800,,
4/6/2021,Kurunegala,Export,Peedunu,Premium,10000,,
4/6/2021,Kurunegala,Export,Peedunu,Standard,5000,,
4/6/2021,Kurunegala,Export,Kanda,Premium,6000,,
4/6/2021,Kurunegala,Export,Kanda,Standard,3000,,
4/6/2021,Kurunegala,Local,Peedunu,Premium,6000,,
4/6/2021,Kurunegala,Local,Peedunu,Standard,3000,,
4/6/2021,Kurunegala,Local,Keti,Premium,3000,,
4/6/2021,Kurunegala,Local,Keti,Standard,1000,,
4/6/2021,Kurunegala,Local,Korikan,Premium,500,,
4/6/2021,Kurunegala,Local,Korikan,Standard,250,,
4/6/2021,Gampaha,Export,Peedunu,Premium,9000,,
4/6/2021,Gampaha,Export,Peedunu,Standard,7000,,
4/6/2021,Gampaha,Export,Kanda,Premium,3000,,
4/6/2021,Gampaha,Export,Kanda,Standard,2000,,
4/6/2021,Gampaha,Local,Peedunu,Premium,3500,,
4/6/2021,Gampaha,Local,Peedunu,Standard,3000,,
4/6/2021,Gampaha,Local,Keti,Premium,2500,,
4/6/2021,Gampaha,Local,Keti,Standard,2000,,
4/6/2021,Gampaha,Local,Korikan,Premium,900,,
4/6/2021,Gampaha,Local,Korikan,Standard,700,,
4/20/2021,Kurunegala,Export,Peedunu,Premium,8000,,
4/20/2021,Kurunegala,Export,Peedunu,Standard,5000,,
4/20/2021,Kurunegala,Export,Kanda,Premium,5000,,
4/20/2021,Kurunegala,Export,Kanda,Standard,3000,,
4/20/2021,Kurunegala,Local,Peedunu,Premium,6000,,
4/20/2021,Kurunegala,Local,Peedunu,Standard,3000,,
4/20/2021,Kurunegala,Local,Keti,Premium,2500,,
4/20/2021,Kurunegala,Local,Keti,Standard,1000,,
4/20/2021,Kurunegala,Local,Korikan,Premium,500,,
4/20/2021,Kurunegala,Local,Korikan,Standard,250,,
4/20/2021,Gampaha,Export,Peedunu,Premium,6000,,
4/20/2021,Gampaha,Export,Peedunu,Standard,5000,,
4/20/2021,Gampaha,Export,Kanda,Premium,3500,,
4/20/2021,Gampaha,Export,Kanda,Standard,2000,,
4/20/2021,Gampaha,Local,Peedunu,Premium,2500,,
4/20/2021,Gampaha,Local,Peedunu,Standard,2000,,
4/20/2021,Gampaha,Local,Keti,Premium,1000,,
4/20/2021,Gampaha,Local,Keti,Standard,700,,
4/20/2021,Gampaha,Local,Korikan,Premium,200,,
4/20/2021,Gampaha,Local,Korikan,Standard,100,,
4/27/2021,Kurunegala,Export,Peedunu,Premium,3500,,
4/27/2021,Kurunegala,Export,Peedunu,Standard,2500,,
4/27/2021,Kurunegala,Export,Kanda,Premium,3500,,
4/27/2021,Kurunegala,Export,Kanda,Standard,2500,,
4/27/2021,Kurunegala,Local,Peedunu,Premium,1800,,
4/27/2021,Kurunegala,Local,Peedunu,Standard,1800,,
4/27/2021,Kurunegala,Local,Keti,Premium,1000,,
4/27/2021,Kurunegala,Local,Keti,Standard,1000,,
4/27/2021,Kurunegala,Local,Korikan,Premium,500,,
4/27/2021,Kurunegala,Local,Korikan,Standard,250,,
4/27/2021,Gampaha,Export,Peedunu,Premium,3500,,
4/27/2021,Gampaha,Export,Peedunu,Standard,2500,,
4/27/2021,Gampaha,Export,Kanda,Premium,3500,,
4/27/2021,Gampaha,Export,Kanda,Standard,2500,,
4/27/2021,Gampaha,Local,Peedunu,Premium,1700,,
4/27/2021,Gampaha,Local,Peedunu,Standard,1500,,
4/27/2021,Gampaha,Local,Keti,Premium,1100,,
4/27/2021,Gampaha,Local,Keti,Standard,1000,,
4/27/2021,Gampaha,Local,Korikan,Premium,300,,
4/27/2021,Gampaha,Local,Korikan,Standard,200,,
5/4/2021,Kurunegala,Export,Peedunu,Premium,4000,,
5/4/2021,Kurunegala,Export,Peedunu,Standard,2000,,
5/4/2021,Kurunegala,Export,Kanda,Premium,2000,,
5/4/2021,Kurunegala,Export,Kanda,Standard,1000,,
5/4/2021,Kurunegala,Local,Peedunu,Premium,1200,,
5/4/2021,Kurunegala,Local,Peedunu,Standard,1000,,
5/4/2021,Kurunegala,Local,Keti,Premium,500,,
5/4/2021,Kurunegala,Local,Keti,Standard,400,,
5/4/2021,Kurunegala,Local,Korikan,Premium,100,,
5/4/2021,Kurunegala,Local,Korikan,Standard,100,,
5/4/2021,Gampaha,Export,Peedunu,Premium,4000,,
5/4/2021,Gampaha,Export,Peedunu,Standard,2000,,
5/4/2021,Gampaha,Export,Kanda,Premium,2000,,
5/4/2021,Gampaha,Export,Kanda,Standard,1000,,
5/4/2021,Gampaha,Local,Peedunu,Premium,1200,,
5/4/2021,Gampaha,Local,Peedunu,Standard,1000,,
5/4/2021,Gampaha,Local,Keti,Premium,500,,
5/4/2021,Gampaha,Local,Keti,Standard,400,,
5/4/2021,Gampaha,Local,Korikan,Premium,100,,
5/4/2021,Gampaha,Local,Korikan,Standard,100,,
5/11/2021,Kurunegala,Export,Peedunu,Premium,5000,,
5/11/2021,Kurunegala,Export,Peedunu,Standard,2500,,
5/11/2021,Kurunegala,Export,Kanda,Premium,4000,,
5/11/2021,Kurunegala,Export,Kanda,Standard,3000,,
5/11/2021,Kurunegala,Local,Peedunu,Premium,2000,,
5/11/2021,Kurunegala,Local,Peedunu,Standard,1500,,
5/11/2021,Kurunegala,Local,Keti,Premium,500,,
5/11/2021,Kurunegala,Local,Keti,Standard,400,,
5/11/2021,Kurunegala,Local,Korikan,Premium,200,,
5/11/2021,Kurunegala,Local,Korikan,Standard,100,,
5/11/2021,Gampaha,Export,Peedunu,Premium,5000,,
5/11/2021,Gampaha,Export,Peedunu,Standard,2500,,
5/11/2021,Gampaha,Export,Kanda,Premium,4000,,
5/11/2021,Gampaha,Export,Kanda,Standard,3000,,
5/11/2021,Gampaha,Local,Peedunu,Premium,2000,,
5/11/2021,Gampaha,Local,Peedunu,Standard,1500,,
5/11/2021,Gampaha,Local,Keti,Premium,500,,
5/11/2021,Gampaha,Local,Keti,Standard,400,,
5/11/2021,Gampaha,Local,Korikan,Premium,200,,
5/11/2021,Gampaha,Local,Korikan,Standard,100,,
6/22/2021,Kurunegala,Export,Peedunu,Premium,6500,,
6/22/2021,Kurunegala,Export,Peedunu,Standard,5500,,
6/22/2021,Kurunegala,Export,Kanda,Premium,5000,,
6/22/2021,Kurunegala,Export,Kanda,Standard,4000,,
6/22/2021,Kurunegala,Local,Peedunu,Premium,1200,,
6/22/2021,Kurunegala,Local,Peedunu,Standard,1000,,
6/22/2021,Kurunegala,Local,Keti,Premium,700,,
6/22/2021,Kurunegala,Local,Keti,Standard,500,,
6/22/2021,Kurunegala,Local,Korikan,Premium,200,,
6/22/2021,Kurunegala,Local,Korikan,Standard,100,,
6/22/2021,Gampaha,Export,Peedunu,Premium,6500,,
6/22/2021,Gampaha,Export,Peedunu,Standard,5500,,
6/22/2021,Gampaha,Export,Kanda,Premium,5000,,
6/22/2021,Gampaha,Export,Kanda,Standard,4000,,
6/22/2021,Gampaha,Local,Peedunu,Premium,1200,,
6/22/2021,Gampaha,Local,Peedunu,Standard,1000,,
6/22/2021,Gampaha,Local,Keti,Premium,700,,
6/22/2021,Gampaha,Local,Keti,Standard,500,,
6/22/2021,Gampaha,Local,Korikan,Premium,200,,
6/22/2021,Gampaha,Local,Korikan,Standard,100,,
6/29/2021,Kurunegala,Export,Peedunu,Premium,7000,,
6/29/2021,Kurunegala,Export,Peedunu,Standard,5000,,
6/29/2021,Kurunegala,Export,Kanda,Premium,5000,,
6/29/2021,Kurunegala,Export,Kanda,Standard,4000,,
6/29/2021,Kurunegala,Local,Peedunu,Premium,1800,,
6/29/2021,Kurunegala,Local,Peedunu,Standard,1500,,
6/29/2021,Kurunegala,Local,Keti,Premium,1000,,
6/29/2021,Kurunegala,Local,Keti,Standard,700,,
6/29/2021,Kurunegala,Local,Korikan,Premium,400,,
6/29/2021,Kurunegala,Local,Korikan,Standard,300,,
6/29/2021,Gampaha,Export,Peedunu,Premium,7000,,
6/29/2021,Gampaha,Export,Peedunu,Standard,5000,,
6/29/2021,Gampaha,Export,Kanda,Premium,5000,,
6/29/2021,Gampaha,Export,Kanda,Standard,4000,,
6/29/2021,Gampaha,Local,Peedunu,Premium,1800,,
6/29/2021,Gampaha,Local,Peedunu,Standard,1500,,
6/29/2021,Gampaha,Local,Keti,Premium,1000,,
6/29/2021,Gampaha,Local,Keti,Standard,700,,
6/29/2021,Gampaha,Local,Korikan,Premium,400,,
6/29/2021,Gampaha,Local,Korikan,Standard,300,,
7/6/2021,Kurunegala,Export,Peedunu,Premium,4500,,
7/6/2021,Kurunegala,Export,Peedunu,Standard,3500,,
7/6/2021,Kurunegala,Export,Kanda,Premium,3500,,
7/6/2021,Kurunegala,Export,Kanda,Standard,2500,,
7/6/2021,Kurunegala,Local,Peedunu,Premium,1500,,
7/6/2021,Kurunegala,Local,Peedunu,Standard,1200,,
7/6/2021,Kurunegala,Local,Keti,Premium,1000,,
7/6/2021,Kurunegala,Local,Keti,Standard,800,,
7/6/2021,Kurunegala,Local,Korikan,Premium,250,,
7/6/2021,Kurunegala,Local,Korikan,Standard,200,,
7/6/2021,Gampaha,Export,Peedunu,Premium,4500,,
7/6/2021,Gampaha,Export,Peedunu,Standard,3500,,
7/6/2021,Gampaha,Export,Kanda,Premium,3500,,
7/6/2021,Gampaha,Export,Kanda,Standard,2500,,
7/6/2021,Gampaha,Local,Peedunu,Premium,1500,,
7/6/2021,Gampaha,Local,Peedunu,Standard,1200,,
7/6/2021,Gampaha,Local,Keti,Premium,1000,,
7/6/2021,Gampaha,Local,Keti,Standard,800,,
7/6/2021,Gampaha,Local,Korikan,Premium,250,,
7/6/2021,Gampaha,Local,Korikan,Standard,200,,
7/13/2021,Kurunegala,Export,Peedunu,Premium,9000,,
7/13/2021,Kurunegala,Export,Peedunu,Standard,7000,,
7/13/2021,Kurunegala,Export,Kanda,Premium,6000,,
7/13/2021,Kurunegala,Export,Kanda,Standard,4000,,
7/13/2021,Kurunegala,Local,Peedunu,Premium,3000,,
7/13/2021,Kurunegala,Local,Peedunu,Standard,2500,,
7/13/2021,Kurunegala,Local,Keti,Premium,2000,,
7/13/2021,Kurunegala,Local,Keti,Standard,1800,,
7/13/2021,Kurunegala,Local,Korikan,Premium,800,,
7/13/2021,Kurunegala,Local,Korikan,Standard,600,,
7/13/2021,Gampaha,Export,Peedunu,Premium,9000,,
7/13/2021,Gampaha,Export,Peedunu,Standard,7000,,
7/13/2021,Gampaha,Export,Kanda,Premium,6000,,
7/13/2021,Gampaha,Export,Kanda,Standard,4000,,
7/13/2021,Gampaha,Local,Peedunu,Premium,3000,,
7/13/2021,Gampaha,Local,Peedunu,Standard,2500,,
7/13/2021,Gampaha,Local,Keti,Premium,2000,,
7/13/2021,Gampaha,Local,Keti,Standard,1800,,
7/13/2021,Gampaha,Local,Korikan,Premium,800,,
7/13/2021,Gampaha,Local,Korikan,Standard,600,,
7/19/2021,Kurunegala,Export,Peedunu,Premium,9000,,
7/19/2021,Kurunegala,Export,Peedunu,Standard,7000,,
7/19/2021,Kurunegala,Export,Kanda,Premium,6000,,
7/19/2021,Kurunegala,Export,Kanda,Standard,4000,,
7/19/2021,Kurunegala,Local,Peedunu,Premium,2500,,
7/19/2021,Kurunegala,Local,Peedunu,Standard,2500,,
7/19/2021,Kurunegala,Local,Keti,Premium,1000,,
7/19/2021,Kurunegala,Local,Keti,Standard,1000,,
7/19/2021,Kurunegala,Local,Korikan,Premium,500,,
7/19/2021,Kurunegala,Local,Korikan,Standard,400,,
7/19/2021,Gampaha,Export,Peedunu,Premium,9000,,
7/19/2021,Gampaha,Export,Peedunu,Standard,7000,,
7/19/2021,Gampaha,Export,Kanda,Premium,6000,,
7/19/2021,Gampaha,Export,Kanda,Standard,4000,,
7/19/2021,Gampaha,Local,Peedunu,Premium,3000,,
7/19/2021,Gampaha,Local,Peedunu,Standard,2500,,
7/19/2021,Gampaha,Local,Keti,Premium,1800,,
7/19/2021,Gampaha,Local,Keti,Standard,1500,,
7/19/2021,Gampaha,Local,Korikan,Premium,500,,
7/19/2021,Gampaha,Local,Korikan,Standard,400,,
7/27/2021,Kurunegala,Export,Peedunu,Premium,7000,,
7/27/2021,Kurunegala,Export,Peedunu,Standard,5000,,
7/27/2021,Kurunegala,Export,Kanda,Premium,4000,,
7/27/2021,Kurunegala,Export,Kanda,Standard,3000,,
7/27/2021,Kurunegala,Local,Peedunu,Premium,2500,,
7/27/2021,Kurunegala,Local,Peedunu,Standard,2500,,
7/27/2021,Kurunegala,Local,Keti,Premium,1250,,
7/27/2021,Kurunegala,Local,Keti,Standard,1250,,
7/27/2021,Kurunegala,Local,Korikan,Premium,400,,
7/27/2021,Kurunegala,Local,Korikan,Standard,300,,
7/27/2021,Gampaha,Export,Peedunu,Premium,7000,,
7/27/2021,Gampaha,Export,Peedunu,Standard,5000,,
7/27/2021,Gampaha,Export,Kanda,Premium,4000,,
7/27/2021,Gampaha,Export,Kanda,Standard,3000,,
7/27/2021,Gampaha,Local,Peedunu,Premium,4000,,
7/27/2021,Gampaha,Local,Peedunu,Standard,3500,,
7/27/2021,Gampaha,Local,Keti,Premium,1500,,
7/27/2021,Gampaha,Local,Keti,Standard,1000,,
7/27/2021,Gampaha,Local,Korikan,Premium,400,,
7/27/2021,Gampaha,Local,Korikan,Standard,300,,
8/3/2021,Kurunegala,Export,Peedunu,Premium,5000,,
8/3/2021,Kurunegala,Export,Peedunu,Standard,4000,,
8/3/2021,Kurunegala,Export,Kanda,Premium,4500,,
8/3/2021,Kurunegala,Export,Kanda,Standard,3500,,
8/3/2021,Kurunegala,Local,Peedunu,Premium,3000,,
8/3/2021,Kurunegala,Local,Peedunu,Standard,3000,,
8/3/2021,Kurunegala,Local,Keti,Premium,1250,,
8/3/2021,Kurunegala,Local,Keti,Standard,1250,,
8/3/2021,Kurunegala,Local,Korikan,Premium,300,,
8/3/2021,Kurunegala,Local,Korikan,Standard,250,,
8/3/2021,Gampaha,Export,Peedunu,Premium,5000,,
8/3/2021,Gampaha,Export,Peedunu,Standard,4000,,
8/3/2021,Gampaha,Export,Kanda,Premium,4500,,
8/3/2021,Gampaha,Export,Kanda,Standard,3500,,
8/3/2021,Gampaha,Local,Peedunu,Premium,2500,,
8/3/2021,Gampaha,Local,Peedunu,Standard,2000,,
8/3/2021,Gampaha,Local,Keti,Premium,1200,,
8/3/2021,Gampaha,Local,Keti,Standard,1000,,
8/3/2021,Gampaha,Local,Korikan,Premium,300,,
8/3/2021,Gampaha,Local,Korikan,Standard,250,,
8/10/2021,Kurunegala,Export,Peedunu,Premium,7500,,
8/10/2021,Kurunegala,Export,Peedunu,Standard,6000,,
8/10/2021,Kurunegala,Export,Kanda,Premium,6000,,
8/10/2021,Kurunegala,Export,Kanda,Standard,4500,,
8/10/2021,Kurunegala,Local,Peedunu,Premium,3000,,
8/10/2021,Kurunegala,Local,Peedunu,Standard,2800,,
8/10/2021,Kurunegala,Local,Keti,Premium,1700,,
8/10/2021,Kurunegala,Local,Keti,Standard,1500,,
8/10/2021,Kurunegala,Local,Korikan,Premium,800,,
8/10/2021,Kurunegala,Local,Korikan,Standard,600,,
8/10/2021,Gampaha,Export,Peedunu,Premium,7500,,
8/10/2021,Gampaha,Export,Peedunu,Standard,6000,,
8/10/2021,Gampaha,Export,Kanda,Premium,6000,,
8/10/2021,Gampaha,Export,Kanda,Standard,4500,,
8/10/2021,Gampaha,Local,Peedunu,Premium,3000,,
8/10/2021,Gampaha,Local,Peedunu,Standard,2800,,
8/10/2021,Gampaha,Local,Keti,Premium,1700,,
8/10/2021,Gampaha,Local,Keti,Standard,1500,,
8/10/2021,Gampaha,Local,Korikan,Premium,800,,
8/10/2021,Gampaha,Local,Korikan,Standard,600,,
10/5/2021,Kurunegala,Export,Peedunu,Premium,6000,,
10/5/2021,Kurunegala,Export,Peedunu,Standard,4000,,
10/5/2021,Kurunegala,Export,Kanda,Premium,4000,,
10/5/2021,Kurunegala,Export,Kanda,Standard,3500,,
10/5/2021,Kurunegala,Local,Peedunu,Premium,2500,,
10/5/2021,Kurunegala,Local,Peedunu,Standard,2200,,
10/5/2021,Kurunegala,Local,Keti,Premium,2000,,
10/5/2021,Kurunegala,Local,Keti,Standard,1600,,
10/5/2021,Kurunegala,Local,Korikan,Premium,300,,
10/5/2021,Kurunegala,Local,Korikan,Standard,300,,
10/5/2021,Gampaha,Export,Peedunu,Premium,6000,,
10/5/2021,Gampaha,Export,Peedunu,Standard,4000,,
10/5/2021,Gampaha,Export,Kanda,Premium,4000,,
10/5/2021,Gampaha,Export,Kanda,Standard,3500,,
10/5/2021,Gampaha,Local,Peedunu,Premium,2500,,
10/5/2021,Gampaha,Local,Peedunu,Standard,2200,,
10/5/2021,Gampaha,Local,Keti,Premium,2000,,
10/5/2021,Gampaha,Local,Keti,Standard,1600,,
10/5/2021,Gampaha,Local,Korikan,Premium,300,,
10/5/2021,Gampaha,Local,Korikan,Standard,300,,
10/12/2021,Kurunegala,Export,Peedunu,Premium,6000,,
10/12/2021,Kurunegala,Export,Peedunu,Standard,4000,,
10/12/2021,Kurunegala,Export,Kanda,Premium,4000,,
10/12/2021,Kurunegala,Export,Kanda,Standard,3500,,
10/12/2021,Kurunegala,Local,Peedunu,Premium,3000,,
10/12/2021,Kurunegala,Local,Peedunu,Standard,3000,,
10/12/2021,Kurunegala,Local,Keti,Premium,1500,,
10/12/2021,Kurunegala,Local,Keti,Standard,1500,,
10/12/2021,Kurunegala,Local,Korikan,Premium,700,,
10/12/2021,Kurunegala,Local,Korikan,Standard,500,,
10/12/2021,Gampaha,Export,Peedunu,Premium,8000,,
10/12/2021,Gampaha,Export,Peedunu,Standard,6000,,
10/12/2021,Gampaha,Export,Kanda,Premium,6000,,
10/12/2021,Gampaha,Export,Kanda,Standard,5000,,
10/12/2021,Gampaha,Local,Peedunu,Premium,3000,,
10/12/2021,Gampaha,Local,Peedunu,Standard,2500,,
10/12/2021,Gampaha,Local,Keti,Premium,1800,,
10/12/2021,Gampaha,Local,Keti,Standard,1500,,
10/12/2021,Gampaha,Local,Korikan,Premium,700,,
10/12/2021,Gampaha,Local,Korikan,Standard,500,,
10/18/2021,Kurunegala,Export,Peedunu,Premium,6000,,
10/18/2021,Kurunegala,Export,Peedunu,Standard,4500,,
10/18/2021,Kurunegala,Export,Kanda,Premium,5000,,
10/18/2021,Kurunegala,Export,Kanda,Standard,4000,,
10/18/2021,Kurunegala,Local,Peedunu,Premium,2500,,
10/18/2021,Kurunegala,Local,Peedunu,Standard,2000,,
10/18/2021,Kurunegala,Local,Keti,Premium,1500,,
10/18/2021,Kurunegala,Local,Keti,Standard,1200,,
10/18/2021,Kurunegala,Local,Korikan,Premium,400,,
10/18/2021,Kurunegala,Local,Korikan,Standard,350,,
10/18/2021,Gampaha,Export,Peedunu,Premium,6000,,
10/18/2021,Gampaha,Export,Peedunu,Standard,4500,,
10/18/2021,Gampaha,Export,Kanda,Premium,5000,,
10/18/2021,Gampaha,Export,Kanda,Standard,4000,,
10/18/2021,Gampaha,Local,Peedunu,Premium,2500,,
10/18/2021,Gampaha,Local,Peedunu,Standard,2000,,
10/18/2021,Gampaha,Local,Keti,Premium,1500,,
10/18/2021,Gampaha,Local,Keti,Standard,1200,,
10/18/2021,Gampaha,Local,Korikan,Premium,400,,
10/18/2021,Gampaha,Local,Korikan,Standard,350,,
10/26/2021,Kurunegala,Export,Peedunu,Premium,9000,,
10/26/2021,Kurunegala,Export,Peedunu,Standard,6000,,
10/26/2021,Kurunegala,Export,Kanda,Premium,7000,,
10/26/2021,Kurunegala,Export,Kanda,Standard,5000,,
10/26/2021,Kurunegala,Local,Peedunu,Premium,2500,,
10/26/2021,Kurunegala,Local,Peedunu,Standard,2500,,
10/26/2021,Kurunegala,Local,Keti,Premium,2000,,
10/26/2021,Kurunegala,Local,Keti,Standard,2000,,
10/26/2021,Kurunegala,Local,Korikan,Premium,1000,,
10/26/2021,Kurunegala,Local,Korikan,Standard,800,,
10/26/2021,Gampaha,Export,Peedunu,Premium,9000,,
10/26/2021,Gampaha,Export,Peedunu,Standard,6000,,
10/26/2021,Gampaha,Export,Kanda,Premium,7000,,
10/26/2021,Gampaha,Export,Kanda,Standard,5000,,
10/26/2021,Gampaha,Local,Peedunu,Premium,3000,,
10/26/2021,Gampaha,Local,Peedunu,Standard,2750,,
10/26/2021,Gampaha,Local,Keti,Premium,2500,,
10/26/2021,Gampaha,Local,Keti,Standard,2250,,
10/26/2021,Gampaha,Local,Korikan,Premium,1000,,
10/26/2021,Gampaha,Local,Korikan,Standard,800,,
11/2/2021,Kurunegala,Export,Peedunu,Premium,9000,,
11/2/2021,Kurunegala,Export,Peedunu,Standard,6500,,
11/2/2021,Kurunegala,Export,Kanda,Premium,7000,,
11/2/2021,Kurunegala,Export,Kanda,Standard,6000,,
11/2/2021,Kurunegala,Local,Peedunu,Premium,2500,,
11/2/2021,Kurunegala,Local,Peedunu,Standard,2500,,
11/2/2021,Kurunegala,Local,Keti,Premium,1500,,
11/2/2021,Kurunegala,Local,Keti,Standard,1500,,
11/2/2021,Kurunegala,Local,Korikan,Premium,900,,
11/2/2021,Kurunegala,Local,Korikan,Standard,700,,
11/2/2021,Gampaha,Export,Peedunu,Premium,9000,,
11/2/2021,Gampaha,Export,Peedunu,Standard,6500,,
11/2/2021,Gampaha,Export,Kanda,Premium,7000,,
11/2/2021,Gampaha,Export,Kanda,Standard,6000,,
11/2/2021,Gampaha,Local,Peedunu,Premium,3000,,
11/2/2021,Gampaha,Local,Peedunu,Standard,2500,,
11/2/2021,Gampaha,Local,Keti,Premium,2000,,
11/2/2021,Gampaha,Local,Keti,Standard,1750,,
11/2/2021,Gampaha,Local,Korikan,Premium,900,,
11/2/2021,Gampaha,Local,Korikan,Standard,700,,
11/9/2021,Kurunegala,Export,Peedunu,Premium,5000,,
11/9/2021,Kurunegala,Export,Peedunu,Standard,4000,,
11/9/2021,Kurunegala,Export,Kanda,Premium,4500,,
11/9/2021,Kurunegala,Export,Kanda,Standard,4000,,
11/9/2021,Kurunegala,Local,Peedunu,Premium,3000,,
11/9/2021,Kurunegala,Local,Peedunu,Standard,3000,,
11/9/2021,Kurunegala,Local,Keti,Premium,1500,,
11/9/2021,Kurunegala,Local,Keti,Standard,1500,,
11/9/2021,Kurunegala,Local,Korikan,Premium,250,,
11/9/2021,Kurunegala,Local,Korikan,Standard,200,,
11/9/2021,Gampaha,Export,Peedunu,Premium,5000,,
11/9/2021,Gampaha,Export,Peedunu,Standard,4000,,
11/9/2021,Gampaha,Export,Kanda,Premium,4500,,
11/9/2021,Gampaha,Export,Kanda,Standard,4000,,
11/9/2021,Gampaha,Local,Peedunu,Premium,2500,,
11/9/2021,Gampaha,Local,Peedunu,Standard,2300,,
11/9/2021,Gampaha,Local,Keti,Premium,1500,,
11/9/2021,Gampaha,Local,Keti,Standard,1300,,
11/9/2021,Gampaha,Local,Korikan,Premium,250,,
11/9/2021,Gampaha,Local,Korikan,Standard,200,,
11/16/2021,Kurunegala,Export,Peedunu,Premium,14000,,
11/16/2021,Kurunegala,Export,Peedunu,Standard,12000,,
11/16/2021,Kurunegala,Export,Kanda,Premium,12000,,
11/16/2021,Kurunegala,Export,Kanda,Standard,10000,,
11/16/2021,Kurunegala,Local,Peedunu,Premium,4000,,
11/16/2021,Kurunegala,Local,Peedunu,Standard,3500,,
11/16/2021,Kurunegala,Local,Keti,Premium,2800,,
11/16/2021,Kurunegala,Local,Keti,Standard,2000,,
11/16/2021,Kurunegala,Local,Korikan,Premium,1000,,
11/16/2021,Kurunegala,Local,Korikan,Standard,800,,
11/16/2021,Gampaha,Export,Peedunu,Premium,10000,,
11/16/2021,Gampaha,Export,Peedunu,Standard,8000,,
11/16/2021,Gampaha,Export,Kanda,Premium,7000,,
11/16/2021,Gampaha,Export,Kanda,Standard,6000,,
11/16/2021,Gampaha,Local,Peedunu,Premium,3500,,
11/16/2021,Gampaha,Local,Peedunu,Standard,3000,,
11/16/2021,Gampaha,Local,Keti,Premium,2500,,
11/16/2021,Gampaha,Local,Keti,Standard,2000,,
11/16/2021,Gampaha,Local,Korikan,Premium,1000,,
11/16/2021,Gampaha,Local,Korikan,Standard,800,,
11/23/2021,Kurunegala,Export,Peedunu,Premium,12000,,
11/23/2021,Kurunegala,Export,Peedunu,Standard,10000,,
11/23/2021,Kurunegala,Export,Kanda,Premium,12000,,
11/23/2021,Kurunegala,Export,Kanda,Standard,10000,,
11/23/2021,Kurunegala,Local,Peedunu,Premium,4000,,
11/23/2021,Kurunegala,Local,Peedunu,Standard,3000,,
11/23/2021,Kurunegala,Local,Keti,Premium,2500,,
11/23/2021,Kurunegala,Local,Keti,Standard,2000,,
11/23/2021,Kurunegala,Local,Korikan,Premium,1000,,
11/23/2021,Kurunegala,Local,Korikan,Standard,1000,,
11/23/2021,Gampaha,Export,Peedunu,Premium,9000,,
11/23/2021,Gampaha,Export,Peedunu,Standard,7500,,
11/23/2021,Gampaha,Export,Kanda,Premium,7500,,
11/23/2021,Gampaha,Export,Kanda,Standard,6000,,
11/23/2021,Gampaha,Local,Peedunu,Premium,3000,,
11/23/2021,Gampaha,Local,Peedunu,Standard,2750,,
11/23/2021,Gampaha,Local,Keti,Premium,2200,,
11/23/2021,Gampaha,Local,Keti,Standard,2000,,
11/23/2021,Gampaha,Local,Korikan,Premium,1000,,
11/23/2021,Gampaha,Local,Korikan,Standard,800,,
11/30/2021,Kurunegala,Export,Peedunu,Premium,15000,,
11/30/2021,Kurunegala,Export,Peedunu,Standard,10000,,
11/30/2021,Kurunegala,Export,Kanda,Premium,12000,,
11/30/2021,Kurunegala,Export,Kanda,Standard,10000,,
11/30/2021,Kurunegala,Local,Peedunu,Premium,6000,,
11/30/2021,Kurunegala,Local,Peedunu,Standard,3000,,
11/30/2021,Kurunegala,Local,Keti,Premium,2500,,
11/30/2021,Kurunegala,Local,Keti,Standard,1000,,
11/30/2021,Kurunegala,Local,Korikan,Premium,1500,,
11/30/2021,Kurunegala,Local,Korikan,Standard,800,,
11/30/2021,Gampaha,Export,Peedunu,Premium,10000,,
11/30/2021,Gampaha,Export,Peedunu,Standard,8000,,
11/30/2021,Gampaha,Export,Kanda,Premium,9000,,
11/30/2021,Gampaha,Export,Kanda,Standard,7000,,
11/30/2021,Gampaha,Local,Peedunu,Premium,3500,,
11/30/2021,Gampaha,Local,Peedunu,Standard,3000,,
11/30/2021,Gampaha,Local,Keti,Premium,2000,,
11/30/2021,Gampaha,Local,Keti,Standard,1750,,
11/30/2021,Gampaha,Local,Korikan,Premium,1000,,
11/30/2021,Gampaha,Local,Korikan,Standard,800,,
12/7/2021,Kurunegala,Export,Peedunu,Premium,12000,,
12/7/2021,Kurunegala,Export,Peedunu,Standard,6000,,
12/7/2021,Kurunegala,Export,Kanda,Premium,12000,,
12/7/2021,Kurunegala,Export,Kanda,Standard,6000,,
12/7/2021,Kurunegala,Local,Peedunu,Premium,8000,,
12/7/2021,Kurunegala,Local,Peedunu,Standard,6000,,
12/7/2021,Kurunegala,Local,Keti,Premium,3000,,
12/7/2021,Kurunegala,Local,Keti,Standard,2500,,
12/7/2021,Kurunegala,Local,Korikan,Premium,1500,,
12/7/2021,Kurunegala,Local,Korikan,Standard,800,,
12/7/2021,Gampaha,Export,Peedunu,Premium,10000,,
12/7/2021,Gampaha,Export,Peedunu,Standard,8000,,
12/7/2021,Gampaha,Export,Kanda,Premium,7000,,
12/7/2021,Gampaha,Export,Kanda,Standard,6000,,
12/7/2021,Gampaha,Local,Peedunu,Premium,4000,,
12/7/2021,Gampaha,Local,Peedunu,Standard,3500,,
12/7/2021,Gampaha,Local,Keti,Premium,2500,,
12/7/2021,Gampaha,Local,Keti,Standard,2000,,
12/7/2021,Gampaha,Local,Korikan,Premium,1000,,
12/7/2021,Gampaha,Local,Korikan,Standard,800,,
12/14/2021,Kurunegala,Export,Peedunu,Premium,16000,,
12/14/2021,Kurunegala,Export,Peedunu,Standard,12000,,
12/14/2021,Kurunegala,Export,Kanda,Premium,12000,,
12/14/2021,Kurunegala,Export,Kanda,Standard,8000,,
12/14/2021,Kurunegala,Local,Peedunu,Premium,8000,,
12/14/2021,Kurunegala,Local,Peedunu,Standard,5000,,
12/14/2021,Kurunegala,Local,Keti,Premium,3000,,
12/14/2021,Kurunegala,Local,Keti,Standard,2500,,
12/14/2021,Kurunegala,Local,Korikan,Premium,1500,,
12/14/2021,Kurunegala,Local,Korikan,Standard,800,,
12/14/2021,Gampaha,Export,Peedunu,Premium,12000,,
12/14/2021,Gampaha,Export,Peedunu,Standard,10000,,
12/14/2021,Gampaha,Export,Kanda,Premium,10000,,
12/14/2021,Gampaha,Export,Kanda,Standard,8000,,
12/14/2021,Gampaha,Local,Peedunu,Premium,4500,,
12/14/2021,Gampaha,Local,Peedunu,Standard,4000,,
12/14/2021,Gampaha,Local,Keti,Premium,3500,,
12/14/2021,Gampaha,Local,Keti,Standard,3000,,
12/14/2021,Gampaha,Local,Korikan,Premium,1500,,
12/14/2021,Gampaha,Local,Korikan,Standard,1200,,
12/21/2021,Kurunegala,Export,Peedunu,Premium,15000,,
12/21/2021,Kurunegala,Export,Peedunu,Standard,12000,,
12/21/2021,Kurunegala,Export,Kanda,Premium,10000,,
12/21/2021,Kurunegala,Export,Kanda,Standard,8000,,
12/21/2021,Kurunegala,Local,Peedunu,Premium,8000,,
12/21/2021,Kurunegala,Local,Peedunu,Standard,5000,,
12/21/2021,Kurunegala,Local,Keti,Premium,3000,,
12/21/2021,Kurunegala,Local,Keti,Standard,2500,,
12/21/2021,Kurunegala,Local,Korikan,Premium,1500,,
12/21/2021,Kurunegala,Local,Korikan,Standard,800,,
12/21/2021,Gampaha,Export,Peedunu,Premium,10000,,
12/21/2021,Gampaha,Export,Peedunu,Standard,7000,,
12/21/2021,Gampaha,Export,Kanda,Premium,10000,,
12/21/2021,Gampaha,Export,Kanda,Standard,7000,,
12/21/2021,Gampaha,Local,Peedunu,Premium,3500,,
12/21/2021,Gampaha,Local,Peedunu,Standard,3000,,
12/21/2021,Gampaha,Local,Keti,Premium,2500,,
12/21/2021,Gampaha,Local,Keti,Standard,2000,,
12/21/2021,Gampaha,Local,Korikan,Premium,1000,,
12/21/2021,Gampaha,Local,Korikan,Standard,800,,
12/28/2021,Kurunegala,Export,Peedunu,Premium,15000,,
12/28/2021,Kurunegala,Export,Peedunu,Standard,12000,,
12/28/2021,Kurunegala,Export,Kanda,Premium,10000,,
12/28/2021,Kurunegala,Export,Kanda,Standard,8000,,
12/28/2021,Kurunegala,Local,Peedunu,Premium,8000,,
12/28/2021,Kurunegala,Local,Peedunu,Standard,5000,,
12/28/2021,Kurunegala,Local,Keti,Premium,3000,,
12/28/2021,Kurunegala,Local,Keti,Standard,2500,,
12/28/2021,Kurunegala,Local,Korikan,Premium,1500,,
12/28/2021,Kurunegala,Local,Korikan,Standard,800,,
12/28/2021,Gampaha,Export,Peedunu,Premium,10000,,
12/28/2021,Gampaha,Export,Peedunu,Standard,7000,,
12/28/2021,Gampaha,Export,Kanda,Premium,10000,,
12/28/2021,Gampaha,Export,Kanda,Standard,7000,,
12/28/2021,Gampaha,Local,Peedunu,Premium,3500,,
12/28/2021,Gampaha,Local,Peedunu,Standard,3000,,
12/28/2021,Gampaha,Local,Keti,Premium,2500,,
12/28/2021,Gampaha,Local,Keti,Standard,2000,,
12/28/2021,Gampaha,Local,Korikan,Premium,1000,,
12/28/2021,Gampaha,Local,Korikan,Standard,800,,
1/11/2022,Kurunegala,Export,Peedunu,Premium,20000,,
1/11/2022,Kurunegala,Export,Peedunu,Standard,15000,,
1/11/2022,Kurunegala,Export,Kanda,Premium,15000,,
1/11/2022,Kurunegala,Export,Kanda,Standard,8000,,
1/11/2022,Kurunegala,Local,Peedunu,Premium,8000,,
1/11/2022,Kurunegala,Local,Peedunu,Standard,5000,,
1/11/2022,Kurunegala,Local,Keti,Premium,3000,,
1/11/2022,Kurunegala,Local,Keti,Standard,2500,,
1/11/2022,Kurunegala,Local,Korikan,Premium,1500,,
1/11/2022,Kurunegala,Local,Korikan,Standard,800,,
1/11/2022,Gampaha,Export,Peedunu,Premium,16000,,
1/11/2022,Gampaha,Export,Peedunu,Standard,15000,,
1/11/2022,Gampaha,Export,Kanda,Premium,12000,,
1/11/2022,Gampaha,Export,Kanda,Standard,10000,,
1/11/2022,Gampaha,Local,Peedunu,Premium,5000,,
1/11/2022,Gampaha,Local,Peedunu,Standard,4500,,
1/11/2022,Gampaha,Local,Keti,Premium,3500,,
1/11/2022,Gampaha,Local,Keti,Standard,3000,,
1/11/2022,Gampaha,Local,Korikan,Premium,1500,,
1/11/2022,Gampaha,Local,Korikan,Standard,1000,,
1/4/2022,Kurunegala,Export,Peedunu,Premium,22000,,
1/4/2022,Kurunegala,Export,Peedunu,Standard,15000,,
1/4/2022,Kurunegala,Export,Kanda,Premium,15000,,
1/4/2022,Kurunegala,Export,Kanda,Standard,8000,,
1/4/2022,Kurunegala,Local,Peedunu,Premium,8000,,
1/4/2022,Kurunegala,Local,Peedunu,Standard,5000,,
1/4/2022,Kurunegala,Local,Keti,Premium,3000,,
1/4/2022,Kurunegala,Local,Keti,Standard,2500,,
1/4/2022,Kurunegala,Local,Korikan,Premium,1500,,
1/4/2022,Kurunegala,Local,Korikan,Standard,800,,
1/4/2022,Gampaha,Export,Peedunu,Premium,18000,,
1/4/2022,Gampaha,Export,Peedunu,Standard,15000,,
1/4/2022,Gampaha,Export,Kanda,Premium,17000,,
1/4/2022,Gampaha,Export,Kanda,Standard,16000,,
1/4/2022,Gampaha,Local,Peedunu,Premium,7000,,
1/4/2022,Gampaha,Local,Peedunu,Standard,6000,,
1/4/2022,Gampaha,Local,Keti,Premium,5000,,
1/4/2022,Gampaha,Local,Keti,Standard,4500,,
1/4/2022,Gampaha,Local,Korikan,Premium,2500,,
1/4/2022,Gampaha,Local,Korikan,Standard,2000,,
1/18/2022,Kurunegala,Export,Peedunu,Premium,20000,,
1/18/2022,Kurunegala,Export,Peedunu,Standard,12000,,
1/18/2022,Kurunegala,Export,Kanda,Premium,10000,,
1/18/2022,Kurunegala,Export,Kanda,Standard,6000,,
1/18/2022,Kurunegala,Local,Peedunu,Premium,10000,,
1/18/2022,Kurunegala,Local,Peedunu,Standard,8000,,
1/18/2022,Kurunegala,Local,Keti,Premium,6000,,
1/18/2022,Kurunegala,Local,Keti,Standard,4000,,
1/18/2022,Kurunegala,Local,Korikan,Premium,2000,,
1/18/2022,Kurunegala,Local,Korikan,Standard,1500,,
1/18/2022,Gampaha,Export,Peedunu,Premium,15000,,
1/18/2022,Gampaha,Export,Peedunu,Standard,10000,,
1/18/2022,Gampaha,Export,Kanda,Premium,10000,,
1/18/2022,Gampaha,Export,Kanda,Standard,8000,,
1/18/2022,Gampaha,Local,Peedunu,Premium,6000,,
1/18/2022,Gampaha,Local,Peedunu,Standard,5500,,
1/18/2022,Gampaha,Local,Keti,Premium,5000,,
1/18/2022,Gampaha,Local,Keti,Standard,4500,,
1/18/2022,Gampaha,Local,Korikan,Premium,2000,,
1/18/2022,Gampaha,Local,Korikan,Standard,1500,,
1/25/2022,Kurunegala,Export,Peedunu,Premium,15000,,
1/25/2022,Kurunegala,Export,Peedunu,Standard,10000,,
1/25/2022,Kurunegala,Export,Kanda,Premium,10000,,
1/25/2022,Kurunegala,Export,Kanda,Standard,8000,,
1/25/2022,Kurunegala,Local,Peedunu,Premium,12000,,
1/25/2022,Kurunegala,Local,Peedunu,Standard,8000,,
1/25/2022,Kurunegala,Local,Keti,Premium,7000,,
1/25/2022,Kurunegala,Local,Keti,Standard,4000,,
1/25/2022,Kurunegala,Local,Korikan,Premium,3000,,
1/25/2022,Kurunegala,Local,Korikan,Standard,2500,,
1/25/2022,Gampaha,Export,Peedunu,Premium,20000,,
1/25/2022,Gampaha,Export,Peedunu,Standard,15000,,
1/25/2022,Gampaha,Export,Kanda,Premium,12000,,
1/25/2022,Gampaha,Export,Kanda,Standard,10000,,
1/25/2022,Gampaha,Local,Peedunu,Premium,7000,,
1/25/2022,Gampaha,Local,Peedunu,Standard,6000,,
1/25/2022,Gampaha,Local,Keti,Premium,5000,,
1/25/2022,Gampaha,Local,Keti,Standard,4500,,
1/25/2022,Gampaha,Local,Korikan,Premium,2500,,
1/25/2022,Gampaha,Local,Korikan,Standard,2000,,
2/1/2022,Kurunegala,Export,Peedunu,Premium,20000,,
2/1/2022,Kurunegala,Export,Peedunu,Standard,15000,,
2/1/2022,Kurunegala,Export,Kanda,Premium,10000,,
2/1/2022,Kurunegala,Export,Kanda,Standard,8000,,
2/1/2022,Kurunegala,Local,Peedunu,Premium,10000,,
2/1/2022,Kurunegala,Local,Peedunu,Standard,8000,,
2/1/2022,Kurunegala,Local,Keti,Premium,5000,,
2/1/2022,Kurunegala,Local,Keti,Standard,4000,,
2/1/2022,Kurunegala,Local,Korikan,Premium,2500,,
2/1/2022,Kurunegala,Local,Korikan,Standard,2000,,
2/1/2022,Gampaha,Export,Peedunu,Premium,14000,,
2/1/2022,Gampaha,Export,Peedunu,Standard,12000,,
2/1/2022,Gampaha,Export,Kanda,Premium,12000,,
2/1/2022,Gampaha,Export,Kanda,Standard,10000,,
2/1/2022,Gampaha,Local,Peedunu,Premium,6000,,
2/1/2022,Gampaha,Local,Peedunu,Standard,5500,,
2/1/2022,Gampaha,Local,Keti,Premium,4000,,
2/1/2022,Gampaha,Local,Keti,Standard,3500,,
2/1/2022,Gampaha,Local,Korikan,Premium,1500,,
2/1/2022,Gampaha,Local,Korikan,Standard,1000,,
2/8/2022,Kurunegala,Export,Peedunu,Premium,20000,,
2/8/2022,Kurunegala,Export,Peedunu,Standard,15000,,
2/8/2022,Kurunegala,Export,Kanda,Premium,10000,,
2/8/2022,Kurunegala,Export,Kanda,Standard,8000,,
2/8/2022,Kurunegala,Local,Peedunu,Premium,12000,,
2/8/2022,Kurunegala,Local,Peedunu,Standard,8000,,
2/8/2022,Kurunegala,Local,Keti,Premium,5000,,
2/8/2022,Kurunegala,Local,Keti,Standard,4000,,
2/8/2022,Kurunegala,Local,Korikan,Premium,2500,,
2/8/2022,Kurunegala,Local,Korikan,Standard,2000,,
2/8/2022,Gampaha,Export,Peedunu,Premium,15000,,
2/8/2022,Gampaha,Export,Peedunu,Standard,13000,,
2/8/2022,Gampaha,Export,Kanda,Premium,12000,,
2/8/2022,Gampaha,Export,Kanda,Standard,10000,,
2/8/2022,Gampaha,Local,Peedunu,Premium,6000,,
2/8/2022,Gampaha,Local,Peedunu,Standard,5500,,
2/8/2022,Gampaha,Local,Keti,Premium,5000,,
2/8/2022,Gampaha,Local,Keti,Standard,4500,,
2/8/2022,Gampaha,Local,Korikan,Premium,2000,,
2/8/2022,Gampaha,Local,Korikan,Standard,1500,,
2/14/2022,Kurunegala,Export,Peedunu,Premium,20000,,
2/14/2022,Kurunegala,Export,Peedunu,Standard,16000,,
2/14/2022,Kurunegala,Export,Kanda,Premium,14000,,
2/14/2022,Kurunegala,Export,Kanda,Standard,12000,,
2/14/2022,Kurunegala,Local,Peedunu,Premium,6500,,
2/14/2022,Kurunegala,Local,Peedunu,Standard,6500,,
2/14/2022,Kurunegala,Local,Keti,Premium,4000,,
2/14/2022,Kurunegala,Local,Keti,Standard,4000,,
2/14/2022,Kurunegala,Local,Korikan,Premium,2500,,
2/14/2022,Kurunegala,Local,Korikan,Standard,2000,,
2/14/2022,Gampaha,Export,Peedunu,Premium,20000,,
2/14/2022,Gampaha,Export,Peedunu,Standard,16000,,
2/14/2022,Gampaha,Export,Kanda,Premium,14000,,
2/14/2022,Gampaha,Export,Kanda,Standard,12000,,
2/14/2022,Gampaha,Local,Peedunu,Premium,7000,,
2/14/2022,Gampaha,Local,Peedunu,Standard,6000,,
2/14/2022,Gampaha,Local,Keti,Premium,5000,,
2/14/2022,Gampaha,Local,Keti,Standard,4000,,
2/14/2022,Gampaha,Local,Korikan,Premium,2500,,
2/14/2022,Gampaha,Local,Korikan,Standard,2000,,
2/22/2022,Kurunegala,Export,Peedunu,Premium,20000,,
2/22/2022,Kurunegala,Export,Peedunu,Standard,15000,,
2/22/2022,Kurunegala,Export,Kanda,Premium,15000,,
2/22/2022,Kurunegala,Export,Kanda,Standard,10000,,
2/22/2022,Kurunegala,Local,Peedunu,Premium,7000,,
2/22/2022,Kurunegala,Local,Peedunu,Standard,6500,,
2/22/2022,Kurunegala,Local,Keti,Premium,6000,,
2/22/2022,Kurunegala,Local,Keti,Standard,5500,,
2/22/2022,Kurunegala,Local,Korikan,Premium,2500,,
2/22/2022,Kurunegala,Local,Korikan,Standard,2000,,
2/22/2022,Gampaha,Export,Peedunu,Premium,20000,,
2/22/2022,Gampaha,Export,Peedunu,Standard,15000,,
2/22/2022,Gampaha,Export,Kanda,Premium,15000,,
2/22/2022,Gampaha,Export,Kanda,Standard,10000,,
2/22/2022,Gampaha,Local,Peedunu,Premium,7000,,
2/22/2022,Gampaha,Local,Peedunu,Standard,6500,,
2/22/2022,Gampaha,Local,Keti,Premium,6000,,
2/22/2022,Gampaha,Local,Keti,Standard,5500,,
2/22/2022,Gampaha,Local,Korikan,Premium,2500,,
2/22/2022,Gampaha,Local,Korikan,Standard,2000,,
3/8/2022,Kurunegala,Export,Peedunu,Premium,18000,,
3/8/2022,Kurunegala,Export,Peedunu,Standard,12000,,
3/8/2022,Kurunegala,Export,Kanda,Premium,12000,,
3/8/2022,Kurunegala,Export,Kanda,Standard,10000,,
3/8/2022,Kurunegala,Local,Peedunu,Premium,15000,,
3/8/2022,Kurunegala,Local,Peedunu,Standard,12000,,
3/8/2022,Kurunegala,Local,Keti,Premium,8000,,
3/8/2022,Kurunegala,Local,Keti,Standard,5000,,
3/8/2022,Kurunegala,Local,Korikan,Premium,4000,,
3/8/2022,Kurunegala,Local,Korikan,Standard,2000,,
3/8/2022,Gampaha,Export,Peedunu,Premium,22000,,
3/8/2022,Gampaha,Export,Peedunu,Standard,18000,,
3/8/2022,Gampaha,Export,Kanda,Premium,15000,,
3/8/2022,Gampaha,Export,Kanda,Standard,12000,,
3/8/2022,Gampaha,Local,Peedunu,Premium,8000,,
3/8/2022,Gampaha,Local,Peedunu,Standard,7500,,
3/8/2022,Gampaha,Local,Keti,Premium,7000,,
3/8/2022,Gampaha,Local,Keti,Standard,6500,,
3/8/2022,Gampaha,Local,Korikan,Premium,3500,,
3/8/2022,Gampaha,Local,Korikan,Standard,3000,,
3/22/2022,Kurunegala,Export,Peedunu,Premium,22000,,
3/22/2022,Kurunegala,Export,Peedunu,Standard,15000,,
3/22/2022,Kurunegala,Export,Kanda,Premium,18000,,
3/22/2022,Kurunegala,Export,Kanda,Standard,15000,,
3/22/2022,Kurunegala,Local,Peedunu,Premium,18000,,
3/22/2022,Kurunegala,Local,Peedunu,Standard,10000,,
3/22/2022,Kurunegala,Local,Keti,Premium,8000,,
3/22/2022,Kurunegala,Local,Keti,Standard,5000,,
3/22/2022,Kurunegala,Local,Korikan,Premium,4000,,
3/22/2022,Kurunegala,Local,Korikan,Standard,2000,,
3/22/2022,Gampaha,Export,Peedunu,Premium,14000,,
3/22/2022,Gampaha,Export,Peedunu,Standard,12000,,
3/22/2022,Gampaha,Export,Kanda,Premium,8000,,
3/22/2022,Gampaha,Export,Kanda,Standard,6000,,
3/22/2022,Gampaha,Local,Peedunu,Premium,4000,,
3/22/2022,Gampaha,Local,Peedunu,Standard,3500,,
3/22/2022,Gampaha,Local,Keti,Premium,3000,,
3/22/2022,Gampaha,Local,Keti,Standard,2500,,
3/22/2022,Gampaha,Local,Korikan,Premium,1000,,
3/22/2022,Gampaha,Local,Korikan,Standard,800,,
3/29/2022,Kurunegala,Export,Peedunu,Premium,18000,,
3/29/2022,Kurunegala,Export,Peedunu,Standard,10000,,
3/29/2022,Kurunegala,Export,Kanda,Premium,12000,,
3/29/2022,Kurunegala,Export,Kanda,Standard,10000,,
3/29/2022,Kurunegala,Local,Peedunu,Premium,12000,,
3/29/2022,Kurunegala,Local,Peedunu,Standard,8000,,
3/29/2022,Kurunegala,Local,Keti,Premium,6000,,
3/29/2022,Kurunegala,Local,Keti,Standard,5000,,
3/29/2022,Kurunegala,Local,Korikan,Premium,4000,,
3/29/2022,Kurunegala,Local,Korikan,Standard,2000,,
3/29/2022,Gampaha,Export,Peedunu,Premium,20000,,
3/29/2022,Gampaha,Export,Peedunu,Standard,15000,,
3/29/2022,Gampaha,Export,Kanda,Premium,15000,,
3/29/2022,Gampaha,Export,Kanda,Standard,10000,,
3/29/2022,Gampaha,Local,Peedunu,Premium,7000,,
3/29/2022,Gampaha,Local,Peedunu,Standard,6000,,
3/29/2022,Gampaha,Local,Keti,Premium,4500,,
3/29/2022,Gampaha,Local,Keti,Standard,4000,,
3/29/2022,Gampaha,Local,Korikan,Premium,2000,,
3/29/2022,Gampaha,Local,Korikan,Standard,1500,,
4/5/2022,Kurunegala,Export,Peedunu,Premium,12000,,
4/5/2022,Kurunegala,Export,Peedunu,Standard,10000,,
4/5/2022,Kurunegala,Export,Kanda,Premium,10000,,
4/5/2022,Kurunegala,Export,Kanda,Standard,8000,,
4/5/2022,Kurunegala,Local,Peedunu,Premium,10000,,
4/5/2022,Kurunegala,Local,Peedunu,Standard,8000,,
4/5/2022,Kurunegala,Local,Keti,Premium,6000,,
4/5/2022,Kurunegala,Local,Keti,Standard,5000,,
4/5/2022,Kurunegala,Local,Korikan,Premium,4000,,
4/5/2022,Kurunegala,Local,Korikan,Standard,3000,,
4/5/2022,Gampaha,Export,Peedunu,Premium,18000,,
4/5/2022,Gampaha,Export,Peedunu,Standard,15000,,
4/5/2022,Gampaha,Export,Kanda,Premium,14000,,
4/5/2022,Gampaha,Export,Kanda,Standard,12000,,
4/5/2022,Gampaha,Local,Peedunu,Premium,7000,,
4/5/2022,Gampaha,Local,Peedunu,Standard,6500,,
4/5/2022,Gampaha,Local,Keti,Premium,4000,,
4/5/2022,Gampaha,Local,Keti,Standard,3500,,
4/5/2022,Gampaha,Local,Korikan,Premium,2000,,
4/5/2022,Gampaha,Local,Korikan,Standard,1500,,
4/19/2022,Kurunegala,Export,Peedunu,Premium,12000,,
4/19/2022,Kurunegala,Export,Peedunu,Standard,5000,,
4/19/2022,Kurunegala,Export,Kanda,Premium,10000,,
4/19/2022,Kurunegala,Export,Kanda,Standard,5000,,
4/19/2022,Kurunegala,Local,Peedunu,Premium,10000,,
4/19/2022,Kurunegala,Local,Peedunu,Standard,5000,,
4/19/2022,Kurunegala,Local,Keti,Premium,6000,,
4/19/2022,Kurunegala,Local,Keti,Standard,4000,,
4/19/2022,Kurunegala,Local,Korikan,Premium,3000,,
4/19/2022,Kurunegala,Local,Korikan,Standard,2000,,
4/19/2022,Gampaha,Export,Peedunu,Premium,20000,,
4/19/2022,Gampaha,Export,Peedunu,Standard,18000,,
4/19/2022,Gampaha,Export,Kanda,Premium,12000,,
4/19/2022,Gampaha,Export,Kanda,Standard,10000,,
4/19/2022,Gampaha,Local,Peedunu,Premium,8000,,
4/19/2022,Gampaha,Local,Peedunu,Standard,7000,,
4/19/2022,Gampaha,Local,Keti,Premium,6000,,
4/19/2022,Gampaha,Local,Keti,Standard,5000,,
4/19/2022,Gampaha,Local,Korikan,Premium,2000,,
4/19/2022,Gampaha,Local,Korikan,Standard,1500,,
4/26/2022,Kurunegala,Export,Peedunu,Premium,12000,,
4/26/2022,Kurunegala,Export,Peedunu,Standard,8000,,
4/26/2022,Kurunegala,Export,Kanda,Premium,10000,,
4/26/2022,Kurunegala,Export,Kanda,Standard,6000,,
4/26/2022,Kurunegala,Local,Peedunu,Premium,10000,,
4/26/2022,Kurunegala,Local,Peedunu,Standard,7000,,
4/26/2022,Kurunegala,Local,Keti,Premium,6000,,
4/26/2022,Kurunegala,Local,Keti,Standard,4000,,
4/26/2022,Kurunegala,Local,Korikan,Premium,3000,,
4/26/2022,Kurunegala,Local,Korikan,Standard,2000,,
4/26/2022,Gampaha,Export,Peedunu,Premium,10000,,
4/26/2022,Gampaha,Export,Peedunu,Standard,8000,,
4/26/2022,Gampaha,Export,Kanda,Premium,8000,,
4/26/2022,Gampaha,Export,Kanda,Standard,7000,,
4/26/2022,Gampaha,Local,Peedunu,Premium,7000,,
4/26/2022,Gampaha,Local,Peedunu,Standard,6500,,
4/26/2022,Gampaha,Local,Keti,Premium,5500,,
4/26/2022,Gampaha,Local,Keti,Standard,5000,,
4/26/2022,Gampaha,Local,Korikan,Premium,2500,,
4/26/2022,Gampaha,Local,Korikan,Standard,2500,,
5/4/2022,Kurunegala,Export,Peedunu,Premium,12000,,
5/4/2022,Kurunegala,Export,Peedunu,Standard,8000,,
5/4/2022,Kurunegala,Export,Kanda,Premium,10000,,
5/4/2022,Kurunegala,Export,Kanda,Standard,6000,,
5/4/2022,Kurunegala,Local,Peedunu,Premium,4500,,
5/4/2022,Kurunegala,Local,Peedunu,Standard,4500,,
5/4/2022,Kurunegala,Local,Keti,Premium,3000,,
5/4/2022,Kurunegala,Local,Keti,Standard,3000,,
5/4/2022,Kurunegala,Local,Korikan,Premium,150,,
5/4/2022,Kurunegala,Local,Korikan,Standard,100,,
5/4/2022,Gampaha,Export,Peedunu,Premium,10000,,
5/4/2022,Gampaha,Export,Peedunu,Standard,8000,,
5/4/2022,Gampaha,Export,Kanda,Premium,8000,,
5/4/2022,Gampaha,Export,Kanda,Standard,7000,,
5/4/2022,Gampaha,Local,Peedunu,Premium,2500,,
5/4/2022,Gampaha,Local,Peedunu,Standard,2000,,
5/4/2022,Gampaha,Local,Keti,Premium,1500,,
5/4/2022,Gampaha,Local,Keti,Standard,1000,,
5/4/2022,Gampaha,Local,Korikan,Premium,150,,
5/4/2022,Gampaha,Local,Korikan,Standard,100,,
5/17/2022,Kurunegala,Export,Peedunu,Premium,8000,,
5/17/2022,Kurunegala,Export,Peedunu,Standard,4000,,
5/17/2022,Kurunegala,Export,Kanda,Premium,6000,,
5/17/2022,Kurunegala,Export,Kanda,Standard,3000,,
5/17/2022,Kurunegala,Local,Peedunu,Premium,6000,,
5/17/2022,Kurunegala,Local,Peedunu,Standard,3000,,
5/17/2022,Kurunegala,Local,Keti,Premium,3000,,
5/17/2022,Kurunegala,Local,Keti,Standard,1500,,
5/17/2022,Kurunegala,Local,Korikan,Premium,1000,,
5/17/2022,Kurunegala,Local,Korikan,Standard,500,,
5/17/2022,Gampaha,Export,Peedunu,Premium,15000,,
5/17/2022,Gampaha,Export,Peedunu,Standard,10000,,
5/17/2022,Gampaha,Export,Kanda,Premium,11000,,
5/17/2022,Gampaha,Export,Kanda,Standard,10000,,
5/17/2022,Gampaha,Local,Peedunu,Premium,3000,,
5/17/2022,Gampaha,Local,Peedunu,Standard,2500,,
5/17/2022,Gampaha,Local,Keti,Premium,1500,,
5/17/2022,Gampaha,Local,Keti,Standard,1000,,
5/17/2022,Gampaha,Local,Korikan,Premium,500,,
5/17/2022,Gampaha,Local,Korikan,Standard,300,,
5/24/2022,Kurunegala,Export,Peedunu,Premium,8000,,
5/24/2022,Kurunegala,Export,Peedunu,Standard,4000,,
5/24/2022,Kurunegala,Export,Kanda,Premium,6000,,
5/24/2022,Kurunegala,Export,Kanda,Standard,4000,,
5/24/2022,Kurunegala,Local,Peedunu,Premium,6000,,
5/24/2022,Kurunegala,Local,Peedunu,Standard,3000,,
5/24/2022,Kurunegala,Local,Keti,Premium,2500,,
5/24/2022,Kurunegala,Local,Keti,Standard,1500,,
5/24/2022,Kurunegala,Local,Korikan,Premium,1000,,
5/24/2022,Kurunegala,Local,Korikan,Standard,500,,
5/24/2022,Gampaha,Export,Peedunu,Premium,12000,,
5/24/2022,Gampaha,Export,Peedunu,Standard,10000,,
5/24/2022,Gampaha,Export,Kanda,Premium,10000,,
5/24/2022,Gampaha,Export,Kanda,Standard,8000,,
5/24/2022,Gampaha,Local,Peedunu,Premium,3000,,
5/24/2022,Gampaha,Local,Peedunu,Standard,2500,,
5/24/2022,Gampaha,Local,Keti,Premium,1500,,
5/24/2022,Gampaha,Local,Keti,Standard,1000,,
5/24/2022,Gampaha,Local,Korikan,Premium,500,,
5/24/2022,Gampaha,Local,Korikan,Standard,300,,
5/31/2022,Kurunegala,Export,Peedunu,Premium,6000,,
5/31/2022,Kurunegala,Export,Peedunu,Standard,3000,,
5/31/2022,Kurunegala,Export,Kanda,Premium,4000,,
5/31/2022,Kurunegala,Export,Kanda,Standard,3000,,
5/31/2022,Kurunegala,Local,Peedunu,Premium,4000,,
5/31/2022,Kurunegala,Local,Peedunu,Standard,2000,,
5/31/2022,Kurunegala,Local,Keti,Premium,1500,,
5/31/2022,Kurunegala,Local,Keti,Standard,1000,,
5/31/2022,Kurunegala,Local,Korikan,Premium,800,,
5/31/2022,Kurunegala,Local,Korikan,Standard,400,,
5/31/2022,Gampaha,Export,Peedunu,Premium,12000,,
5/31/2022,Gampaha,Export,Peedunu,Standard,8000,,
5/31/2022,Gampaha,Export,Kanda,Premium,8000,,
5/31/2022,Gampaha,Export,Kanda,Standard,5000,,
5/31/2022,Gampaha,Local,Peedunu,Premium,3000,,
5/31/2022,Gampaha,Local,Peedunu,Standard,2500,,
5/31/2022,Gampaha,Local,Keti,Premium,1500,,
5/31/2022,Gampaha,Local,Keti,Standard,1000,,
5/31/2022,Gampaha,Local,Korikan,Premium,250,,
5/31/2022,Gampaha,Local,Korikan,Standard,200,,
6/7/2022,Kurunegala,Export,Peedunu,Premium,5000,,
6/7/2022,Kurunegala,Export,Peedunu,Standard,3000,,
6/7/2022,Kurunegala,Export,Kanda,Premium,4000,,
6/7/2022,Kurunegala,Export,Kanda,Standard,3000,,
6/7/2022,Kurunegala,Local,Peedunu,Premium,5000,,
6/7/2022,Kurunegala,Local,Peedunu,Standard,3000,,
6/7/2022,Kurunegala,Local,Keti,Premium,2000,,
6/7/2022,Kurunegala,Local,Keti,Standard,1000,,
6/7/2022,Kurunegala,Local,Korikan,Premium,1000,,
6/7/2022,Kurunegala,Local,Korikan,Standard,500,,
6/7/2022,Gampaha,Export,Peedunu,Premium,8000,,
6/7/2022,Gampaha,Export,Peedunu,Standard,5000,,
6/7/2022,Gampaha,Export,Kanda,Premium,5000,,
6/7/2022,Gampaha,Export,Kanda,Standard,4000,,
6/7/2022,Gampaha,Local,Peedunu,Premium,3000,,
6/7/2022,Gampaha,Local,Peedunu,Standard,2500,,
6/7/2022,Gampaha,Local,Keti,Premium,1500,,
6/7/2022,Gampaha,Local,Keti,Standard,1000,,
6/7/2022,Gampaha,Local,Korikan,Premium,250,,
6/7/2022,Gampaha,Local,Korikan,Standard,200,,
6/15/2022,Kurunegala,Export,Peedunu,Premium,18000,,
6/15/2022,Kurunegala,Export,Peedunu,Standard,15000,,
6/15/2022,Kurunegala,Export,Kanda,Premium,10000,,
6/15/2022,Kurunegala,Export,Kanda,Standard,8000,,
6/15/2022,Kurunegala,Local,Peedunu,Premium,2500,,
6/15/2022,Kurunegala,Local,Peedunu,Standard,2500,,
6/15/2022,Kurunegala,Local,Keti,Premium,1500,,
6/15/2022,Kurunegala,Local,Keti,Standard,1500,,
6/15/2022,Kurunegala,Local,Korikan,Premium,500,,
6/15/2022,Kurunegala,Local,Korikan,Standard,300,,
6/15/2022,Gampaha,Export,Peedunu,Premium,18000,,
6/15/2022,Gampaha,Export,Peedunu,Standard,15000,,
6/15/2022,Gampaha,Export,Kanda,Premium,10000,,
6/15/2022,Gampaha,Export,Kanda,Standard,8000,,
6/15/2022,Gampaha,Local,Peedunu,Premium,7000,,
6/15/2022,Gampaha,Local,Peedunu,Standard,6000,,
6/15/2022,Gampaha,Local,Keti,Premium,2500,,
6/15/2022,Gampaha,Local,Keti,Standard,2000,,
6/15/2022,Gampaha,Local,Korikan,Premium,500,,
6/15/2022,Gampaha,Local,Korikan,Standard,300,,
6/21/2022,Kurunegala,Export,Peedunu,Premium,8000,,
6/21/2022,Kurunegala,Export,Peedunu,Standard,5000,,
6/21/2022,Kurunegala,Export,Kanda,Premium,6000,,
6/21/2022,Kurunegala,Export,Kanda,Standard,5000,,
6/21/2022,Kurunegala,Local,Peedunu,Premium,6000,,
6/21/2022,Kurunegala,Local,Peedunu,Standard,3000,,
6/21/2022,Kurunegala,Local,Keti,Premium,4000,,
6/21/2022,Kurunegala,Local,Keti,Standard,2000,,
6/21/2022,Kurunegala,Local,Korikan,Premium,1500,,
6/21/2022,Kurunegala,Local,Korikan,Standard,1000,,
6/21/2022,Gampaha,Export,Peedunu,Premium,12000,,
6/21/2022,Gampaha,Export,Peedunu,Standard,8000,,
6/21/2022,Gampaha,Export,Kanda,Premium,6000,,
6/21/2022,Gampaha,Export,Kanda,Standard,5000,,
6/21/2022,Gampaha,Local,Peedunu,Premium,4000,,
6/21/2022,Gampaha,Local,Peedunu,Standard,3000,,
6/21/2022,Gampaha,Local,Keti,Premium,2500,,
6/21/2022,Gampaha,Local,Keti,Standard,2000,,
6/21/2022,Gampaha,Local,Korikan,Premium,500,,
6/21/2022,Gampaha,Local,Korikan,Standard,300,,
6/28/2022,Kurunegala,Export,Peedunu,Premium,8000,,
6/28/2022,Kurunegala,Export,Peedunu,Standard,5000,,
6/28/2022,Kurunegala,Export,Kanda,Premium,6000,,
6/28/2022,Kurunegala,Export,Kanda,Standard,5000,,
6/28/2022,Kurunegala,Local,Peedunu,Premium,6000,,
6/28/2022,Kurunegala,Local,Peedunu,Standard,3000,,
6/28/2022,Kurunegala,Local,Keti,Premium,4000,,
6/28/2022,Kurunegala,Local,Keti,Standard,2000,,
6/28/2022,Kurunegala,Local,Korikan,Premium,1500,,
6/28/2022,Kurunegala,Local,Korikan,Standard,1000,,
6/28/2022,Gampaha,Export,Peedunu,Premium,12000,,
6/28/2022,Gampaha,Export,Peedunu,Standard,8000,,
6/28/2022,Gampaha,Export,Kanda,Premium,6000,,
6/28/2022,Gampaha,Export,Kanda,Standard,5000,,
6/28/2022,Gampaha,Local,Peedunu,Premium,4000,,
6/28/2022,Gampaha,Local,Peedunu,Standard,3000,,
6/28/2022,Gampaha,Local,Keti,Premium,2500,,
6/28/2022,Gampaha,Local,Keti,Standard,2000,,
6/28/2022,Gampaha,Local,Korikan,Premium,500,,
6/28/2022,Gampaha,Local,Korikan,Standard,300,,
7/5/2022,Kurunegala,Export,Peedunu,Premium,6000,,
7/5/2022,Kurunegala,Export,Peedunu,Standard,5000,,
7/5/2022,Kurunegala,Export,Kanda,Premium,8000,,
7/5/2022,Kurunegala,Export,Kanda,Standard,5000,,
7/5/2022,Kurunegala,Local,Peedunu,Premium,6000,,
7/5/2022,Kurunegala,Local,Peedunu,Standard,3000,,
7/5/2022,Kurunegala,Local,Keti,Premium,4000,,
7/5/2022,Kurunegala,Local,Keti,Standard,2000,,
7/5/2022,Kurunegala,Local,Korikan,Premium,1500,,
7/5/2022,Kurunegala,Local,Korikan,Standard,1000,,
7/5/2022,Gampaha,Export,Peedunu,Premium,15000,,
7/5/2022,Gampaha,Export,Peedunu,Standard,12000,,
7/5/2022,Gampaha,Export,Kanda,Premium,10000,,
7/5/2022,Gampaha,Export,Kanda,Standard,9000,,
7/5/2022,Gampaha,Local,Peedunu,Premium,3500,,
7/5/2022,Gampaha,Local,Peedunu,Standard,3000,,
7/5/2022,Gampaha,Local,Keti,Premium,2000,,
7/5/2022,Gampaha,Local,Keti,Standard,1500,,
7/5/2022,Gampaha,Local,Korikan,Premium,300,,
7/5/2022,Gampaha,Local,Korikan,Standard,200,,
7/12/2022,Kurunegala,Export,Peedunu,Premium,7000,,
7/12/2022,Kurunegala,Export,Peedunu,Standard,6000,,
7/12/2022,Kurunegala,Export,Kanda,Premium,5000,,
7/12/2022,Kurunegala,Export,Kanda,Standard,4000,,
7/12/2022,Kurunegala,Local,Peedunu,Premium,6000,,
7/12/2022,Kurunegala,Local,Peedunu,Standard,3000,,
7/12/2022,Kurunegala,Local,Keti,Premium,4000,,
7/12/2022,Kurunegala,Local,Keti,Standard,2000,,
7/12/2022,Kurunegala,Local,Korikan,Premium,1500,,
7/12/2022,Kurunegala,Local,Korikan,Standard,1000,,
7/12/2022,Gampaha,Export,Peedunu,Premium,13000,,
7/12/2022,Gampaha,Export,Peedunu,Standard,10000,,
7/12/2022,Gampaha,Export,Kanda,Premium,10000,,
7/12/2022,Gampaha,Export,Kanda,Standard,8000,,
7/12/2022,Gampaha,Local,Peedunu,Premium,3500,,
7/12/2022,Gampaha,Local,Peedunu,Standard,3000,,
7/12/2022,Gampaha,Local,Keti,Premium,3000,,
7/12/2022,Gampaha,Local,Keti,Standard,2500,,
7/12/2022,Gampaha,Local,Korikan,Premium,800,,
7/12/2022,Gampaha,Local,Korikan,Standard,500,,
7/19/2022,Kurunegala,Export,Peedunu,Premium,7000,,
7/19/2022,Kurunegala,Export,Peedunu,Standard,6000,,
7/19/2022,Kurunegala,Export,Kanda,Premium,5000,,
7/19/2022,Kurunegala,Export,Kanda,Standard,4000,,
7/19/2022,Kurunegala,Local,Peedunu,Premium,6000,,
7/19/2022,Kurunegala,Local,Peedunu,Standard,3000,,
7/19/2022,Kurunegala,Local,Keti,Premium,4000,,
7/19/2022,Kurunegala,Local,Keti,Standard,2000,,
7/19/2022,Kurunegala,Local,Korikan,Premium,1500,,
7/19/2022,Kurunegala,Local,Korikan,Standard,1000,,
7/19/2022,Gampaha,Export,Peedunu,Premium,10000,,
7/19/2022,Gampaha,Export,Peedunu,Standard,8000,,
7/19/2022,Gampaha,Export,Kanda,Premium,8000,,
7/19/2022,Gampaha,Export,Kanda,Standard,6000,,
7/19/2022,Gampaha,Local,Peedunu,Premium,3500,,
7/19/2022,Gampaha,Local,Peedunu,Standard,3000,,
7/19/2022,Gampaha,Local,Keti,Premium,2000,,
7/19/2022,Gampaha,Local,Keti,Standard,1500,,
7/19/2022,Gampaha,Local,Korikan,Premium,600,,
7/19/2022,Gampaha,Local,Korikan,Standard,300,,
7/26/2022,Kurunegala,Export,Peedunu,Premium,8000,,
7/26/2022,Kurunegala,Export,Peedunu,Standard,5000,,
7/26/2022,Kurunegala,Export,Kanda,Premium,5000,,
7/26/2022,Kurunegala,Export,Kanda,Standard,4000,,
7/26/2022,Kurunegala,Local,Peedunu,Premium,7000,,
7/26/2022,Kurunegala,Local,Peedunu,Standard,4000,,
7/26/2022,Kurunegala,Local,Keti,Premium,5000,,
7/26/2022,Kurunegala,Local,Keti,Standard,3000,,
7/26/2022,Kurunegala,Local,Korikan,Premium,2000,,
7/26/2022,Kurunegala,Local,Korikan,Standard,1500,,
7/26/2022,Gampaha,Export,Peedunu,Premium,11000,,
7/26/2022,Gampaha,Export,Peedunu,Standard,8000,,
7/26/2022,Gampaha,Export,Kanda,Premium,8000,,
7/26/2022,Gampaha,Export,Kanda,Standard,7000,,
7/26/2022,Gampaha,Local,Peedunu,Premium,4000,,
7/26/2022,Gampaha,Local,Peedunu,Standard,3500,,
7/26/2022,Gampaha,Local,Keti,Premium,2500,,
7/26/2022,Gampaha,Local,Keti,Standard,2000,,
7/26/2022,Gampaha,Local,Korikan,Premium,500,,
7/26/2022,Gampaha,Local,Korikan,Standard,400,,
8/2/2022,Kurunegala,Export,Peedunu,Premium,8000,,
8/2/2022,Kurunegala,Export,Peedunu,Standard,5000,,
8/2/2022,Kurunegala,Export,Kanda,Premium,5000,,
8/2/2022,Kurunegala,Export,Kanda,Standard,4000,,
8/2/2022,Kurunegala,Local,Peedunu,Premium,7000,,
8/2/2022,Kurunegala,Local,Peedunu,Standard,5000,,
8/2/2022,Kurunegala,Local,Keti,Premium,4000,,
8/2/2022,Kurunegala,Local,Keti,Standard,3000,,
8/2/2022,Kurunegala,Local,Korikan,Premium,2000,,
8/2/2022,Kurunegala,Local,Korikan,Standard,1500,,
8/2/2022,Gampaha,Export,Peedunu,Premium,15000,,
8/2/2022,Gampaha,Export,Peedunu,Standard,10000,,
8/2/2022,Gampaha,Export,Kanda,Premium,10000,,
8/2/2022,Gampaha,Export,Kanda,Standard,8000,,
8/2/2022,Gampaha,Local,Peedunu,Premium,4000,,
8/2/2022,Gampaha,Local,Peedunu,Standard,3500,,
8/2/2022,Gampaha,Local,Keti,Premium,3500,,
8/2/2022,Gampaha,Local,Keti,Standard,3000,,
8/2/2022,Gampaha,Local,Korikan,Premium,600,,
8/2/2022,Gampaha,Local,Korikan,Standard,500,,
8/9/2022,Kurunegala,Export,Peedunu,Premium,15000,,
8/9/2022,Kurunegala,Export,Peedunu,Standard,8000,,
8/9/2022,Kurunegala,Export,Kanda,Premium,10000,,
8/9/2022,Kurunegala,Export,Kanda,Standard,8000,,
8/9/2022,Kurunegala,Local,Peedunu,Premium,8000,,
8/9/2022,Kurunegala,Local,Peedunu,Standard,6000,,
8/9/2022,Kurunegala,Local,Keti,Premium,4000,,
8/9/2022,Kurunegala,Local,Keti,Standard,2000,,
8/9/2022,Kurunegala,Local,Korikan,Premium,1500,,
8/9/2022,Kurunegala,Local,Korikan,Standard,1000,,
8/9/2022,Gampaha,Export,Peedunu,Premium,13000,,
8/9/2022,Gampaha,Export,Peedunu,Standard,10000,,
8/9/2022,Gampaha,Export,Kanda,Premium,10000,,
8/9/2022,Gampaha,Export,Kanda,Standard,7000,,
8/9/2022,Gampaha,Local,Peedunu,Premium,5000,,
8/9/2022,Gampaha,Local,Peedunu,Standard,4500,,
8/9/2022,Gampaha,Local,Keti,Premium,4000,,
8/9/2022,Gampaha,Local,Keti,Standard,3500,,
8/9/2022,Gampaha,Local,Korikan,Premium,1000,,
8/9/2022,Gampaha,Local,Korikan,Standard,800,,
8/16/2022,Kurunegala,Export,Peedunu,Premium,15000,,
8/16/2022,Kurunegala,Export,Peedunu,Standard,8000,,
8/16/2022,Kurunegala,Export,Kanda,Premium,10000,,
8/16/2022,Kurunegala,Export,Kanda,Standard,8000,,
8/16/2022,Kurunegala,Local,Peedunu,Premium,8000,,
8/16/2022,Kurunegala,Local,Peedunu,Standard,6000,,
8/16/2022,Kurunegala,Local,Keti,Premium,4000,,
8/16/2022,Kurunegala,Local,Keti,Standard,2000,,
8/16/2022,Kurunegala,Local,Korikan,Premium,1500,,
8/16/2022,Kurunegala,Local,Korikan,Standard,1000,,
8/16/2022,Gampaha,Export,Peedunu,Premium,13000,,
8/16/2022,Gampaha,Export,Peedunu,Standard,10000,,
8/16/2022,Gampaha,Export,Kanda,Premium,10000,,
8/16/2022,Gampaha,Export,Kanda,Standard,7000,,
8/16/2022,Gampaha,Local,Peedunu,Premium,5000,,
8/16/2022,Gampaha,Local,Peedunu,Standard,4500,,
8/16/2022,Gampaha,Local,Keti,Premium,4000,,
8/16/2022,Gampaha,Local,Keti,Standard,3500,,
8/16/2022,Gampaha,Local,Korikan,Premium,1000,,
8/16/2022,Gampaha,Local,Korikan,Standard,800,,
8/23/2022,Kurunegala,Export,Peedunu,Premium,15000,,
8/23/2022,Kurunegala,Export,Peedunu,Standard,8000,,
8/23/2022,Kurunegala,Export,Kanda,Premium,10000,,
8/23/2022,Kurunegala,Export,Kanda,Standard,8000,,
8/23/2022,Kurunegala,Local,Peedunu,Premium,8000,,
8/23/2022,Kurunegala,Local,Peedunu,Standard,6000,,
8/23/2022,Kurunegala,Local,Keti,Premium,4000,,
8/23/2022,Kurunegala,Local,Keti,Standard,2000,,
8/23/2022,Kurunegala,Local,Korikan,Premium,1500,,
8/23/2022,Kurunegala,Local,Korikan,Standard,1000,,
8/23/2022,Gampaha,Export,Peedunu,Premium,13000,,
8/23/2022,Gampaha,Export,Peedunu,Standard,10000,,
8/23/2022,Gampaha,Export,Kanda,Premium,10000,,
8/23/2022,Gampaha,Export,Kanda,Standard,7000,,
8/23/2022,Gampaha,Local,Peedunu,Premium,5000,,
8/23/2022,Gampaha,Local,Peedunu,Standard,4500,,
8/23/2022,Gampaha,Local,Keti,Premium,4000,,
8/23/2022,Gampaha,Local,Keti,Standard,3500,,
8/23/2022,Gampaha,Local,Korikan,Premium,1000,,
8/23/2022,Gampaha,Local,Korikan,Standard,800,,
8/30/2022,Kurunegala,Export,Peedunu,Premium,15000,,
8/30/2022,Kurunegala,Export,Peedunu,Standard,8000,,
8/30/2022,Kurunegala,Export,Kanda,Premium,12000,,
8/30/2022,Kurunegala,Export,Kanda,Standard,6000,,
8/30/2022,Kurunegala,Local,Peedunu,Premium,12000,,
8/30/2022,Kurunegala,Local,Peedunu,Standard,6000,,
8/30/2022,Kurunegala,Local,Keti,Premium,7000,,
8/30/2022,Kurunegala,Local,Keti,Standard,4000,,
8/30/2022,Kurunegala,Local,Korikan,Premium,3000,,
8/30/2022,Kurunegala,Local,Korikan,Standard,2000,,
8/30/2022,Gampaha,Export,Peedunu,Premium,14000,,
8/30/2022,Gampaha,Export,Peedunu,Standard,10000,,
8/30/2022,Gampaha,Export,Kanda,Premium,10000,,
8/30/2022,Gampaha,Export,Kanda,Standard,7000,,
8/30/2022,Gampaha,Local,Peedunu,Premium,5000,,
8/30/2022,Gampaha,Local,Peedunu,Standard,4500,,
8/30/2022,Gampaha,Local,Keti,Premium,4000,,
8/30/2022,Gampaha,Local,Keti,Standard,3500,,
8/30/2022,Gampaha,Local,Korikan,Premium,1500,,
8/30/2022,Gampaha,Local,Korikan,Standard,1000,,
9/6/2022,Kurunegala,Export,Peedunu,Premium,10000,,
9/6/2022,Kurunegala,Export,Peedunu,Standard,6000,,
9/6/2022,Kurunegala,Export,Kanda,Premium,6000,,
9/6/2022,Kurunegala,Export,Kanda,Standard,5000,,
9/6/2022,Kurunegala,Local,Peedunu,Premium,7000,,
9/6/2022,Kurunegala,Local,Peedunu,Standard,4000,,
9/6/2022,Kurunegala,Local,Keti,Premium,3000,,
9/6/2022,Kurunegala,Local,Keti,Standard,2000,,
9/6/2022,Kurunegala,Local,Korikan,Premium,1500,,
9/6/2022,Kurunegala,Local,Korikan,Standard,1000,,
9/6/2022,Gampaha,Export,Peedunu,Premium,13000,,
9/6/2022,Gampaha,Export,Peedunu,Standard,10000,,
9/6/2022,Gampaha,Export,Kanda,Premium,10000,,
9/6/2022,Gampaha,Export,Kanda,Standard,8000,,
9/6/2022,Gampaha,Local,Peedunu,Premium,5000,,
9/6/2022,Gampaha,Local,Peedunu,Standard,4500,,
9/6/2022,Gampaha,Local,Keti,Premium,4000,,
9/6/2022,Gampaha,Local,Keti,Standard,3500,,
9/6/2022,Gampaha,Local,Korikan,Premium,1200,,
9/6/2022,Gampaha,Local,Korikan,Standard,1000,,
9/13/2022,Kurunegala,Export,Peedunu,Premium,10000,,
9/13/2022,Kurunegala,Export,Peedunu,Standard,6000,,
9/13/2022,Kurunegala,Export,Kanda,Premium,6000,,
9/13/2022,Kurunegala,Export,Kanda,Standard,5000,,
9/13/2022,Kurunegala,Local,Peedunu,Premium,7000,,
9/13/2022,Kurunegala,Local,Peedunu,Standard,4000,,
9/13/2022,Kurunegala,Local,Keti,Premium,3000,,
9/13/2022,Kurunegala,Local,Keti,Standard,2000,,
9/13/2022,Kurunegala,Local,Korikan,Premium,1500,,
9/13/2022,Kurunegala,Local,Korikan,Standard,1000,,
9/13/2022,Gampaha,Export,Peedunu,Premium,14000,,
9/13/2022,Gampaha,Export,Peedunu,Standard,10000,,
9/13/2022,Gampaha,Export,Kanda,Premium,10000,,
9/13/2022,Gampaha,Export,Kanda,Standard,7000,,
9/13/2022,Gampaha,Local,Peedunu,Premium,6000,,
9/13/2022,Gampaha,Local,Peedunu,Standard,5500,,
9/13/2022,Gampaha,Local,Keti,Premium,4000,,
9/13/2022,Gampaha,Local,Keti,Standard,3500,,
9/13/2022,Gampaha,Local,Korikan,Premium,1200,,
9/13/2022,Gampaha,Local,Korikan,Standard,1000,,
9/20/2022,Kurunegala,Export,Peedunu,Premium,10000,,
9/20/2022,Kurunegala,Export,Peedunu,Standard,6000,,
9/20/2022,Kurunegala,Export,Kanda,Premium,6000,,
9/20/2022,Kurunegala,Export,Kanda,Standard,5000,,
9/20/2022,Kurunegala,Local,Peedunu,Premium,7000,,
9/20/2022,Kurunegala,Local,Peedunu,Standard,4000,,
9/20/2022,Kurunegala,Local,Keti,Premium,3000,,
9/20/2022,Kurunegala,Local,Keti,Standard,2000,,
9/20/2022,Kurunegala,Local,Korikan,Premium,1500,,
9/20/2022,Kurunegala,Local,Korikan,Standard,1000,,
9/20/2022,Gampaha,Export,Peedunu,Premium,12000,,
9/20/2022,Gampaha,Export,Peedunu,Standard,10000,,
9/20/2022,Gampaha,Export,Kanda,Premium,10000,,
9/20/2022,Gampaha,Export,Kanda,Standard,9000,,
9/20/2022,Gampaha,Local,Peedunu,Premium,6000,,
9/20/2022,Gampaha,Local,Peedunu,Standard,5500,,
9/20/2022,Gampaha,Local,Keti,Premium,3500,,
9/20/2022,Gampaha,Local,Keti,Standard,3000,,
9/20/2022,Gampaha,Local,Korikan,Premium,1500,,
9/20/2022,Gampaha,Local,Korikan,Standard,1000,,
9/27/2022,Kurunegala,Export,Peedunu,Premium,12000,,
9/27/2022,Kurunegala,Export,Peedunu,Standard,7000,,
9/27/2022,Kurunegala,Export,Kanda,Premium,8000,,
9/27/2022,Kurunegala,Export,Kanda,Standard,6000,,
9/27/2022,Kurunegala,Local,Peedunu,Premium,8000,,
9/27/2022,Kurunegala,Local,Peedunu,Standard,5000,,
9/27/2022,Kurunegala,Local,Keti,Premium,4000,,
9/27/2022,Kurunegala,Local,Keti,Standard,2000,,
9/27/2022,Kurunegala,Local,Korikan,Premium,1500,,
9/27/2022,Kurunegala,Local,Korikan,Standard,1000,,
9/27/2022,Gampaha,Export,Peedunu,Premium,12000,,
9/27/2022,Gampaha,Export,Peedunu,Standard,10000,,
9/27/2022,Gampaha,Export,Kanda,Premium,10000,,
9/27/2022,Gampaha,Export,Kanda,Standard,8000,,
9/27/2022,Gampaha,Local,Peedunu,Premium,7000,,
9/27/2022,Gampaha,Local,Peedunu,Standard,6000,,
9/27/2022,Gampaha,Local,Keti,Premium,4000,,
9/27/2022,Gampaha,Local,Keti,Standard,3500,,
9/27/2022,Gampaha,Local,Korikan,Premium,2000,,
9/27/2022,Gampaha,Local,Korikan,Standard,1500,,
10/4/2022,Kurunegala,Export,Peedunu,Premium,12000,,
10/4/2022,Kurunegala,Export,Peedunu,Standard,7000,,
10/4/2022,Kurunegala,Export,Kanda,Premium,8000,,
10/4/2022,Kurunegala,Export,Kanda,Standard,6000,,
10/4/2022,Kurunegala,Local,Peedunu,Premium,8000,,
10/4/2022,Kurunegala,Local,Peedunu,Standard,5000,,
10/4/2022,Kurunegala,Local,Keti,Premium,4000,,
10/4/2022,Kurunegala,Local,Keti,Standard,2000,,
10/4/2022,Kurunegala,Local,Korikan,Premium,1500,,
10/4/2022,Kurunegala,Local,Korikan,Standard,1000,,
10/4/2022,Gampaha,Export,Peedunu,Premium,9000,,
10/4/2022,Gampaha,Export,Peedunu,Standard,7000,,
10/4/2022,Gampaha,Export,Kanda,Premium,4000,,
10/4/2022,Gampaha,Export,Kanda,Standard,3000,,
10/4/2022,Gampaha,Local,Peedunu,Premium,5000,,
10/4/2022,Gampaha,Local,Peedunu,Standard,4500,,
10/4/2022,Gampaha,Local,Keti,Premium,3500,,
10/4/2022,Gampaha,Local,Keti,Standard,3000,,
10/4/2022,Gampaha,Local,Korikan,Premium,1000,,
10/4/2022,Gampaha,Local,Korikan,Standard,800,,
10/11/2022,Kurunegala,Export,Peedunu,Premium,12000,,
10/11/2022,Kurunegala,Export,Peedunu,Standard,10000,,
10/11/2022,Kurunegala,Export,Kanda,Premium,10000,,
10/11/2022,Kurunegala,Export,Kanda,Standard,8000,,
10/11/2022,Kurunegala,Local,Peedunu,Premium,8000,,
10/11/2022,Kurunegala,Local,Peedunu,Standard,5000,,
10/11/2022,Kurunegala,Local,Keti,Premium,4000,,
10/11/2022,Kurunegala,Local,Keti,Standard,2000,,
10/11/2022,Kurunegala,Local,Korikan,Premium,1500,,
10/11/2022,Kurunegala,Local,Korikan,Standard,1000,,
10/11/2022,Gampaha,Export,Peedunu,Premium,8000,,
10/11/2022,Gampaha,Export,Peedunu,Standard,8000,,
10/11/2022,Gampaha,Export,Kanda,Premium,5000,,
10/11/2022,Gampaha,Export,Kanda,Standard,4000,,
10/11/2022,Gampaha,Local,Peedunu,Premium,4000,,
10/11/2022,Gampaha,Local,Peedunu,Standard,3500,,
10/11/2022,Gampaha,Local,Keti,Premium,3000,,
10/11/2022,Gampaha,Local,Keti,Standard,2500,,
10/11/2022,Gampaha,Local,Korikan,Premium,1000,,
10/11/2022,Gampaha,Local,Korikan,Standard,800,,
10/18/2022,Kurunegala,Export,Peedunu,Premium,12000,,
10/18/2022,Kurunegala,Export,Peedunu,Standard,8000,,
10/18/2022,Kurunegala,Export,Kanda,Premium,6000,,
10/18/2022,Kurunegala,Export,Kanda,Standard,5000,,
10/18/2022,Kurunegala,Local,Peedunu,Premium,10000,,
10/18/2022,Kurunegala,Local,Peedunu,Standard,5000,,
10/18/2022,Kurunegala,Local,Keti,Premium,1200,,
10/18/2022,Kurunegala,Local,Keti,Standard,1000,,
10/18/2022,Kurunegala,Local,Korikan,Premium,1000,,
10/18/2022,Kurunegala,Local,Korikan,Standard,800,,
10/18/2022,Gampaha,Export,Peedunu,Premium,10000,,
10/18/2022,Gampaha,Export,Peedunu,Standard,8000,,
10/18/2022,Gampaha,Export,Kanda,Premium,4000,,
10/18/2022,Gampaha,Export,Kanda,Standard,3000,,
10/18/2022,Gampaha,Local,Peedunu,Premium,4000,,
10/18/2022,Gampaha,Local,Peedunu,Standard,3500,,
10/18/2022,Gampaha,Local,Keti,Premium,3000,,
10/18/2022,Gampaha,Local,Keti,Standard,2500,,
10/18/2022,Gampaha,Local,Korikan,Premium,1000,,
10/18/2022,Gampaha,Local,Korikan,Standard,800,,
10/25/2022,Kurunegala,Export,Peedunu,Premium,10000,,
10/25/2022,Kurunegala,Export,Peedunu,Standard,6000,,
10/25/2022,Kurunegala,Export,Kanda,Premium,6000,,
10/25/2022,Kurunegala,Export,Kanda,Standard,5000,,
10/25/2022,Kurunegala,Local,Peedunu,Premium,8000,,
10/25/2022,Kurunegala,Local,Peedunu,Standard,4000,,
10/25/2022,Kurunegala,Local,Keti,Premium,2500,,
10/25/2022,Kurunegala,Local,Keti,Standard,2000,,
10/25/2022,Kurunegala,Local,Korikan,Premium,1000,,
10/25/2022,Kurunegala,Local,Korikan,Standard,800,,
10/25/2022,Gampaha,Export,Peedunu,Premium,12000,,
10/25/2022,Gampaha,Export,Peedunu,Standard,6000,,
10/25/2022,Gampaha,Export,Kanda,Premium,5000,,
10/25/2022,Gampaha,Export,Kanda,Standard,4000,,
10/25/2022,Gampaha,Local,Peedunu,Premium,5000,,
10/25/2022,Gampaha,Local,Peedunu,Standard,4500,,
10/25/2022,Gampaha,Local,Keti,Premium,4000,,
10/25/2022,Gampaha,Local,Keti,Standard,3500,,
10/25/2022,Gampaha,Local,Korikan,Premium,1200,,
10/25/2022,Gampaha,Local,Korikan,Standard,1000,,
11/1/2022,Kurunegala,Export,Peedunu,Premium,8000,,
11/1/2022,Kurunegala,Export,Peedunu,Standard,5000,,
11/1/2022,Kurunegala,Export,Kanda,Premium,6000,,
11/1/2022,Kurunegala,Export,Kanda,Standard,5000,,
11/1/2022,Kurunegala,Local,Peedunu,Premium,7000,,
11/1/2022,Kurunegala,Local,Peedunu,Standard,4000,,
11/1/2022,Kurunegala,Local,Keti,Premium,2500,,
11/1/2022,Kurunegala,Local,Keti,Standard,2000,,
11/1/2022,Kurunegala,Local,Korikan,Premium,1000,,
11/1/2022,Kurunegala,Local,Korikan,Standard,800,,
11/1/2022,Gampaha,Export,Peedunu,Premium,22000,,
11/1/2022,Gampaha,Export,Peedunu,Standard,17000,,
11/1/2022,Gampaha,Export,Kanda,Premium,8000,,
11/1/2022,Gampaha,Export,Kanda,Standard,6000,,
11/1/2022,Gampaha,Local,Peedunu,Premium,10000,,
11/1/2022,Gampaha,Local,Peedunu,Standard,9000,,
11/1/2022,Gampaha,Local,Keti,Premium,7000,,
11/1/2022,Gampaha,Local,Keti,Standard,6000,,
11/1/2022,Gampaha,Local,Korikan,Premium,2500,,
11/1/2022,Gampaha,Local,Korikan,Standard,2500,,
11/8/2022,Kurunegala,Export,Peedunu,Premium,8000,,
11/8/2022,Kurunegala,Export,Peedunu,Standard,5000,,
11/8/2022,Kurunegala,Export,Kanda,Premium,6000,,
11/8/2022,Kurunegala,Export,Kanda,Standard,5000,,
11/8/2022,Kurunegala,Local,Peedunu,Premium,7000,,
11/8/2022,Kurunegala,Local,Peedunu,Standard,4000,,
11/8/2022,Kurunegala,Local,Keti,Premium,2500,,
11/8/2022,Kurunegala,Local,Keti,Standard,2000,,
11/8/2022,Kurunegala,Local,Korikan,Premium,1000,,
11/8/2022,Kurunegala,Local,Korikan,Standard,800,,
11/8/2022,Gampaha,Export,Peedunu,Premium,22000,,
11/8/2022,Gampaha,Export,Peedunu,Standard,17000,,
11/8/2022,Gampaha,Export,Kanda,Premium,8000,,
11/8/2022,Gampaha,Export,Kanda,Standard,6000,,
11/8/2022,Gampaha,Local,Peedunu,Premium,10000,,
11/8/2022,Gampaha,Local,Peedunu,Standard,9000,,
11/8/2022,Gampaha,Local,Keti,Premium,7000,,
11/8/2022,Gampaha,Local,Keti,Standard,6000,,
11/8/2022,Gampaha,Local,Korikan,Premium,2500,,
11/8/2022,Gampaha,Local,Korikan,Standard,2500,,
11/15/2022,Kurunegala,Export,Peedunu,Premium,10000,,
11/15/2022,Kurunegala,Export,Peedunu,Standard,8000,,
11/15/2022,Kurunegala,Export,Kanda,Premium,6000,,
11/15/2022,Kurunegala,Export,Kanda,Standard,4000,,
11/15/2022,Kurunegala,Local,Peedunu,Premium,6000,,
11/15/2022,Kurunegala,Local,Peedunu,Standard,5000,,
11/15/2022,Kurunegala,Local,Keti,Premium,4000,,
11/15/2022,Kurunegala,Local,Keti,Standard,2000,,
11/15/2022,Kurunegala,Local,Korikan,Premium,1000,,
11/15/2022,Kurunegala,Local,Korikan,Standard,800,,
11/15/2022,Gampaha,Export,Peedunu,Premium,15000,,
11/15/2022,Gampaha,Export,Peedunu,Standard,10000,,
11/15/2022,Gampaha,Export,Kanda,Premium,8000,,
11/15/2022,Gampaha,Export,Kanda,Standard,6000,,
11/15/2022,Gampaha,Local,Peedunu,Premium,6000,,
11/15/2022,Gampaha,Local,Peedunu,Standard,5000,,
11/15/2022,Gampaha,Local,Keti,Premium,4000,,
11/15/2022,Gampaha,Local,Keti,Standard,3000,,
11/15/2022,Gampaha,Local,Korikan,Premium,1000,,
11/15/2022,Gampaha,Local,Korikan,Standard,800,,
11/22/2022,Kurunegala,Export,Peedunu,Premium,8000,,
11/22/2022,Kurunegala,Export,Peedunu,Standard,5000,,
11/22/2022,Kurunegala,Export,Kanda,Premium,6000,,
11/22/2022,Kurunegala,Export,Kanda,Standard,5000,,
11/22/2022,Kurunegala,Local,Peedunu,Premium,7000,,
11/22/2022,Kurunegala,Local,Peedunu,Standard,4000,,
11/22/2022,Kurunegala,Local,Keti,Premium,2500,,
11/22/2022,Kurunegala,Local,Keti,Standard,2000,,
11/22/2022,Kurunegala,Local,Korikan,Premium,1000,,
11/22/2022,Kurunegala,Local,Korikan,Standard,800,,
11/22/2022,Gampaha,Export,Peedunu,Premium,15000,,
11/22/2022,Gampaha,Export,Peedunu,Standard,10000,,
11/22/2022,Gampaha,Export,Kanda,Premium,7000,,
11/22/2022,Gampaha,Export,Kanda,Standard,6000,,
11/22/2022,Gampaha,Local,Peedunu,Premium,6000,,
11/22/2022,Gampaha,Local,Peedunu,Standard,5000,,
11/22/2022,Gampaha,Local,Keti,Premium,4000,,
11/22/2022,Gampaha,Local,Keti,Standard,3000,,
11/22/2022,Gampaha,Local,Korikan,Premium,1200,,
11/22/2022,Gampaha,Local,Korikan,Standard,1000,,
11/29/2022,Kurunegala,Export,Peedunu,Premium,10000,,
11/29/2022,Kurunegala,Export,Peedunu,Standard,7000,,
11/29/2022,Kurunegala,Export,Kanda,Premium,8000,,
11/29/2022,Kurunegala,Export,Kanda,Standard,6000,,
11/29/2022,Kurunegala,Local,Peedunu,Premium,6000,,
11/29/2022,Kurunegala,Local,Peedunu,Standard,4000,,
11/29/2022,Kurunegala,Local,Keti,Premium,2500,,
11/29/2022,Kurunegala,Local,Keti,Standard,2000,,
11/29/2022,Kurunegala,Local,Korikan,Premium,1500,,
11/29/2022,Kurunegala,Local,Korikan,Standard,1000,,
11/29/2022,Gampaha,Export,Peedunu,Premium,15000,,
11/29/2022,Gampaha,Export,Peedunu,Standard,10000,,
11/29/2022,Gampaha,Export,Kanda,Premium,8000,,
11/29/2022,Gampaha,Export,Kanda,Standard,6000,,
11/29/2022,Gampaha,Local,Peedunu,Premium,6000,,
11/29/2022,Gampaha,Local,Peedunu,Standard,5000,,
11/29/2022,Gampaha,Local,Keti,Premium,3500,,
11/29/2022,Gampaha,Local,Keti,Standard,2500,,
11/29/2022,Gampaha,Local,Korikan,Premium,1500,,
11/29/2022,Gampaha,Local,Korikan,Standard,1000,,
12/5/2022,Kurunegala,Export,Peedunu,Premium,12000,,
12/5/2022,Kurunegala,Export,Peedunu,Standard,10000,,
12/5/2022,Kurunegala,Export,Kanda,Premium,6000,,
12/5/2022,Kurunegala,Export,Kanda,Standard,5000,,
12/5/2022,Kurunegala,Local,Peedunu,Premium,4000,,
12/5/2022,Kurunegala,Local,Peedunu,Standard,4000,,
12/5/2022,Kurunegala,Local,Keti,Premium,3000,,
12/5/2022,Kurunegala,Local,Keti,Standard,3000,,
12/5/2022,Kurunegala,Local,Korikan,Premium,1200,,
12/5/2022,Kurunegala,Local,Korikan,Standard,1000,,
12/5/2022,Gampaha,Export,Peedunu,Premium,12000,,
12/5/2022,Gampaha,Export,Peedunu,Standard,10000,,
12/5/2022,Gampaha,Export,Kanda,Premium,6000,,
12/5/2022,Gampaha,Export,Kanda,Standard,5000,,
12/5/2022,Gampaha,Local,Peedunu,Premium,5500,,
12/5/2022,Gampaha,Local,Peedunu,Standard,4500,,
12/5/2022,Gampaha,Local,Keti,Premium,3000,,
12/5/2022,Gampaha,Local,Keti,Standard,2500,,
12/5/2022,Gampaha,Local,Korikan,Premium,1200,,
12/5/2022,Gampaha,Local,Korikan,Standard,1000,,
12/13/2022,Kurunegala,Export,Peedunu,Premium,15000,,
12/13/2022,Kurunegala,Export,Peedunu,Standard,8000,,
12/13/2022,Kurunegala,Export,Kanda,Premium,10000,,
12/13/2022,Kurunegala,Export,Kanda,Standard,7000,,
12/13/2022,Kurunegala,Local,Peedunu,Premium,8000,,
12/13/2022,Kurunegala,Local,Peedunu,Standard,6000,,
12/13/2022,Kurunegala,Local,Keti,Premium,4000,,
12/13/2022,Kurunegala,Local,Keti,Standard,2000,,
12/13/2022,Kurunegala,Local,Korikan,Premium,1500,,
12/13/2022,Kurunegala,Local,Korikan,Standard,1000,,
12/13/2022,Gampaha,Export,Peedunu,Premium,12000,,
12/13/2022,Gampaha,Export,Peedunu,Standard,9000,,
12/13/2022,Gampaha,Export,Kanda,Premium,5000,,
12/13/2022,Gampaha,Export,Kanda,Standard,4000,,
12/13/2022,Gampaha,Local,Peedunu,Premium,3500,,
12/13/2022,Gampaha,Local,Peedunu,Standard,3000,,
12/13/2022,Gampaha,Local,Keti,Premium,2500,,
12/13/2022,Gampaha,Local,Keti,Standard,2000,,
12/13/2022,Gampaha,Local,Korikan,Premium,700,,
12/13/2022,Gampaha,Local,Korikan,Standard,500,,
12/20/2022,Kurunegala,Export,Peedunu,Premium,12000,,
12/20/2022,Kurunegala,Export,Peedunu,Standard,8000,,
12/20/2022,Kurunegala,Export,Kanda,Premium,10000,,
12/20/2022,Kurunegala,Export,Kanda,Standard,8000,,
12/20/2022,Kurunegala,Local,Peedunu,Premium,8000,,
12/20/2022,Kurunegala,Local,Peedunu,Standard,5000,,
12/20/2022,Kurunegala,Local,Keti,Premium,4000,,
12/20/2022,Kurunegala,Local,Keti,Standard,2000,,
12/20/2022,Kurunegala,Local,Korikan,Premium,1500,,
12/20/2022,Kurunegala,Local,Korikan,Standard,1000,,
12/20/2022,Gampaha,Export,Peedunu,Premium,15000,,
12/20/2022,Gampaha,Export,Peedunu,Standard,10000,,
12/20/2022,Gampaha,Export,Kanda,Premium,8000,,
12/20/2022,Gampaha,Export,Kanda,Standard,6000,,
12/20/2022,Gampaha,Local,Peedunu,Premium,7000,,
12/20/2022,Gampaha,Local,Peedunu,Standard,6000,,
12/20/2022,Gampaha,Local,Keti,Premium,4000,,
12/20/2022,Gampaha,Local,Keti,Standard,3000,,
12/20/2022,Gampaha,Local,Korikan,Premium,1200,,
12/20/2022,Gampaha,Local,Korikan,Standard,1000,,
12/27/2022,Kurunegala,Export,Peedunu,Premium,15000,,
12/27/2022,Kurunegala,Export,Peedunu,Standard,8000,,
12/27/2022,Kurunegala,Export,Kanda,Premium,10000,,
12/27/2022,Kurunegala,Export,Kanda,Standard,6000,,
12/27/2022,Kurunegala,Local,Peedunu,Premium,7000,,
12/27/2022,Kurunegala,Local,Peedunu,Standard,4000,,
12/27/2022,Kurunegala,Local,Keti,Premium,4000,,
12/27/2022,Kurunegala,Local,Keti,Standard,2000,,
12/27/2022,Kurunegala,Local,Korikan,Premium,1500,,
12/27/2022,Kurunegala,Local,Korikan,Standard,1000,,
12/27/2022,Gampaha,Export,Peedunu,Premium,13000,,
12/27/2022,Gampaha,Export,Peedunu,Standard,10000,,
12/27/2022,Gampaha,Export,Kanda,Premium,7000,,
12/27/2022,Gampaha,Export,Kanda,Standard,5000,,
12/27/2022,Gampaha,Local,Peedunu,Premium,5500,,
12/27/2022,Gampaha,Local,Peedunu,Standard,4500,,
12/27/2022,Gampaha,Local,Keti,Premium,3000,,
12/27/2022,Gampaha,Local,Keti,Standard,2500,,
12/27/2022,Gampaha,Local,Korikan,Premium,1000,,
12/27/2022,Gampaha,Local,Korikan,Standard,800,,
1/3/2023,Kurunegala,Export,Peedunu,Premium,15000,,
1/3/2023,Kurunegala,Export,Peedunu,Standard,8000,,
1/3/2023,Kurunegala,Export,Kanda,Premium,10000,,
1/3/2023,Kurunegala,Export,Kanda,Standard,8000,,
1/3/2023,Kurunegala,Local,Peedunu,Premium,8000,,
1/3/2023,Kurunegala,Local,Peedunu,Standard,4000,,
1/3/2023,Kurunegala,Local,Keti,Premium,4000,,
1/3/2023,Kurunegala,Local,Keti,Standard,2000,,
1/3/2023,Kurunegala,Local,Korikan,Premium,1500,,
1/3/2023,Kurunegala,Local,Korikan,Standard,1000,,
1/3/2023,Gampaha,Export,Peedunu,Premium,15000,,
1/3/2023,Gampaha,Export,Peedunu,Standard,12000,,
1/3/2023,Gampaha,Export,Kanda,Premium,10000,,
1/3/2023,Gampaha,Export,Kanda,Standard,8000,,
1/3/2023,Gampaha,Local,Peedunu,Premium,7000,,
1/3/2023,Gampaha,Local,Peedunu,Standard,6000,,
1/3/2023,Gampaha,Local,Keti,Premium,4000,,
1/3/2023,Gampaha,Local,Keti,Standard,3000,,
1/3/2023,Gampaha,Local,Korikan,Premium,1200,,
1/3/2023,Gampaha,Local,Korikan,Standard,1000,,
1/10/2023,Kurunegala,Export,Peedunu,Premium,15000,,
1/10/2023,Kurunegala,Export,Peedunu,Standard,8000,,
1/10/2023,Kurunegala,Export,Kanda,Premium,10000,,
1/10/2023,Kurunegala,Export,Kanda,Standard,8000,,
1/10/2023,Kurunegala,Local,Peedunu,Premium,8000,,
1/10/2023,Kurunegala,Local,Peedunu,Standard,4000,,
1/10/2023,Kurunegala,Local,Keti,Premium,4000,,
1/10/2023,Kurunegala,Local,Keti,Standard,2000,,
1/10/2023,Kurunegala,Local,Korikan,Premium,1500,,
1/10/2023,Kurunegala,Local,Korikan,Standard,1000,,
1/10/2023,Gampaha,Export,Peedunu,Premium,14000,,
1/10/2023,Gampaha,Export,Peedunu,Standard,10000,,
1/10/2023,Gampaha,Export,Kanda,Premium,10000,,
1/10/2023,Gampaha,Export,Kanda,Standard,8000,,
1/10/2023,Gampaha,Local,Peedunu,Premium,5500,,
1/10/2023,Gampaha,Local,Peedunu,Standard,5000,,
1/10/2023,Gampaha,Local,Keti,Premium,3500,,
1/10/2023,Gampaha,Local,Keti,Standard,3000,,
1/10/2023,Gampaha,Local,Korikan,Premium,1300,,
1/10/2023,Gampaha,Local,Korikan,Standard,1000,,
1/17/2023,Kurunegala,Export,Peedunu,Premium,15000,,
1/17/2023,Kurunegala,Export,Peedunu,Standard,8000,,
1/17/2023,Kurunegala,Export,Kanda,Premium,12000,,
1/17/2023,Kurunegala,Export,Kanda,Standard,8000,,
1/17/2023,Kurunegala,Local,Peedunu,Premium,10000,,
1/17/2023,Kurunegala,Local,Peedunu,Standard,5000,,
1/17/2023,Kurunegala,Local,Keti,Premium,4000,,
1/17/2023,Kurunegala,Local,Keti,Standard,2000,,
1/17/2023,Kurunegala,Local,Korikan,Premium,1500,,
1/17/2023,Kurunegala,Local,Korikan,Standard,1000,,
1/17/2023,Gampaha,Export,Peedunu,Premium,10000,,
1/17/2023,Gampaha,Export,Peedunu,Standard,7000,,
1/17/2023,Gampaha,Export,Kanda,Premium,6000,,
1/17/2023,Gampaha,Export,Kanda,Standard,5000,,
1/17/2023,Gampaha,Local,Peedunu,Premium,5000,,
1/17/2023,Gampaha,Local,Peedunu,Standard,4000,,
1/17/2023,Gampaha,Local,Keti,Premium,3000,,
1/17/2023,Gampaha,Local,Keti,Standard,2500,,
1/17/2023,Gampaha,Local,Korikan,Premium,1000,,
1/17/2023,Gampaha,Local,Korikan,Standard,800,,
1/24/2023,Kurunegala,Export,Peedunu,Premium,15000,,
1/24/2023,Kurunegala,Export,Peedunu,Standard,8000,,
1/24/2023,Kurunegala,Export,Kanda,Premium,10000,,
1/24/2023,Kurunegala,Export,Kanda,Standard,6000,,
1/24/2023,Kurunegala,Local,Peedunu,Premium,10000,,
1/24/2023,Kurunegala,Local,Peedunu,Standard,6000,,
1/24/2023,Kurunegala,Local,Keti,Premium,4000,,
1/24/2023,Kurunegala,Local,Keti,Standard,3000,,
1/24/2023,Kurunegala,Local,Korikan,Premium,1500,,
1/24/2023,Kurunegala,Local,Korikan,Standard,1000,,
1/24/2023,Gampaha,Export,Peedunu,Premium,9500,,
1/24/2023,Gampaha,Export,Peedunu,Standard,6500,,
1/24/2023,Gampaha,Export,Kanda,Premium,5000,,
1/24/2023,Gampaha,Export,Kanda,Standard,4000,,
1/24/2023,Gampaha,Local,Peedunu,Premium,4000,,
1/24/2023,Gampaha,Local,Peedunu,Standard,3500,,
1/24/2023,Gampaha,Local,Keti,Premium,3000,,
1/24/2023,Gampaha,Local,Keti,Standard,2000,,
1/24/2023,Gampaha,Local,Korikan,Premium,800,,
1/24/2023,Gampaha,Local,Korikan,Standard,600,,
1/31/2023,Kurunegala,Export,Peedunu,Premium,5000,,
1/31/2023,Kurunegala,Export,Peedunu,Standard,3000,,
1/31/2023,Kurunegala,Export,Kanda,Premium,3000,,
1/31/2023,Kurunegala,Export,Kanda,Standard,2000,,
1/31/2023,Kurunegala,Local,Peedunu,Premium,3000,,
1/31/2023,Kurunegala,Local,Peedunu,Standard,2000,,
1/31/2023,Kurunegala,Local,Keti,Premium,2000,,
1/31/2023,Kurunegala,Local,Keti,Standard,1500,,
1/31/2023,Kurunegala,Local,Korikan,Premium,1000,,
1/31/2023,Kurunegala,Local,Korikan,Standard,1000,,
1/31/2023,Gampaha,Export,Peedunu,Premium,9000,,
1/31/2023,Gampaha,Export,Peedunu,Standard,6000,,
1/31/2023,Gampaha,Export,Kanda,Premium,5000,,
1/31/2023,Gampaha,Export,Kanda,Standard,3000,,
1/31/2023,Gampaha,Local,Peedunu,Premium,5000,,
1/31/2023,Gampaha,Local,Peedunu,Standard,4000,,
1/31/2023,Gampaha,Local,Keti,Premium,3000,,
1/31/2023,Gampaha,Local,Keti,Standard,2000,,
1/31/2023,Gampaha,Local,Korikan,Premium,700,,
1/31/2023,Gampaha,Local,Korikan,Standard,600,,
2/7/2023,Kurunegala,Export,Peedunu,Premium,5000,,
2/7/2023,Kurunegala,Export,Peedunu,Standard,3000,,
2/7/2023,Kurunegala,Export,Kanda,Premium,8000,,
2/7/2023,Kurunegala,Export,Kanda,Standard,4000,,
2/7/2023,Kurunegala,Local,Peedunu,Premium,4000,,
2/7/2023,Kurunegala,Local,Peedunu,Standard,3000,,
2/7/2023,Kurunegala,Local,Keti,Premium,2000,,
2/7/2023,Kurunegala,Local,Keti,Standard,1500,,
2/7/2023,Kurunegala,Local,Korikan,Premium,800,,
2/7/2023,Kurunegala,Local,Korikan,Standard,400,,
2/7/2023,Gampaha,Export,Peedunu,Premium,9000,,
2/7/2023,Gampaha,Export,Peedunu,Standard,7000,,
2/7/2023,Gampaha,Export,Kanda,Premium,5000,,
2/7/2023,Gampaha,Export,Kanda,Standard,4000,,
2/7/2023,Gampaha,Local,Peedunu,Premium,5500,,
2/7/2023,Gampaha,Local,Peedunu,Standard,5000,,
2/7/2023,Gampaha,Local,Keti,Premium,3000,,
2/7/2023,Gampaha,Local,Keti,Standard,2500,,
2/7/2023,Gampaha,Local,Korikan,Premium,1000,,
2/7/2023,Gampaha,Local,Korikan,Standard,800,,
2/14/2023,Kurunegala,Export,Peedunu,Premium,8000,,
2/14/2023,Kurunegala,Export,Peedunu,Standard,4000,,
2/14/2023,Kurunegala,Export,Kanda,Premium,5000,,
2/14/2023,Kurunegala,Export,Kanda,Standard,3000,,
2/14/2023,Kurunegala,Local,Peedunu,Premium,4000,,
2/14/2023,Kurunegala,Local,Peedunu,Standard,3000,,
2/14/2023,Kurunegala,Local,Keti,Premium,2000,,
2/14/2023,Kurunegala,Local,Keti,Standard,1500,,
2/14/2023,Kurunegala,Local,Korikan,Premium,800,,
2/14/2023,Kurunegala,Local,Korikan,Standard,400,,
2/14/2023,Gampaha,Export,Peedunu,Premium,10000,,
2/14/2023,Gampaha,Export,Peedunu,Standard,7000,,
2/14/2023,Gampaha,Export,Kanda,Premium,7000,,
2/14/2023,Gampaha,Export,Kanda,Standard,5000,,
2/14/2023,Gampaha,Local,Peedunu,Premium,5000,,
2/14/2023,Gampaha,Local,Peedunu,Standard,4500,,
2/14/2023,Gampaha,Local,Keti,Premium,4000,,
2/14/2023,Gampaha,Local,Keti,Standard,3500,,
2/14/2023,Gampaha,Local,Korikan,Premium,1000,,
2/14/2023,Gampaha,Local,Korikan,Standard,800,,
2/21/2023,Kurunegala,Export,Peedunu,Premium,6000,,
2/21/2023,Kurunegala,Export,Peedunu,Standard,5000,,
2/21/2023,Kurunegala,Export,Kanda,Premium,8000,,
2/21/2023,Kurunegala,Export,Kanda,Standard,4000,,
2/21/2023,Kurunegala,Local,Peedunu,Premium,8000,,
2/21/2023,Kurunegala,Local,Peedunu,Standard,5000,,
2/21/2023,Kurunegala,Local,Keti,Premium,6000,,
2/21/2023,Kurunegala,Local,Keti,Standard,3000,,
2/21/2023,Kurunegala,Local,Korikan,Premium,800,,
2/21/2023,Kurunegala,Local,Korikan,Standard,400,,
2/21/2023,Gampaha,Export,Peedunu,Premium,10000,,
2/21/2023,Gampaha,Export,Peedunu,Standard,7000,,
2/21/2023,Gampaha,Export,Kanda,Premium,7000,,
2/21/2023,Gampaha,Export,Kanda,Standard,5000,,
2/21/2023,Gampaha,Local,Peedunu,Premium,5000,,
2/21/2023,Gampaha,Local,Peedunu,Standard,4500,,
2/21/2023,Gampaha,Local,Keti,Premium,4000,,
2/21/2023,Gampaha,Local,Keti,Standard,3500,,
2/21/2023,Gampaha,Local,Korikan,Premium,1000,,
2/21/2023,Gampaha,Local,Korikan,Standard,800,,
2/28/2023,Kurunegala,Export,Peedunu,Premium,10000,,
2/28/2023,Kurunegala,Export,Peedunu,Standard,6000,,
2/28/2023,Kurunegala,Export,Kanda,Premium,10000,,
2/28/2023,Kurunegala,Export,Kanda,Standard,6000,,
2/28/2023,Kurunegala,Local,Peedunu,Premium,8000,,
2/28/2023,Kurunegala,Local,Peedunu,Standard,4000,,
2/28/2023,Kurunegala,Local,Keti,Premium,3000,,
2/28/2023,Kurunegala,Local,Keti,Standard,1500,,
2/28/2023,Kurunegala,Local,Korikan,Premium,1000,,
2/28/2023,Kurunegala,Local,Korikan,Standard,500,,
2/28/2023,Gampaha,Export,Peedunu,Premium,8000,,
2/28/2023,Gampaha,Export,Peedunu,Standard,5000,,
2/28/2023,Gampaha,Export,Kanda,Premium,3000,,
2/28/2023,Gampaha,Export,Kanda,Standard,2000,,
2/28/2023,Gampaha,Local,Peedunu,Premium,5000,,
2/28/2023,Gampaha,Local,Peedunu,Standard,4000,,
2/28/2023,Gampaha,Local,Keti,Premium,3500,,
2/28/2023,Gampaha,Local,Keti,Standard,3000,,
2/28/2023,Gampaha,Local,Korikan,Premium,1000,,
2/28/2023,Gampaha,Local,Korikan,Standard,800,,
3/7/2023,Kurunegala,Export,Peedunu,Premium,10000,,
3/7/2023,Kurunegala,Export,Peedunu,Standard,6000,,
3/7/2023,Kurunegala,Export,Kanda,Premium,15000,,
3/7/2023,Kurunegala,Export,Kanda,Standard,6000,,
3/7/2023,Kurunegala,Local,Peedunu,Premium,8000,,
3/7/2023,Kurunegala,Local,Peedunu,Standard,4000,,
3/7/2023,Kurunegala,Local,Keti,Premium,3000,,
3/7/2023,Kurunegala,Local,Keti,Standard,1500,,
3/7/2023,Kurunegala,Local,Korikan,Premium,1000,,
3/7/2023,Kurunegala,Local,Korikan,Standard,500,,
3/7/2023,Gampaha,Export,Peedunu,Premium,7000,,
3/7/2023,Gampaha,Export,Peedunu,Standard,5000,,
3/7/2023,Gampaha,Export,Kanda,Premium,4500,,
3/7/2023,Gampaha,Export,Kanda,Standard,3000,,
3/7/2023,Gampaha,Local,Peedunu,Premium,4000,,
3/7/2023,Gampaha,Local,Peedunu,Standard,3000,,
3/7/2023,Gampaha,Local,Keti,Premium,2200,,
3/7/2023,Gampaha,Local,Keti,Standard,1800,,
3/7/2023,Gampaha,Local,Korikan,Premium,800,,
3/7/2023,Gampaha,Local,Korikan,Standard,600,,
3/14/2023,Kurunegala,Export,Peedunu,Premium,9000,,
3/14/2023,Kurunegala,Export,Peedunu,Standard,6000,,
3/14/2023,Kurunegala,Export,Kanda,Premium,8000,,
3/14/2023,Kurunegala,Export,Kanda,Standard,5000,,
3/14/2023,Kurunegala,Local,Peedunu,Premium,5000,,
3/14/2023,Kurunegala,Local,Peedunu,Standard,4000,,
3/14/2023,Kurunegala,Local,Keti,Premium,2000,,
3/14/2023,Kurunegala,Local,Keti,Standard,1500,,
3/14/2023,Kurunegala,Local,Korikan,Premium,1000,,
3/14/2023,Kurunegala,Local,Korikan,Standard,500,,
3/14/2023,Gampaha,Export,Peedunu,Premium,6000,,
3/14/2023,Gampaha,Export,Peedunu,Standard,5000,,
3/14/2023,Gampaha,Export,Kanda,Premium,4000,,
3/14/2023,Gampaha,Export,Kanda,Standard,3000,,
3/14/2023,Gampaha,Local,Peedunu,Premium,3500,,
3/14/2023,Gampaha,Local,Peedunu,Standard,3000,,
3/14/2023,Gampaha,Local,Keti,Premium,2200,,
3/14/2023,Gampaha,Local,Keti,Standard,2000,,
3/14/2023,Gampaha,Local,Korikan,Premium,1000,,
3/14/2023,Gampaha,Local,Korikan,Standard,800,,
3/21/2023,Kurunegala,Export,Peedunu,Premium,4000,,
3/21/2023,Kurunegala,Export,Peedunu,Standard,3000,,
3/21/2023,Kurunegala,Export,Kanda,Premium,5000,,
3/21/2023,Kurunegala,Export,Kanda,Standard,3000,,
3/21/2023,Kurunegala,Local,Peedunu,Premium,4500,,
3/21/2023,Kurunegala,Local,Peedunu,Standard,3000,,
3/21/2023,Kurunegala,Local,Keti,Premium,2500,,
3/21/2023,Kurunegala,Local,Keti,Standard,1500,,
3/21/2023,Kurunegala,Local,Korikan,Premium,1000,,
3/21/2023,Kurunegala,Local,Korikan,Standard,500,,
3/21/2023,Gampaha,Export,Peedunu,Premium,6000,,
3/21/2023,Gampaha,Export,Peedunu,Standard,5000,,
3/21/2023,Gampaha,Export,Kanda,Premium,3000,,
3/21/2023,Gampaha,Export,Kanda,Standard,2500,,
3/21/2023,Gampaha,Local,Peedunu,Premium,4000,,
3/21/2023,Gampaha,Local,Peedunu,Standard,3000,,
3/21/2023,Gampaha,Local,Keti,Premium,2500,,
3/21/2023,Gampaha,Local,Keti,Standard,2000,,
3/21/2023,Gampaha,Local,Korikan,Premium,800,,
3/21/2023,Gampaha,Local,Korikan,Standard,600,,
3/28/2023,Kurunegala,Export,Peedunu,Premium,4000,,
3/28/2023,Kurunegala,Export,Peedunu,Standard,2000,,
3/28/2023,Kurunegala,Export,Kanda,Premium,4000,,
3/28/2023,Kurunegala,Export,Kanda,Standard,3000,,
3/28/2023,Kurunegala,Local,Peedunu,Premium,4000,,
3/28/2023,Kurunegala,Local,Peedunu,Standard,2000,,
3/28/2023,Kurunegala,Local,Keti,Premium,1500,,
3/28/2023,Kurunegala,Local,Keti,Standard,1000,,
3/28/2023,Kurunegala,Local,Korikan,Premium,800,,
3/28/2023,Kurunegala,Local,Korikan,Standard,500,,
3/28/2023,Gampaha,Export,Peedunu,Premium,8000,,
3/28/2023,Gampaha,Export,Peedunu,Standard,5000,,
3/28/2023,Gampaha,Export,Kanda,Premium,3000,,
3/28/2023,Gampaha,Export,Kanda,Standard,2000,,
3/28/2023,Gampaha,Local,Peedunu,Premium,4000,,
3/28/2023,Gampaha,Local,Peedunu,Standard,3500,,
3/28/2023,Gampaha,Local,Keti,Premium,2500,,
3/28/2023,Gampaha,Local,Keti,Standard,2000,,
3/28/2023,Gampaha,Local,Korikan,Premium,900,,
3/28/2023,Gampaha,Local,Korikan,Standard,800,,
4/3/2023,Kurunegala,Export,Peedunu,Premium,4000,,
4/3/2023,Kurunegala,Export,Peedunu,Standard,2000,,
4/3/2023,Kurunegala,Export,Kanda,Premium,4000,,
4/3/2023,Kurunegala,Export,Kanda,Standard,3000,,
4/3/2023,Kurunegala,Local,Peedunu,Premium,4000,,
4/3/2023,Kurunegala,Local,Peedunu,Standard,4000,,
4/3/2023,Kurunegala,Local,Keti,Premium,3000,,
4/3/2023,Kurunegala,Local,Keti,Standard,3000,,
4/3/2023,Kurunegala,Local,Korikan,Premium,800,,
4/3/2023,Kurunegala,Local,Korikan,Standard,500,,
4/3/2023,Gampaha,Export,Peedunu,Premium,5000,,
4/3/2023,Gampaha,Export,Peedunu,Standard,4000,,
4/3/2023,Gampaha,Export,Kanda,Premium,4000,,
4/3/2023,Gampaha,Export,Kanda,Standard,3000,,
4/3/2023,Gampaha,Local,Peedunu,Premium,6000,,
4/3/2023,Gampaha,Local,Peedunu,Standard,5000,,
4/3/2023,Gampaha,Local,Keti,Premium,2500,,
4/3/2023,Gampaha,Local,Keti,Standard,2000,,
3/28/2023,Gampaha,Local,Korikan,Premium,600,,
4/3/2023,Gampaha,Local,Korikan,Standard,500,,
4/10/2023,Kurunegala,Export,Peedunu,Premium,4000,,
4/10/2023,Kurunegala,Export,Peedunu,Standard,2000,,
4/10/2023,Kurunegala,Export,Kanda,Premium,4000,,
4/10/2023,Kurunegala,Export,Kanda,Standard,3000,,
4/10/2023,Kurunegala,Local,Peedunu,Premium,4000,,
4/10/2023,Kurunegala,Local,Peedunu,Standard,4000,,
4/10/2023,Kurunegala,Local,Keti,Premium,2500,,
4/10/2023,Kurunegala,Local,Keti,Standard,2500,,
4/10/2023,Kurunegala,Local,Korikan,Premium,800,,
4/10/2023,Kurunegala,Local,Korikan,Standard,500,,
4/10/2023,Gampaha,Export,Peedunu,Premium,6000,,
4/10/2023,Gampaha,Export,Peedunu,Standard,5000,,
4/10/2023,Gampaha,Export,Kanda,Premium,3000,,
4/10/2023,Gampaha,Export,Kanda,Standard,2000,,
4/10/2023,Gampaha,Local,Peedunu,Premium,4500,,
4/10/2023,Gampaha,Local,Peedunu,Standard,3500,,
4/10/2023,Gampaha,Local,Keti,Premium,2500,,
4/10/2023,Gampaha,Local,Keti,Standard,2000,,
4/10/2023,Gampaha,Local,Korikan,Premium,1000,,
4/10/2023,Gampaha,Local,Korikan,Standard,800,,
4/18/2023,Kurunegala,Export,Peedunu,Premium,4000,,
4/18/2023,Kurunegala,Export,Peedunu,Standard,3000,,
4/18/2023,Kurunegala,Export,Kanda,Premium,5000,,
4/18/2023,Kurunegala,Export,Kanda,Standard,3000,,
4/18/2023,Kurunegala,Local,Peedunu,Premium,5000,,
4/18/2023,Kurunegala,Local,Peedunu,Standard,3000,,
4/18/2023,Kurunegala,Local,Keti,Premium,1500,,
4/18/2023,Kurunegala,Local,Keti,Standard,1000,,
4/18/2023,Kurunegala,Local,Korikan,Premium,800,,
4/18/2023,Kurunegala,Local,Korikan,Standard,500,,
4/18/2023,Gampaha,Export,Peedunu,Premium,12000,,
4/18/2023,Gampaha,Export,Peedunu,Standard,10000,,
4/18/2023,Gampaha,Export,Kanda,Premium,8000,,
4/18/2023,Gampaha,Export,Kanda,Standard,6000,,
4/18/2023,Gampaha,Local,Peedunu,Premium,6000,,
4/18/2023,Gampaha,Local,Peedunu,Standard,5000,,
4/18/2023,Gampaha,Local,Keti,Premium,2500,,
4/18/2023,Gampaha,Local,Keti,Standard,2000,,
4/18/2023,Gampaha,Local,Korikan,Premium,1200,,
4/18/2023,Gampaha,Local,Korikan,Standard,1000,,
5/2/2023,Kurunegala,Export,Peedunu,Premium,10000,,
5/2/2023,Kurunegala,Export,Peedunu,Standard,5000,,
5/2/2023,Kurunegala,Export,Kanda,Premium,12000,,
5/2/2023,Kurunegala,Export,Kanda,Standard,5000,,
5/2/2023,Kurunegala,Local,Peedunu,Premium,5000,,
5/2/2023,Kurunegala,Local,Peedunu,Standard,3000,,
5/2/2023,Kurunegala,Local,Keti,Premium,1500,,
5/2/2023,Kurunegala,Local,Keti,Standard,1000,,
5/2/2023,Kurunegala,Local,Korikan,Premium,800,,
5/2/2023,Kurunegala,Local,Korikan,Standard,500,,
5/2/2023,Gampaha,Export,Peedunu,Premium,6000,,
5/2/2023,Gampaha,Export,Peedunu,Standard,5000,,
5/2/2023,Gampaha,Export,Kanda,Premium,2500,,
5/2/2023,Gampaha,Export,Kanda,Standard,2000,,
5/2/2023,Gampaha,Local,Peedunu,Premium,3000,,
5/2/2023,Gampaha,Local,Peedunu,Standard,2500,,
5/2/2023,Gampaha,Local,Keti,Premium,1000,,
5/2/2023,Gampaha,Local,Keti,Standard,800,,
5/2/2023,Gampaha,Local,Korikan,Premium,800,,
5/2/2023,Gampaha,Local,Korikan,Standard,500,,
5/9/2023,Kurunegala,Export,Peedunu,Premium,4000,,
5/9/2023,Kurunegala,Export,Peedunu,Standard,2000,,
5/9/2023,Kurunegala,Export,Kanda,Premium,6000,,
5/9/2023,Kurunegala,Export,Kanda,Standard,3000,,
5/9/2023,Kurunegala,Local,Peedunu,Premium,5000,,
5/9/2023,Kurunegala,Local,Peedunu,Standard,3000,,
5/9/2023,Kurunegala,Local,Keti,Premium,1200,,
5/9/2023,Kurunegala,Local,Keti,Standard,800,,
5/9/2023,Kurunegala,Local,Korikan,Premium,600,,
5/9/2023,Kurunegala,Local,Korikan,Standard,400,,
5/9/2023,Gampaha,Export,Peedunu,Premium,12000,,
5/9/2023,Gampaha,Export,Peedunu,Standard,9000,,
5/9/2023,Gampaha,Export,Kanda,Premium,3000,,
5/9/2023,Gampaha,Export,Kanda,Standard,2500,,
5/9/2023,Gampaha,Local,Peedunu,Premium,3000,,
5/9/2023,Gampaha,Local,Peedunu,Standard,2500,,
5/9/2023,Gampaha,Local,Keti,Premium,2000,,
5/9/2023,Gampaha,Local,Keti,Standard,1500,,
5/9/2023,Gampaha,Local,Korikan,Premium,900,,
5/9/2023,Gampaha,Local,Korikan,Standard,700,,
5/16/2023,Kurunegala,Export,Peedunu,Premium,5000,,
5/16/2023,Kurunegala,Export,Peedunu,Standard,2000,,
5/16/2023,Kurunegala,Export,Kanda,Premium,8000,,
5/16/2023,Kurunegala,Export,Kanda,Standard,3000,,
5/16/2023,Kurunegala,Local,Peedunu,Premium,4000,,
5/16/2023,Kurunegala,Local,Peedunu,Standard,3000,,
5/16/2023,Kurunegala,Local,Keti,Premium,1200,,
5/16/2023,Kurunegala,Local,Keti,Standard,800,,
5/16/2023,Kurunegala,Local,Korikan,Premium,300,,
5/16/2023,Kurunegala,Local,Korikan,Standard,150,,
5/16/2023,Gampaha,Export,Peedunu,Premium,7000,,
5/16/2023,Gampaha,Export,Peedunu,Standard,5000,,
5/16/2023,Gampaha,Export,Kanda,Premium,3000,,
5/16/2023,Gampaha,Export,Kanda,Standard,2500,,
5/16/2023,Gampaha,Local,Peedunu,Premium,3000,,
5/16/2023,Gampaha,Local,Peedunu,Standard,2500,,
5/16/2023,Gampaha,Local,Keti,Premium,1500,,
5/16/2023,Gampaha,Local,Keti,Standard,1000,,
5/16/2023,Gampaha,Local,Korikan,Premium,500,,
5/16/2023,Gampaha,Local,Korikan,Standard,400,,
5/23/2023,Kurunegala,Export,Peedunu,Premium,6000,,
5/23/2023,Kurunegala,Export,Peedunu,Standard,4000,,
5/23/2023,Kurunegala,Export,Kanda,Premium,12000,,
5/23/2023,Kurunegala,Export,Kanda,Standard,5000,,
5/23/2023,Kurunegala,Local,Peedunu,Premium,6000,,
5/23/2023,Kurunegala,Local,Peedunu,Standard,4000,,
5/23/2023,Kurunegala,Local,Keti,Premium,2000,,
5/23/2023,Kurunegala,Local,Keti,Standard,1000,,
5/23/2023,Kurunegala,Local,Korikan,Premium,300,,
5/23/2023,Kurunegala,Local,Korikan,Standard,150,,
5/23/2023,Gampaha,Export,Peedunu,Premium,12000,,
5/23/2023,Gampaha,Export,Peedunu,Standard,9000,,
5/23/2023,Gampaha,Export,Kanda,Premium,6000,,
5/23/2023,Gampaha,Export,Kanda,Standard,5000,,
5/23/2023,Gampaha,Local,Peedunu,Premium,4500,,
5/23/2023,Gampaha,Local,Peedunu,Standard,4000,,
5/23/2023,Gampaha,Local,Keti,Premium,1500,,
5/23/2023,Gampaha,Local,Keti,Standard,1000,,
5/23/2023,Gampaha,Local,Korikan,Premium,600,,
5/23/2023,Gampaha,Local,Korikan,Standard,500,,
5/30/2023,Kurunegala,Export,Peedunu,Premium,6000,,
5/30/2023,Kurunegala,Export,Peedunu,Standard,4000,,
5/30/2023,Kurunegala,Export,Kanda,Premium,4000,,
5/30/2023,Kurunegala,Export,Kanda,Standard,3000,,
5/30/2023,Kurunegala,Local,Peedunu,Premium,3000,,
5/30/2023,Kurunegala,Local,Peedunu,Standard,2000,,
5/30/2023,Kurunegala,Local,Keti,Premium,800,,
5/30/2023,Kurunegala,Local,Keti,Standard,400,,
5/30/2023,Kurunegala,Local,Korikan,Premium,600,,
5/30/2023,Kurunegala,Local,Korikan,Standard,500,,
5/30/2023,Gampaha,Export,Peedunu,Premium,7000,,
5/30/2023,Gampaha,Export,Peedunu,Standard,5000,,
5/30/2023,Gampaha,Export,Kanda,Premium,5000,,
5/30/2023,Gampaha,Export,Kanda,Standard,4000,,
5/30/2023,Gampaha,Local,Peedunu,Premium,3000,,
5/30/2023,Gampaha,Local,Peedunu,Standard,2500,,
5/30/2023,Gampaha,Local,Keti,Premium,2000,,
5/30/2023,Gampaha,Local,Keti,Standard,1500,,
5/30/2023,Gampaha,Local,Korikan,Premium,600,,
5/30/2023,Gampaha,Local,Korikan,Standard,500,,
6/6/2023,Kurunegala,Export,Peedunu,Premium,4000,,
6/6/2023,Kurunegala,Export,Peedunu,Standard,3000,,
6/6/2023,Kurunegala,Export,Kanda,Premium,5000,,
6/6/2023,Kurunegala,Export,Kanda,Standard,4000,,
6/6/2023,Kurunegala,Local,Peedunu,Premium,2000,,
6/6/2023,Kurunegala,Local,Peedunu,Standard,1500,,
6/6/2023,Kurunegala,Local,Keti,Premium,10000,,
6/6/2023,Kurunegala,Local,Keti,Standard,8000,,
6/6/2023,Kurunegala,Local,Korikan,Premium,100,,
6/6/2023,Kurunegala,Local,Korikan,Standard,50,,
6/6/2023,Gampaha,Export,Peedunu,Premium,7000,,
6/6/2023,Gampaha,Export,Peedunu,Standard,5000,,
6/6/2023,Gampaha,Export,Kanda,Premium,3500,,
6/6/2023,Gampaha,Export,Kanda,Standard,2500,,
6/6/2023,Gampaha,Local,Peedunu,Premium,2500,,
6/6/2023,Gampaha,Local,Peedunu,Standard,2000,,
6/6/2023,Gampaha,Local,Keti,Premium,1500,,
6/6/2023,Gampaha,Local,Keti,Standard,1200,,
6/6/2023,Gampaha,Local,Korikan,Premium,500,,
6/6/2023,Gampaha,Local,Korikan,Standard,300,,
6/13/2023,Kurunegala,Export,Peedunu,Premium,4000,,
6/13/2023,Kurunegala,Export,Peedunu,Standard,3000,,
6/13/2023,Kurunegala,Export,Kanda,Premium,5000,,
6/13/2023,Kurunegala,Export,Kanda,Standard,4000,,
6/13/2023,Kurunegala,Local,Peedunu,Premium,2000,,
6/13/2023,Kurunegala,Local,Peedunu,Standard,1500,,
6/13/2023,Kurunegala,Local,Keti,Premium,1000,,
6/13/2023,Kurunegala,Local,Keti,Standard,800,,
6/13/2023,Kurunegala,Local,Korikan,Premium,100,,
6/13/2023,Kurunegala,Local,Korikan,Standard,50,,
6/13/2023,Gampaha,Export,Peedunu,Premium,5000,,
6/13/2023,Gampaha,Export,Peedunu,Standard,3000,,
6/13/2023,Gampaha,Export,Kanda,Premium,2500,,
6/13/2023,Gampaha,Export,Kanda,Standard,2000,,
6/13/2023,Gampaha,Local,Peedunu,Premium,2000,,
6/13/2023,Gampaha,Local,Peedunu,Standard,1500,,
6/13/2023,Gampaha,Local,Keti,Premium,900,,
6/13/2023,Gampaha,Local,Keti,Standard,600,,
6/13/2023,Gampaha,Local,Korikan,Premium,100,,
6/13/2023,Gampaha,Local,Korikan,Standard,50,,
6/20/2023,Kurunegala,Export,Peedunu,Premium,3000,,
6/20/2023,Kurunegala,Export,Peedunu,Standard,2000,,
6/20/2023,Kurunegala,Export,Kanda,Premium,4000,,
6/20/2023,Kurunegala,Export,Kanda,Standard,3000,,
6/20/2023,Kurunegala,Local,Peedunu,Premium,2000,,
6/20/2023,Kurunegala,Local,Peedunu,Standard,1500,,
6/20/2023,Kurunegala,Local,Keti,Premium,1000,,
6/20/2023,Kurunegala,Local,Keti,Standard,800,,
6/20/2023,Kurunegala,Local,Korikan,Premium,100,,
6/20/2023,Kurunegala,Local,Korikan,Standard,50,,
6/20/2023,Gampaha,Export,Peedunu,Premium,5000,,
6/20/2023,Gampaha,Export,Peedunu,Standard,3500,,
6/20/2023,Gampaha,Export,Kanda,Premium,2500,,
6/20/2023,Gampaha,Export,Kanda,Standard,2000,,
6/20/2023,Gampaha,Local,Peedunu,Premium,2500,,
6/20/2023,Gampaha,Local,Peedunu,Standard,2000,,
6/20/2023,Gampaha,Local,Keti,Premium,1000,,
6/20/2023,Gampaha,Local,Keti,Standard,700,,
6/20/2023,Gampaha,Local,Korikan,Premium,100,,
6/20/2023,Gampaha,Local,Korikan,Standard,50,,
6/27/2023,Kurunegala,Export,Peedunu,Premium,3000,,
6/27/2023,Kurunegala,Export,Peedunu,Standard,2000,,
6/27/2023,Kurunegala,Export,Kanda,Premium,4500,,
6/27/2023,Kurunegala,Export,Kanda,Standard,3000,,
6/27/2023,Kurunegala,Local,Peedunu,Premium,2000,,
6/27/2023,Kurunegala,Local,Peedunu,Standard,1500,,
6/27/2023,Kurunegala,Local,Keti,Premium,1000,,
6/27/2023,Kurunegala,Local,Keti,Standard,800,,
6/27/2023,Kurunegala,Local,Korikan,Premium,100,,
6/27/2023,Kurunegala,Local,Korikan,Standard,50,,
6/27/2023,Gampaha,Export,Peedunu,Premium,5000,,
6/27/2023,Gampaha,Export,Peedunu,Standard,3500,,
6/27/2023,Gampaha,Export,Kanda,Premium,2500,,
6/27/2023,Gampaha,Export,Kanda,Standard,2000,,
6/27/2023,Gampaha,Local,Peedunu,Premium,2000,,
6/27/2023,Gampaha,Local,Peedunu,Standard,1500,,
6/27/2023,Gampaha,Local,Keti,Premium,700,,
6/27/2023,Gampaha,Local,Keti,Standard,500,,
6/27/2023,Gampaha,Local,Korikan,Premium,100,,
6/27/2023,Gampaha,Local,Korikan,Standard,50,,
7/4/2023,Kurunegala,Export,Peedunu,Premium,3000,,
7/4/2023,Kurunegala,Export,Peedunu,Standard,2000,,
7/4/2023,Kurunegala,Export,Kanda,Premium,4500,,
7/4/2023,Kurunegala,Export,Kanda,Standard,3000,,
7/4/2023,Kurunegala,Local,Peedunu,Premium,2000,,
7/4/2023,Kurunegala,Local,Peedunu,Standard,1500,,
7/4/2023,Kurunegala,Local,Keti,Premium,1000,,
7/4/2023,Kurunegala,Local,Keti,Standard,800,,
7/4/2023,Kurunegala,Local,Korikan,Premium,100,,
7/4/2023,Kurunegala,Local,Korikan,Standard,50,,
7/4/2023,Gampaha,Export,Peedunu,Premium,5000,,
7/4/2023,Gampaha,Export,Peedunu,Standard,3500,,
7/4/2023,Gampaha,Export,Kanda,Premium,2500,,
7/4/2023,Gampaha,Export,Kanda,Standard,2000,,
7/4/2023,Gampaha,Local,Peedunu,Premium,2000,,
7/4/2023,Gampaha,Local,Peedunu,Standard,1500,,
7/4/2023,Gampaha,Local,Keti,Premium,700,,
7/4/2023,Gampaha,Local,Keti,Standard,500,,
7/4/2023,Gampaha,Local,Korikan,Premium,100,,
7/4/2023,Gampaha,Local,Korikan,Standard,50,,
7/11/2023,Kurunegala,Export,Peedunu,Premium,2000,,
7/11/2023,Kurunegala,Export,Peedunu,Standard,1500,,
7/11/2023,Kurunegala,Export,Kanda,Premium,2500,,
7/11/2023,Kurunegala,Export,Kanda,Standard,2000,,
7/11/2023,Kurunegala,Local,Peedunu,Premium,2000,,
7/11/2023,Kurunegala,Local,Peedunu,Standard,1500,,
7/11/2023,Kurunegala,Local,Keti,Premium,800,,
7/11/2023,Kurunegala,Local,Keti,Standard,500,,
7/11/2023,Kurunegala,Local,Korikan,Premium,50,,
7/11/2023,Kurunegala,Local,Korikan,Standard,50,,
7/11/2023,Gampaha,Export,Peedunu,Premium,4000,,
7/11/2023,Gampaha,Export,Peedunu,Standard,2500,,
7/11/2023,Gampaha,Export,Kanda,Premium,3000,,
7/11/2023,Gampaha,Export,Kanda,Standard,2000,,
7/11/2023,Gampaha,Local,Peedunu,Premium,1500,,
7/11/2023,Gampaha,Local,Peedunu,Standard,1000,,
7/11/2023,Gampaha,Local,Keti,Premium,700,,
7/11/2023,Gampaha,Local,Keti,Standard,500,,
7/11/2023,Gampaha,Local,Korikan,Premium,100,,
7/11/2023,Gampaha,Local,Korikan,Standard,50,,
7/18/2023,Kurunegala,Export,Peedunu,Premium,2000,,
7/18/2023,Kurunegala,Export,Peedunu,Standard,1500,,
7/18/2023,Kurunegala,Export,Kanda,Premium,2500,,
7/18/2023,Kurunegala,Export,Kanda,Standard,2000,,
7/18/2023,Kurunegala,Local,Peedunu,Premium,2000,,
7/18/2023,Kurunegala,Local,Peedunu,Standard,1500,,
7/18/2023,Kurunegala,Local,Keti,Premium,800,,
7/18/2023,Kurunegala,Local,Keti,Standard,500,,
7/18/2023,Kurunegala,Local,Korikan,Premium,50,,
7/18/2023,Kurunegala,Local,Korikan,Standard,50,,
7/18/2023,Gampaha,Export,Peedunu,Premium,4500,,
7/18/2023,Gampaha,Export,Peedunu,Standard,2500,,
7/18/2023,Gampaha,Export,Kanda,Premium,3000,,
7/18/2023,Gampaha,Export,Kanda,Standard,2000,,
7/18/2023,Gampaha,Local,Peedunu,Premium,2500,,
7/18/2023,Gampaha,Local,Peedunu,Standard,2000,,
7/18/2023,Gampaha,Local,Keti,Premium,1200,,
7/18/2023,Gampaha,Local,Keti,Standard,1000,,
7/18/2023,Gampaha,Local,Korikan,Premium,600,,
7/18/2023,Gampaha,Local,Korikan,Standard,500,,
7/25/2023,Kurunegala,Export,Peedunu,Premium,2500,,
7/25/2023,Kurunegala,Export,Peedunu,Standard,1500,,
7/25/2023,Kurunegala,Export,Kanda,Premium,2500,,
7/25/2023,Kurunegala,Export,Kanda,Standard,2000,,
7/25/2023,Kurunegala,Local,Peedunu,Premium,2000,,
7/25/2023,Kurunegala,Local,Peedunu,Standard,1000,,
7/25/2023,Kurunegala,Local,Keti,Premium,800,,
7/25/2023,Kurunegala,Local,Keti,Standard,500,,
7/25/2023,Kurunegala,Local,Korikan,Premium,50,,
7/25/2023,Kurunegala,Local,Korikan,Standard,50,,
7/25/2023,Gampaha,Export,Peedunu,Premium,4500,,
7/25/2023,Gampaha,Export,Peedunu,Standard,3000,,
7/25/2023,Gampaha,Export,Kanda,Premium,3000,,
7/25/2023,Gampaha,Export,Kanda,Standard,2000,,
7/25/2023,Gampaha,Local,Peedunu,Premium,2500,,
7/25/2023,Gampaha,Local,Peedunu,Standard,2000,,
7/25/2023,Gampaha,Local,Keti,Premium,1500,,
7/25/2023,Gampaha,Local,Keti,Standard,1000,,
7/25/2023,Gampaha,Local,Korikan,Premium,600,,
7/25/2023,Gampaha,Local,Korikan,Standard,500,,
7/31/2023,Kurunegala,Export,Peedunu,Premium,4500,,
7/31/2023,Kurunegala,Export,Peedunu,Standard,2500,,
7/31/2023,Kurunegala,Export,Kanda,Premium,3000,,
7/31/2023,Kurunegala,Export,Kanda,Standard,2000,,
7/31/2023,Kurunegala,Local,Peedunu,Premium,3000,,
7/31/2023,Kurunegala,Local,Peedunu,Standard,3000,,
7/31/2023,Kurunegala,Local,Keti,Premium,2000,,
7/31/2023,Kurunegala,Local,Keti,Standard,2000,,
7/31/2023,Kurunegala,Local,Korikan,Premium,800,,
7/31/2023,Kurunegala,Local,Korikan,Standard,600,,
7/31/2023,Gampaha,Export,Peedunu,Premium,4500,,
7/31/2023,Gampaha,Export,Peedunu,Standard,2500,,
7/31/2023,Gampaha,Export,Kanda,Premium,3000,,
7/31/2023,Gampaha,Export,Kanda,Standard,2000,,
7/31/2023,Gampaha,Local,Peedunu,Premium,2500,,
7/31/2023,Gampaha,Local,Peedunu,Standard,2000,,
7/31/2023,Gampaha,Local,Keti,Premium,1500,,
7/31/2023,Gampaha,Local,Keti,Standard,1000,,
7/31/2023,Gampaha,Local,Korikan,Premium,800,,
7/31/2023,Gampaha,Local,Korikan,Standard,600,,
8/8/2023,Kurunegala,Export,Peedunu,Premium,4000,,
8/8/2023,Kurunegala,Export,Peedunu,Standard,2000,,
8/8/2023,Kurunegala,Export,Kanda,Premium,3000,,
8/8/2023,Kurunegala,Export,Kanda,Standard,2000,,
8/8/2023,Kurunegala,Local,Peedunu,Premium,2500,,
8/8/2023,Kurunegala,Local,Peedunu,Standard,1500,,
8/8/2023,Kurunegala,Local,Keti,Premium,800,,
8/8/2023,Kurunegala,Local,Keti,Standard,400,,
8/8/2023,Kurunegala,Local,Korikan,Premium,100,,
8/8/2023,Kurunegala,Local,Korikan,Standard,50,,
8/8/2023,Gampaha,Export,Peedunu,Premium,5000,,
8/8/2023,Gampaha,Export,Peedunu,Standard,3000,,
8/8/2023,Gampaha,Export,Kanda,Premium,3500,,
8/8/2023,Gampaha,Export,Kanda,Standard,2500,,
8/8/2023,Gampaha,Local,Peedunu,Premium,3000,,
8/8/2023,Gampaha,Local,Peedunu,Standard,2500,,
8/8/2023,Gampaha,Local,Keti,Premium,2500,,
8/8/2023,Gampaha,Local,Keti,Standard,2000,,
8/8/2023,Gampaha,Local,Korikan,Premium,1000,,
8/8/2023,Gampaha,Local,Korikan,Standard,800,,
8/15/2023,Kurunegala,Export,Peedunu,Premium,5000,,
8/15/2023,Kurunegala,Export,Peedunu,Standard,3000,,
8/15/2023,Kurunegala,Export,Kanda,Premium,3000,,
8/15/2023,Kurunegala,Export,Kanda,Standard,2000,,
8/15/2023,Kurunegala,Local,Peedunu,Premium,5000,,
8/15/2023,Kurunegala,Local,Peedunu,Standard,3000,,
8/15/2023,Kurunegala,Local,Keti,Premium,2500,,
8/15/2023,Kurunegala,Local,Keti,Standard,2000,,
8/15/2023,Kurunegala,Local,Korikan,Premium,1000,,
8/15/2023,Kurunegala,Local,Korikan,Standard,500,,
8/15/2023,Gampaha,Export,Peedunu,Premium,5000,,
8/15/2023,Gampaha,Export,Peedunu,Standard,3000,,
8/15/2023,Gampaha,Export,Kanda,Premium,4000,,
8/15/2023,Gampaha,Export,Kanda,Standard,3000,,
8/15/2023,Gampaha,Local,Peedunu,Premium,3000,,
8/15/2023,Gampaha,Local,Peedunu,Standard,2500,,
8/15/2023,Gampaha,Local,Keti,Premium,1750,,
8/15/2023,Gampaha,Local,Keti,Standard,1000,,
8/15/2023,Gampaha,Local,Korikan,Premium,800,,
8/15/2023,Gampaha,Local,Korikan,Standard,600,,
8/22/2023,Kurunegala,Export,Peedunu,Premium,6000,,
8/22/2023,Kurunegala,Export,Peedunu,Standard,4000,,
8/22/2023,Kurunegala,Export,Kanda,Premium,5000,,
8/22/2023,Kurunegala,Export,Kanda,Standard,3000,,
8/22/2023,Kurunegala,Local,Peedunu,Premium,5000,,
8/22/2023,Kurunegala,Local,Peedunu,Standard,3000,,
8/22/2023,Kurunegala,Local,Keti,Premium,2500,,
8/22/2023,Kurunegala,Local,Keti,Standard,2000,,
8/22/2023,Kurunegala,Local,Korikan,Premium,1000,,
8/22/2023,Kurunegala,Local,Korikan,Standard,500,,
8/22/2023,Gampaha,Export,Peedunu,Premium,8000,,
8/22/2023,Gampaha,Export,Peedunu,Standard,5000,,
8/22/2023,Gampaha,Export,Kanda,Premium,4000,,
8/22/2023,Gampaha,Export,Kanda,Standard,3000,,
8/22/2023,Gampaha,Local,Peedunu,Premium,4000,,
8/22/2023,Gampaha,Local,Peedunu,Standard,3500,,
8/22/2023,Gampaha,Local,Keti,Premium,3500,,
8/22/2023,Gampaha,Local,Keti,Standard,3000,,
8/22/2023,Gampaha,Local,Korikan,Premium,1500,,
8/22/2023,Gampaha,Local,Korikan,Standard,1000,,
8/28/2023,Kurunegala,Export,Peedunu,Premium,6000,,
8/28/2023,Kurunegala,Export,Peedunu,Standard,4000,,
8/28/2023,Kurunegala,Export,Kanda,Premium,5000,,
8/28/2023,Kurunegala,Export,Kanda,Standard,3000,,
8/28/2023,Kurunegala,Local,Peedunu,Premium,6000,,
8/28/2023,Kurunegala,Local,Peedunu,Standard,6000,,
8/28/2023,Kurunegala,Local,Keti,Premium,4000,,
8/28/2023,Kurunegala,Local,Keti,Standard,4000,,
8/28/2023,Kurunegala,Local,Korikan,Premium,1000,,
8/28/2023,Kurunegala,Local,Korikan,Standard,500,,
8/28/2023,Gampaha,Export,Peedunu,Premium,10000,,
8/28/2023,Gampaha,Export,Peedunu,Standard,8000,,
8/28/2023,Gampaha,Export,Kanda,Premium,5000,,
8/28/2023,Gampaha,Export,Kanda,Standard,4000,,
8/28/2023,Gampaha,Local,Peedunu,Premium,6000,,
8/28/2023,Gampaha,Local,Peedunu,Standard,5000,,
8/28/2023,Gampaha,Local,Keti,Premium,4500,,
8/28/2023,Gampaha,Local,Keti,Standard,4000,,
8/28/2023,Gampaha,Local,Korikan,Premium,2000,,
8/28/2023,Gampaha,Local,Korikan,Standard,1500,,
9/5/2023,Kurunegala,Export,Peedunu,Premium,8000,,
9/5/2023,Kurunegala,Export,Peedunu,Standard,4000,,
9/5/2023,Kurunegala,Export,Kanda,Premium,5000,,
9/5/2023,Kurunegala,Export,Kanda,Standard,3000,,
9/5/2023,Kurunegala,Local,Peedunu,Premium,3000,,
9/5/2023,Kurunegala,Local,Peedunu,Standard,2000,,
9/5/2023,Kurunegala,Local,Keti,Premium,1500,,
9/5/2023,Kurunegala,Local,Keti,Standard,1000,,
9/5/2023,Kurunegala,Local,Korikan,Premium,400,,
9/5/2023,Kurunegala,Local,Korikan,Standard,200,,
9/5/2023,Gampaha,Export,Peedunu,Premium,7000,,
9/5/2023,Gampaha,Export,Peedunu,Standard,4500,,
9/5/2023,Gampaha,Export,Kanda,Premium,4500,,
9/5/2023,Gampaha,Export,Kanda,Standard,3500,,
9/5/2023,Gampaha,Local,Peedunu,Premium,4000,,
9/5/2023,Gampaha,Local,Peedunu,Standard,3500,,
9/5/2023,Gampaha,Local,Keti,Premium,2500,,
9/5/2023,Gampaha,Local,Keti,Standard,2000,,
9/5/2023,Gampaha,Local,Korikan,Premium,1200,,
9/5/2023,Gampaha,Local,Korikan,Standard,1000,,
9/12/2023,Kurunegala,Export,Peedunu,Premium,8000,,
9/12/2023,Kurunegala,Export,Peedunu,Standard,4000,,
9/12/2023,Kurunegala,Export,Kanda,Premium,5000,,
9/12/2023,Kurunegala,Export,Kanda,Standard,3000,,
9/12/2023,Kurunegala,Local,Peedunu,Premium,3000,,
9/12/2023,Kurunegala,Local,Peedunu,Standard,2000,,
9/12/2023,Kurunegala,Local,Keti,Premium,1500,,
9/12/2023,Kurunegala,Local,Keti,Standard,1000,,
9/12/2023,Kurunegala,Local,Korikan,Premium,400,,
9/12/2023,Kurunegala,Local,Korikan,Standard,200,,
9/12/2023,Gampaha,Export,Peedunu,Premium,10000,,
9/12/2023,Gampaha,Export,Peedunu,Standard,8000,,
9/12/2023,Gampaha,Export,Kanda,Premium,7000,,
9/12/2023,Gampaha,Export,Kanda,Standard,6000,,
9/12/2023,Gampaha,Local,Peedunu,Premium,5500,,
9/12/2023,Gampaha,Local,Peedunu,Standard,5000,,
9/12/2023,Gampaha,Local,Keti,Premium,4000,,
9/12/2023,Gampaha,Local,Keti,Standard,3500,,
9/12/2023,Gampaha,Local,Korikan,Premium,2000,,
9/12/2023,Gampaha,Local,Korikan,Standard,1800,,
9/19/2023,Kurunegala,Export,Peedunu,Premium,6000,,
9/19/2023,Kurunegala,Export,Peedunu,Standard,4000,,
9/19/2023,Kurunegala,Export,Kanda,Premium,4000,,
9/19/2023,Kurunegala,Export,Kanda,Standard,3000,,
9/19/2023,Kurunegala,Local,Peedunu,Premium,2500,,
9/19/2023,Kurunegala,Local,Peedunu,Standard,1000,,
9/19/2023,Kurunegala,Local,Keti,Premium,1000,,
9/19/2023,Kurunegala,Local,Keti,Standard,500,,
9/19/2023,Kurunegala,Local,Korikan,Premium,200,,
9/19/2023,Kurunegala,Local,Korikan,Standard,150,,
9/19/2023,Gampaha,Export,Peedunu,Premium,12000,,
9/19/2023,Gampaha,Export,Peedunu,Standard,10000,,
9/19/2023,Gampaha,Export,Kanda,Premium,8000,,
9/19/2023,Gampaha,Export,Kanda,Standard,6000,,
9/19/2023,Gampaha,Local,Peedunu,Premium,6000,,
9/19/2023,Gampaha,Local,Peedunu,Standard,5500,,
9/19/2023,Gampaha,Local,Keti,Premium,5000,,
9/19/2023,Gampaha,Local,Keti,Standard,4500,,
9/19/2023,Gampaha,Local,Korikan,Premium,2000,,
9/19/2023,Gampaha,Local,Korikan,Standard,1500,,
9/26/2023,Kurunegala,Export,Peedunu,Premium,6000,,
9/26/2023,Kurunegala,Export,Peedunu,Standard,4000,,
9/26/2023,Kurunegala,Export,Kanda,Premium,4000,,
9/26/2023,Kurunegala,Export,Kanda,Standard,3000,,
9/26/2023,Kurunegala,Local,Peedunu,Premium,2500,,
9/26/2023,Kurunegala,Local,Peedunu,Standard,1000,,
9/26/2023,Kurunegala,Local,Keti,Premium,1000,,
9/26/2023,Kurunegala,Local,Keti,Standard,500,,
9/26/2023,Kurunegala,Local,Korikan,Premium,200,,
9/26/2023,Kurunegala,Local,Korikan,Standard,150,,
9/26/2023,Gampaha,Export,Peedunu,Premium,12000,,
9/26/2023,Gampaha,Export,Peedunu,Standard,9000,,
9/26/2023,Gampaha,Export,Kanda,Premium,7000,,
9/26/2023,Gampaha,Export,Kanda,Standard,6000,,
9/26/2023,Gampaha,Local,Peedunu,Premium,6000,,
9/26/2023,Gampaha,Local,Peedunu,Standard,5500,,
9/26/2023,Gampaha,Local,Keti,Premium,4000,,
9/26/2023,Gampaha,Local,Keti,Standard,3500,,
9/26/2023,Gampaha,Local,Korikan,Premium,1800,,
9/26/2023,Gampaha,Local,Korikan,Standard,1500,,
10/3/2023,Kurunegala,Export,Peedunu,Premium,7000,,
10/3/2023,Kurunegala,Export,Peedunu,Standard,4000,,
10/3/2023,Kurunegala,Export,Kanda,Premium,4000,,
10/3/2023,Kurunegala,Export,Kanda,Standard,3000,,
10/3/2023,Kurunegala,Local,Peedunu,Premium,3000,,
10/3/2023,Kurunegala,Local,Peedunu,Standard,1500,,
10/3/2023,Kurunegala,Local,Keti,Premium,1000,,
10/3/2023,Kurunegala,Local,Keti,Standard,500,,
10/3/2023,Kurunegala,Local,Korikan,Premium,200,,
10/3/2023,Kurunegala,Local,Korikan,Standard,150,,
10/3/2023,Gampaha,Export,Peedunu,Premium,14000,,
10/3/2023,Gampaha,Export,Peedunu,Standard,10000,,
10/3/2023,Gampaha,Export,Kanda,Premium,8000,,
10/3/2023,Gampaha,Export,Kanda,Standard,6000,,
10/3/2023,Gampaha,Local,Peedunu,Premium,6000,,
10/3/2023,Gampaha,Local,Peedunu,Standard,5000,,
10/3/2023,Gampaha,Local,Keti,Premium,3500,,
10/3/2023,Gampaha,Local,Keti,Standard,3000,,
10/3/2023,Gampaha,Local,Korikan,Premium,2000,,
10/3/2023,Gampaha,Local,Korikan,Standard,1500,,
10/10/2023,Kurunegala,Export,Peedunu,Premium,8000,,
10/10/2023,Kurunegala,Export,Peedunu,Standard,5000,,
10/10/2023,Kurunegala,Export,Kanda,Premium,6000,,
10/10/2023,Kurunegala,Export,Kanda,Standard,4000,,
10/10/2023,Kurunegala,Local,Peedunu,Premium,4000,,
10/10/2023,Kurunegala,Local,Peedunu,Standard,2000,,
10/10/2023,Kurunegala,Local,Keti,Premium,1500,,
10/10/2023,Kurunegala,Local,Keti,Standard,500,,
10/10/2023,Kurunegala,Local,Korikan,Premium,400,,
10/10/2023,Kurunegala,Local,Korikan,Standard,200,,
10/10/2023,Gampaha,Export,Peedunu,Premium,10000,,
10/10/2023,Gampaha,Export,Peedunu,Standard,8000,,
10/10/2023,Gampaha,Export,Kanda,Premium,6000,,
10/10/2023,Gampaha,Export,Kanda,Standard,5000,,
10/10/2023,Gampaha,Local,Peedunu,Premium,5000,,
10/10/2023,Gampaha,Local,Peedunu,Standard,4500,,
10/10/2023,Gampaha,Local,Keti,Premium,4000,,
10/10/2023,Gampaha,Local,Keti,Standard,3500,,
10/10/2023,Gampaha,Local,Korikan,Premium,1500,,
10/10/2023,Gampaha,Local,Korikan,Standard,1000,,
10/17/2023,Kurunegala,Export,Peedunu,Premium,8000,,
10/17/2023,Kurunegala,Export,Peedunu,Standard,5000,,
10/17/2023,Kurunegala,Export,Kanda,Premium,6000,,
10/17/2023,Kurunegala,Export,Kanda,Standard,4000,,
10/17/2023,Kurunegala,Local,Peedunu,Premium,3000,,
10/17/2023,Kurunegala,Local,Peedunu,Standard,3000,,
10/17/2023,Kurunegala,Local,Keti,Premium,1500,,
10/17/2023,Kurunegala,Local,Keti,Standard,1500,,
10/17/2023,Kurunegala,Local,Korikan,Premium,400,,
10/17/2023,Kurunegala,Local,Korikan,Standard,200,,
10/17/2023,Gampaha,Export,Peedunu,Premium,8000,,
10/17/2023,Gampaha,Export,Peedunu,Standard,4000,,
10/17/2023,Gampaha,Export,Kanda,Premium,4000,,
10/17/2023,Gampaha,Export,Kanda,Standard,3000,,
10/17/2023,Gampaha,Local,Peedunu,Premium,3000,,
10/17/2023,Gampaha,Local,Peedunu,Standard,2500,,
10/17/2023,Gampaha,Local,Keti,Premium,1500,,
10/17/2023,Gampaha,Local,Keti,Standard,1000,,
10/17/2023,Gampaha,Local,Korikan,Premium,400,,
10/17/2023,Gampaha,Local,Korikan,Standard,300,,
10/24/2023,Kurunegala,Export,Peedunu,Premium,3000,,
10/24/2023,Kurunegala,Export,Peedunu,Standard,2000,,
10/24/2023,Kurunegala,Export,Kanda,Premium,4000,,
10/24/2023,Kurunegala,Export,Kanda,Standard,2000,,
10/24/2023,Kurunegala,Local,Peedunu,Premium,1500,,
10/24/2023,Kurunegala,Local,Peedunu,Standard,800,,
10/24/2023,Kurunegala,Local,Keti,Premium,400,,
10/24/2023,Kurunegala,Local,Keti,Standard,200,,
10/24/2023,Kurunegala,Local,Korikan,Premium,150,,
10/24/2023,Kurunegala,Local,Korikan,Standard,100,,
10/24/2023,Gampaha,Export,Peedunu,Premium,8000,,
10/24/2023,Gampaha,Export,Peedunu,Standard,6000,,
10/24/2023,Gampaha,Export,Kanda,Premium,5000,,
10/24/2023,Gampaha,Export,Kanda,Standard,4000,,
10/24/2023,Gampaha,Local,Peedunu,Premium,3500,,
10/24/2023,Gampaha,Local,Peedunu,Standard,3000,,
10/24/2023,Gampaha,Local,Keti,Premium,2000,,
10/24/2023,Gampaha,Local,Keti,Standard,1500,,
10/24/2023,Gampaha,Local,Korikan,Premium,400,,
10/24/2023,Gampaha,Local,Korikan,Standard,300,,
10/31/2023,Kurunegala,Export,Peedunu,Premium,4000,,
10/31/2023,Kurunegala,Export,Peedunu,Standard,2000,,
10/31/2023,Kurunegala,Export,Kanda,Premium,4000,,
10/31/2023,Kurunegala,Export,Kanda,Standard,2000,,
10/31/2023,Kurunegala,Local,Peedunu,Premium,1500,,
10/31/2023,Kurunegala,Local,Peedunu,Standard,800,,
10/31/2023,Kurunegala,Local,Keti,Premium,400,,
10/31/2023,Kurunegala,Local,Keti,Standard,200,,
10/31/2023,Kurunegala,Local,Korikan,Premium,150,,
10/31/2023,Kurunegala,Local,Korikan,Standard,100,,
10/31/2023,Gampaha,Export,Peedunu,Premium,5000,,
10/31/2023,Gampaha,Export,Peedunu,Standard,4000,,
10/31/2023,Gampaha,Export,Kanda,Premium,2500,,
10/31/2023,Gampaha,Export,Kanda,Standard,2000,,
10/31/2023,Gampaha,Local,Peedunu,Premium,1200,,
10/31/2023,Gampaha,Local,Peedunu,Standard,1000,,
10/31/2023,Gampaha,Local,Keti,Premium,800,,
10/31/2023,Gampaha,Local,Keti,Standard,700,,
10/31/2023,Gampaha,Local,Korikan,Premium,200,,
10/31/2023,Gampaha,Local,Korikan,Standard,150,,
11/7/2023,Kurunegala,Export,Peedunu,Premium,4000,,
11/7/2023,Kurunegala,Export,Peedunu,Standard,2000,,
11/7/2023,Kurunegala,Export,Kanda,Premium,4000,,
11/7/2023,Kurunegala,Export,Kanda,Standard,2000,,
11/7/2023,Kurunegala,Local,Peedunu,Premium,1000,,
11/7/2023,Kurunegala,Local,Peedunu,Standard,800,,
11/7/2023,Kurunegala,Local,Keti,Premium,400,,
11/7/2023,Kurunegala,Local,Keti,Standard,200,,
11/7/2023,Kurunegala,Local,Korikan,Premium,150,,
11/7/2023,Kurunegala,Local,Korikan,Standard,100,,
11/7/2023,Gampaha,Export,Peedunu,Premium,3500,,
11/7/2023,Gampaha,Export,Peedunu,Standard,2500,,
11/7/2023,Gampaha,Export,Kanda,Premium,2500,,
11/7/2023,Gampaha,Export,Kanda,Standard,2000,,
11/7/2023,Gampaha,Local,Peedunu,Premium,2000,,
11/7/2023,Gampaha,Local,Peedunu,Standard,1500,,
11/7/2023,Gampaha,Local,Keti,Premium,700,,
11/7/2023,Gampaha,Local,Keti,Standard,500,,
11/7/2023,Gampaha,Local,Korikan,Premium,200,,
11/7/2023,Gampaha,Local,Korikan,Standard,150,,
11/14/2023,Kurunegala,Export,Peedunu,Premium,4000,,
11/14/2023,Kurunegala,Export,Peedunu,Standard,2000,,
11/14/2023,Kurunegala,Export,Kanda,Premium,3000,,
11/14/2023,Kurunegala,Export,Kanda,Standard,2000,,
11/14/2023,Kurunegala,Local,Peedunu,Premium,1000,,
11/14/2023,Kurunegala,Local,Peedunu,Standard,500,,
11/14/2023,Kurunegala,Local,Keti,Premium,400,,
11/14/2023,Kurunegala,Local,Keti,Standard,200,,
11/14/2023,Kurunegala,Local,Korikan,Premium,150,,
11/14/2023,Kurunegala,Local,Korikan,Standard,100,,
11/14/2023,Gampaha,Export,Peedunu,Premium,4500,,
11/14/2023,Gampaha,Export,Peedunu,Standard,2500,,
11/14/2023,Gampaha,Export,Kanda,Premium,3500,,
11/14/2023,Gampaha,Export,Kanda,Standard,2500,,
11/14/2023,Gampaha,Local,Peedunu,Premium,2200,,
11/14/2023,Gampaha,Local,Peedunu,Standard,2000,,
11/14/2023,Gampaha,Local,Keti,Premium,1200,,
11/14/2023,Gampaha,Local,Keti,Standard,1000,,
11/14/2023,Gampaha,Local,Korikan,Premium,250,,
11/14/2023,Gampaha,Local,Korikan,Standard,200,,
11/21/2023,Kurunegala,Export,Peedunu,Premium,5000,,
11/21/2023,Kurunegala,Export,Peedunu,Standard,3000,,
11/21/2023,Kurunegala,Export,Kanda,Premium,4000,,
11/21/2023,Kurunegala,Export,Kanda,Standard,3000,,
11/21/2023,Kurunegala,Local,Peedunu,Premium,1500,,
11/21/2023,Kurunegala,Local,Peedunu,Standard,800,,
11/21/2023,Kurunegala,Local,Keti,Premium,400,,
11/21/2023,Kurunegala,Local,Keti,Standard,200,,
11/21/2023,Kurunegala,Local,Korikan,Premium,150,,
11/21/2023,Kurunegala,Local,Korikan,Standard,100,,
11/21/2023,Gampaha,Export,Peedunu,Premium,3500,,
11/21/2023,Gampaha,Export,Peedunu,Standard,2000,,
11/21/2023,Gampaha,Export,Kanda,Premium,2500,,
11/21/2023,Gampaha,Export,Kanda,Standard,2000,,
11/21/2023,Gampaha,Local,Peedunu,Premium,2000,,
11/21/2023,Gampaha,Local,Peedunu,Standard,1800,,
11/21/2023,Gampaha,Local,Keti,Premium,1000,,
11/21/2023,Gampaha,Local,Keti,Standard,700,,
11/21/2023,Gampaha,Local,Korikan,Premium,250,,
11/21/2023,Gampaha,Local,Korikan,Standard,150,,
11/28/2023,Kurunegala,Export,Peedunu,Premium,6000,,
11/28/2023,Kurunegala,Export,Peedunu,Standard,3000,,
11/28/2023,Kurunegala,Export,Kanda,Premium,4000,,
11/28/2023,Kurunegala,Export,Kanda,Standard,3000,,
11/28/2023,Kurunegala,Local,Peedunu,Premium,2500,,
11/28/2023,Kurunegala,Local,Peedunu,Standard,800,,
11/28/2023,Kurunegala,Local,Keti,Premium,400,,
11/28/2023,Kurunegala,Local,Keti,Standard,200,,
11/28/2023,Kurunegala,Local,Korikan,Premium,150,,
11/28/2023,Kurunegala,Local,Korikan,Standard,100,,
11/28/2023,Gampaha,Export,Peedunu,Premium,3000,,
11/28/2023,Gampaha,Export,Peedunu,Standard,2000,,
11/28/2023,Gampaha,Export,Kanda,Premium,2500,,
11/28/2023,Gampaha,Export,Kanda,Standard,2000,,
11/28/2023,Gampaha,Local,Peedunu,Premium,2200,,
11/28/2023,Gampaha,Local,Peedunu,Standard,2000,,
11/28/2023,Gampaha,Local,Keti,Premium,1000,,
11/28/2023,Gampaha,Local,Keti,Standard,700,,
11/28/2023,Gampaha,Local,Korikan,Premium,250,,
11/28/2023,Gampaha,Local,Korikan,Standard,150,,
12/5/2023,Kurunegala,Export,Peedunu,Premium,6000,,
12/5/2023,Kurunegala,Export,Peedunu,Standard,4000,,
12/5/2023,Kurunegala,Export,Kanda,Premium,5000,,
12/5/2023,Kurunegala,Export,Kanda,Standard,4000,,
12/5/2023,Kurunegala,Local,Peedunu,Premium,3000,,
12/5/2023,Kurunegala,Local,Peedunu,Standard,2500,,
12/5/2023,Kurunegala,Local,Keti,Premium,800,,
12/5/2023,Kurunegala,Local,Keti,Standard,400,,
12/5/2023,Kurunegala,Local,Korikan,Premium,300,,
12/5/2023,Kurunegala,Local,Korikan,Standard,350,,
12/5/2023,Gampaha,Export,Peedunu,Premium,6000,,
12/5/2023,Gampaha,Export,Peedunu,Standard,4000,,
12/5/2023,Gampaha,Export,Kanda,Premium,4000,,
12/5/2023,Gampaha,Export,Kanda,Standard,3000,,
12/5/2023,Gampaha,Local,Peedunu,Premium,3000,,
12/5/2023,Gampaha,Local,Peedunu,Standard,2500,,
12/5/2023,Gampaha,Local,Keti,Premium,1200,,
12/5/2023,Gampaha,Local,Keti,Standard,1000,,
12/5/2023,Gampaha,Local,Korikan,Premium,350,,
12/5/2023,Gampaha,Local,Korikan,Standard,300,,
12/12/2023,Kurunegala,Export,Peedunu,Premium,8000,,
12/12/2023,Kurunegala,Export,Peedunu,Standard,4000,,
12/12/2023,Kurunegala,Export,Kanda,Premium,6000,,
12/12/2023,Kurunegala,Export,Kanda,Standard,4000,,
12/12/2023,Kurunegala,Local,Peedunu,Premium,4000,,
12/12/2023,Kurunegala,Local,Peedunu,Standard,2000,,
12/12/2023,Kurunegala,Local,Keti,Premium,1000,,
12/12/2023,Kurunegala,Local,Keti,Standard,500,,
12/12/2023,Kurunegala,Local,Korikan,Premium,300,,
12/12/2023,Kurunegala,Local,Korikan,Standard,150,,
12/12/2023,Gampaha,Export,Peedunu,Premium,9000,,
12/12/2023,Gampaha,Export,Peedunu,Standard,6000,,
12/12/2023,Gampaha,Export,Kanda,Premium,5000,,
12/12/2023,Gampaha,Export,Kanda,Standard,4000,,
12/12/2023,Gampaha,Local,Peedunu,Premium,3500,,
12/12/2023,Gampaha,Local,Peedunu,Standard,3000,,
12/12/2023,Gampaha,Local,Keti,Premium,2000,,
12/12/2023,Gampaha,Local,Keti,Standard,1500,,
12/12/2023,Gampaha,Local,Korikan,Premium,800,,
12/12/2023,Gampaha,Local,Korikan,Standard,600,,
12/19/2023,Kurunegala,Export,Peedunu,Premium,5000,,
12/19/2023,Kurunegala,Export,Peedunu,Standard,3000,,
12/19/2023,Kurunegala,Export,Kanda,Premium,4000,,
12/19/2023,Kurunegala,Export,Kanda,Standard,3000,,
12/19/2023,Kurunegala,Local,Peedunu,Premium,3000,,
12/19/2023,Kurunegala,Local,Peedunu,Standard,1500,,
12/19/2023,Kurunegala,Local,Keti,Premium,1000,,
12/19/2023,Kurunegala,Local,Keti,Standard,500,,
12/19/2023,Kurunegala,Local,Korikan,Premium,300,,
12/19/2023,Kurunegala,Local,Korikan,Standard,150,,
12/19/2023,Gampaha,Export,Peedunu,Premium,8000,,
12/19/2023,Gampaha,Export,Peedunu,Standard,6000,,
12/19/2023,Gampaha,Export,Kanda,Premium,5500,,
12/19/2023,Gampaha,Export,Kanda,Standard,4500,,
12/19/2023,Gampaha,Local,Peedunu,Premium,3500,,
12/19/2023,Gampaha,Local,Peedunu,Standard,3000,,
12/19/2023,Gampaha,Local,Keti,Premium,1500,,
12/19/2023,Gampaha,Local,Keti,Standard,1000,,
12/19/2023,Gampaha,Local,Korikan,Premium,700,,
12/19/2023,Gampaha,Local,Korikan,Standard,600,,
12/27/2023,Kurunegala,Export,Peedunu,Premium,10000,,
12/27/2023,Kurunegala,Export,Peedunu,Standard,8000,,
12/27/2023,Kurunegala,Export,Kanda,Premium,6000,,
12/27/2023,Kurunegala,Export,Kanda,Standard,5000,,
12/27/2023,Kurunegala,Local,Peedunu,Premium,3250,,
12/27/2023,Kurunegala,Local,Peedunu,Standard,3250,,
12/27/2023,Kurunegala,Local,Keti,Premium,1500,,
12/27/2023,Kurunegala,Local,Keti,Standard,1500,,
12/27/2023,Kurunegala,Local,Korikan,Premium,500,,
12/27/2023,Kurunegala,Local,Korikan,Standard,250,,
12/27/2023,Gampaha,Export,Peedunu,Premium,10000,,
12/27/2023,Gampaha,Export,Peedunu,Standard,8000,,
12/27/2023,Gampaha,Export,Kanda,Premium,6000,,
12/27/2023,Gampaha,Export,Kanda,Standard,5000,,
12/27/2023,Gampaha,Local,Peedunu,Premium,5000,,
12/27/2023,Gampaha,Local,Peedunu,Standard,4000,,
12/27/2023,Gampaha,Local,Keti,Premium,2000,,
12/27/2023,Gampaha,Local,Keti,Standard,1500,,
12/27/2023,Gampaha,Local,Korikan,Premium,1000,,
12/27/2023,Gampaha,Local,Korikan,Standard,800,,
1/2/2024,Kurunegala,Export,Peedunu,Premium,6000,,
1/2/2024,Kurunegala,Export,Peedunu,Standard,4000,,
1/2/2024,Kurunegala,Export,Kanda,Premium,4000,,
1/2/2024,Kurunegala,Export,Kanda,Standard,3000,,
1/2/2024,Kurunegala,Local,Peedunu,Premium,3000,,
1/2/2024,Kurunegala,Local,Peedunu,Standard,1500,,
1/2/2024,Kurunegala,Local,Keti,Premium,1000,,
1/2/2024,Kurunegala,Local,Keti,Standard,500,,
1/2/2024,Kurunegala,Local,Korikan,Premium,300,,
1/2/2024,Kurunegala,Local,Korikan,Standard,150,,
1/2/2024,Gampaha,Export,Peedunu,Premium,10000,,
1/2/2024,Gampaha,Export,Peedunu,Standard,7500,,
1/2/2024,Gampaha,Export,Kanda,Premium,9000,,
1/2/2024,Gampaha,Export,Kanda,Standard,8000,,
1/2/2024,Gampaha,Local,Peedunu,Premium,3500,,
1/2/2024,Gampaha,Local,Peedunu,Standard,3000,,
1/2/2024,Gampaha,Local,Keti,Premium,2000,,
1/2/2024,Gampaha,Local,Keti,Standard,1500,,
1/2/2024,Gampaha,Local,Korikan,Premium,800,,
1/2/2024,Gampaha,Local,Korikan,Standard,700,,
1/9/2024,Kurunegala,Export,Peedunu,Premium,6000,,
1/9/2024,Kurunegala,Export,Peedunu,Standard,4000,,
1/9/2024,Kurunegala,Export,Kanda,Premium,4000,,
1/9/2024,Kurunegala,Export,Kanda,Standard,3000,,
1/9/2024,Kurunegala,Local,Peedunu,Premium,3000,,
1/9/2024,Kurunegala,Local,Peedunu,Standard,1500,,
1/9/2024,Kurunegala,Local,Keti,Premium,1000,,
1/9/2024,Kurunegala,Local,Keti,Standard,500,,
1/9/2024,Kurunegala,Local,Korikan,Premium,300,,
1/9/2024,Kurunegala,Local,Korikan,Standard,150,,
1/9/2024,Gampaha,Export,Peedunu,Premium,4500,,
1/9/2024,Gampaha,Export,Peedunu,Standard,3500,,
1/9/2024,Gampaha,Export,Kanda,Premium,1500,,
1/9/2024,Gampaha,Export,Kanda,Standard,1000,,
1/9/2024,Gampaha,Local,Peedunu,Premium,1800,,
1/9/2024,Gampaha,Local,Peedunu,Standard,1500,,
1/9/2024,Gampaha,Local,Keti,Premium,800,,
1/9/2024,Gampaha,Local,Keti,Standard,700,,
1/9/2024,Gampaha,Local,Korikan,Premium,300,,
1/9/2024,Gampaha,Local,Korikan,Standard,150,,
1/16/2024,Kurunegala,Export,Peedunu,Premium,8000,,
1/16/2024,Kurunegala,Export,Peedunu,Standard,5000,,
1/16/2024,Kurunegala,Export,Kanda,Premium,6000,,
1/16/2024,Kurunegala,Export,Kanda,Standard,4000,,
1/16/2024,Kurunegala,Local,Peedunu,Premium,8000,,
1/16/2024,Kurunegala,Local,Peedunu,Standard,4000,,
1/16/2024,Kurunegala,Local,Keti,Premium,1500,,
1/16/2024,Kurunegala,Local,Keti,Standard,1000,,
1/16/2024,Kurunegala,Local,Korikan,Premium,200,,
1/16/2024,Kurunegala,Local,Korikan,Standard,150,,
1/16/2024,Gampaha,Export,Peedunu,Premium,6000,,
1/16/2024,Gampaha,Export,Peedunu,Standard,5000,,
1/16/2024,Gampaha,Export,Kanda,Premium,5000,,
1/16/2024,Gampaha,Export,Kanda,Standard,4000,,
1/16/2024,Gampaha,Local,Peedunu,Premium,3000,,
1/16/2024,Gampaha,Local,Peedunu,Standard,2500,,
1/16/2024,Gampaha,Local,Keti,Premium,2000,,
1/16/2024,Gampaha,Local,Keti,Standard,1500,,
1/16/2024,Gampaha,Local,Korikan,Premium,700,,
1/16/2024,Gampaha,Local,Korikan,Standard,600,,
1/23/2024,Kurunegala,Export,Peedunu,Premium,8000,,
1/23/2024,Kurunegala,Export,Peedunu,Standard,5000,,
1/23/2024,Kurunegala,Export,Kanda,Premium,6000,,
1/23/2024,Kurunegala,Export,Kanda,Standard,4000,,
1/23/2024,Kurunegala,Local,Peedunu,Premium,3000,,
1/23/2024,Kurunegala,Local,Peedunu,Standard,2500,,
1/23/2024,Kurunegala,Local,Keti,Premium,1500,,
1/23/2024,Kurunegala,Local,Keti,Standard,1000,,
1/23/2024,Kurunegala,Local,Korikan,Premium,200,,
1/23/2024,Kurunegala,Local,Korikan,Standard,150,,
1/23/2024,Gampaha,Export,Peedunu,Premium,5500,,
1/23/2024,Gampaha,Export,Peedunu,Standard,4000,,
1/23/2024,Gampaha,Export,Kanda,Premium,4500,,
1/23/2024,Gampaha,Export,Kanda,Standard,4000,,
1/23/2024,Gampaha,Local,Peedunu,Premium,2750,,
1/23/2024,Gampaha,Local,Peedunu,Standard,2500,,
1/23/2024,Gampaha,Local,Keti,Premium,1000,,
1/23/2024,Gampaha,Local,Keti,Standard,800,,
1/23/2024,Gampaha,Local,Korikan,Premium,250,,
1/23/2024,Gampaha,Local,Korikan,Standard,200,,
1/30/2024,Kurunegala,Export,Peedunu,Premium,8000,,
1/30/2024,Kurunegala,Export,Peedunu,Standard,5000,,
1/30/2024,Kurunegala,Export,Kanda,Premium,6000,,
1/30/2024,Kurunegala,Export,Kanda,Standard,4000,,
1/30/2024,Kurunegala,Local,Peedunu,Premium,3000,,
1/30/2024,Kurunegala,Local,Peedunu,Standard,2500,,
1/30/2024,Kurunegala,Local,Keti,Premium,1500,,
1/30/2024,Kurunegala,Local,Keti,Standard,1000,,
1/30/2024,Kurunegala,Local,Korikan,Premium,200,,
1/30/2024,Kurunegala,Local,Korikan,Standard,150,,
1/30/2024,Gampaha,Export,Peedunu,Premium,8000,,
1/30/2024,Gampaha,Export,Peedunu,Standard,6000,,
1/30/2024,Gampaha,Export,Kanda,Premium,6000,,
1/30/2024,Gampaha,Export,Kanda,Standard,5000,,
1/30/2024,Gampaha,Local,Peedunu,Premium,4000,,
1/30/2024,Gampaha,Local,Peedunu,Standard,3500,,
1/30/2024,Gampaha,Local,Keti,Premium,3000,,
1/30/2024,Gampaha,Local,Keti,Standard,2500,,
1/30/2024,Gampaha,Local,Korikan,Premium,1500,,
1/30/2024,Gampaha,Local,Korikan,Standard,1000,,
2/6/2024,Kurunegala,Export,Peedunu,Premium,8000,,
2/6/2024,Kurunegala,Export,Peedunu,Standard,5000,,
2/6/2024,Kurunegala,Export,Kanda,Premium,6000,,
2/6/2024,Kurunegala,Export,Kanda,Standard,4000,,
2/6/2024,Kurunegala,Local,Peedunu,Premium,4000,,
2/6/2024,Kurunegala,Local,Peedunu,Standard,3000,,
2/6/2024,Kurunegala,Local,Keti,Premium,1500,,
2/6/2024,Kurunegala,Local,Keti,Standard,1000,,
2/6/2024,Kurunegala,Local,Korikan,Premium,200,,
2/6/2024,Kurunegala,Local,Korikan,Standard,150,,
2/6/2024,Gampaha,Export,Peedunu,Premium,9000,,
2/6/2024,Gampaha,Export,Peedunu,Standard,7000,,
2/6/2024,Gampaha,Export,Kanda,Premium,6000,,
2/6/2024,Gampaha,Export,Kanda,Standard,5000,,
2/6/2024,Gampaha,Local,Peedunu,Premium,5000,,
2/6/2024,Gampaha,Local,Peedunu,Standard,4500,,
2/6/2024,Gampaha,Local,Keti,Premium,4000,,
2/6/2024,Gampaha,Local,Keti,Standard,3500,,
2/6/2024,Gampaha,Local,Korikan,Premium,1500,,
2/6/2024,Gampaha,Local,Korikan,Standard,1000,,
2/13/2024,Kurunegala,Export,Peedunu,Premium,8000,,
2/13/2024,Kurunegala,Export,Peedunu,Standard,5000,,
2/13/2024,Kurunegala,Export,Kanda,Premium,6000,,
2/13/2024,Kurunegala,Export,Kanda,Standard,4000,,
2/13/2024,Kurunegala,Local,Peedunu,Premium,4000,,
2/13/2024,Kurunegala,Local,Peedunu,Standard,3000,,
2/13/2024,Kurunegala,Local,Keti,Premium,2500,,
2/13/2024,Kurunegala,Local,Keti,Standard,1000,,
2/13/2024,Kurunegala,Local,Korikan,Premium,300,,
2/13/2024,Kurunegala,Local,Korikan,Standard,150,,
2/13/2024,Gampaha,Export,Peedunu,Premium,7500,,
2/13/2024,Gampaha,Export,Peedunu,Standard,6000,,
2/13/2024,Gampaha,Export,Kanda,Premium,6000,,
2/13/2024,Gampaha,Export,Kanda,Standard,5000,,
2/13/2024,Gampaha,Local,Peedunu,Premium,4500,,
2/13/2024,Gampaha,Local,Peedunu,Standard,4000,,
2/13/2024,Gampaha,Local,Keti,Premium,3500,,
2/13/2024,Gampaha,Local,Keti,Standard,3000,,
2/13/2024,Gampaha,Local,Korikan,Premium,1200,,
2/13/2024,Gampaha,Local,Korikan,Standard,1000,,
2/20/2024,Kurunegala,Export,Peedunu,Premium,7000,,
2/20/2024,Kurunegala,Export,Peedunu,Standard,4000,,
2/20/2024,Kurunegala,Export,Kanda,Premium,5000,,
2/20/2024,Kurunegala,Export,Kanda,Standard,3500,,
2/20/2024,Kurunegala,Local,Peedunu,Premium,5000,,
2/20/2024,Kurunegala,Local,Peedunu,Standard,3000,,
2/20/2024,Kurunegala,Local,Keti,Premium,2500,,
2/20/2024,Kurunegala,Local,Keti,Standard,1000,,
2/20/2024,Kurunegala,Local,Korikan,Premium,300,,
2/20/2024,Kurunegala,Local,Korikan,Standard,150,,
2/20/2024,Gampaha,Export,Peedunu,Premium,7000,,
2/20/2024,Gampaha,Export,Peedunu,Standard,5000,,
2/20/2024,Gampaha,Export,Kanda,Premium,6000,,
2/20/2024,Gampaha,Export,Kanda,Standard,5000,,
2/20/2024,Gampaha,Local,Peedunu,Premium,4500,,
2/20/2024,Gampaha,Local,Peedunu,Standard,4000,,
2/20/2024,Gampaha,Local,Keti,Premium,2500,,
2/20/2024,Gampaha,Local,Keti,Standard,2000,,
2/20/2024,Gampaha,Local,Korikan,Premium,1200,,
2/20/2024,Gampaha,Local,Korikan,Standard,1000,,
2/27/2024,Kurunegala,Export,Peedunu,Premium,8000,,
2/27/2024,Kurunegala,Export,Peedunu,Standard,5000,,
2/27/2024,Kurunegala,Export,Kanda,Premium,6000,,
2/27/2024,Kurunegala,Export,Kanda,Standard,4000,,
2/27/2024,Kurunegala,Local,Peedunu,Premium,5000,,
2/27/2024,Kurunegala,Local,Peedunu,Standard,3000,,
2/27/2024,Kurunegala,Local,Keti,Premium,2500,,
2/27/2024,Kurunegala,Local,Keti,Standard,2000,,
2/27/2024,Kurunegala,Local,Korikan,Premium,300,,
2/27/2024,Kurunegala,Local,Korikan,Standard,150,,
2/27/2024,Gampaha,Export,Peedunu,Premium,9000,,
2/27/2024,Gampaha,Export,Peedunu,Standard,7000,,
2/27/2024,Gampaha,Export,Kanda,Premium,8000,,
2/27/2024,Gampaha,Export,Kanda,Standard,6000,,
2/27/2024,Gampaha,Local,Peedunu,Premium,4000,,
2/27/2024,Gampaha,Local,Peedunu,Standard,3500,,
2/27/2024,Gampaha,Local,Keti,Premium,3500,,
2/27/2024,Gampaha,Local,Keti,Standard,3000,,
2/27/2024,Gampaha,Local,Korikan,Premium,1500,,
2/27/2024,Gampaha,Local,Korikan,Standard,1000,,
3/5/2024,Kurunegala,Export,Peedunu,Premium,10000,,
3/5/2024,Kurunegala,Export,Peedunu,Standard,6000,,
3/5/2024,Kurunegala,Export,Kanda,Premium,6000,,
3/5/2024,Kurunegala,Export,Kanda,Standard,4000,,
3/5/2024,Kurunegala,Local,Peedunu,Premium,5000,,
3/5/2024,Kurunegala,Local,Peedunu,Standard,4000,,
3/5/2024,Kurunegala,Local,Keti,Premium,3000,,
3/5/2024,Kurunegala,Local,Keti,Standard,2000,,
3/5/2024,Kurunegala,Local,Korikan,Premium,400,,
3/5/2024,Kurunegala,Local,Korikan,Standard,200,,
3/5/2024,Gampaha,Export,Peedunu,Premium,9000,,
3/5/2024,Gampaha,Export,Peedunu,Standard,7000,,
3/5/2024,Gampaha,Export,Kanda,Premium,7000,,
3/5/2024,Gampaha,Export,Kanda,Standard,5000,,
3/5/2024,Gampaha,Local,Peedunu,Premium,4500,,
3/5/2024,Gampaha,Local,Peedunu,Standard,4000,,
3/5/2024,Gampaha,Local,Keti,Premium,3000,,
3/5/2024,Gampaha,Local,Keti,Standard,2500,,
3/5/2024,Gampaha,Local,Korikan,Premium,1000,,
3/5/2024,Gampaha,Local,Korikan,Standard,800,,
3/12/2024,Kurunegala,Export,Peedunu,Premium,10000,,
3/12/2024,Kurunegala,Export,Peedunu,Standard,6000,,
3/12/2024,Kurunegala,Export,Kanda,Premium,6000,,
3/12/2024,Kurunegala,Export,Kanda,Standard,4000,,
3/12/2024,Kurunegala,Local,Peedunu,Premium,5000,,
3/12/2024,Kurunegala,Local,Peedunu,Standard,4000,,
3/12/2024,Kurunegala,Local,Keti,Premium,3000,,
3/12/2024,Kurunegala,Local,Keti,Standard,2000,,
3/12/2024,Kurunegala,Local,Korikan,Premium,400,,
3/12/2024,Kurunegala,Local,Korikan,Standard,200,,
3/12/2024,Gampaha,Export,Peedunu,Premium,12000,,
3/12/2024,Gampaha,Export,Peedunu,Standard,8000,,
3/12/2024,Gampaha,Export,Kanda,Premium,7000,,
3/12/2024,Gampaha,Export,Kanda,Standard,6000,,
3/12/2024,Gampaha,Local,Peedunu,Premium,6000,,
3/12/2024,Gampaha,Local,Peedunu,Standard,5000,,
3/12/2024,Gampaha,Local,Keti,Premium,4000,,
3/12/2024,Gampaha,Local,Keti,Standard,3500,,
3/12/2024,Gampaha,Local,Korikan,Premium,800,,
3/12/2024,Gampaha,Local,Korikan,Standard,500,,
3/19/2024,Kurunegala,Export,Peedunu,Premium,10000,,
3/19/2024,Kurunegala,Export,Peedunu,Standard,6000,,
3/19/2024,Kurunegala,Export,Kanda,Premium,6000,,
3/19/2024,Kurunegala,Export,Kanda,Standard,4000,,
3/19/2024,Kurunegala,Local,Peedunu,Premium,5000,,
3/19/2024,Kurunegala,Local,Peedunu,Standard,4000,,
3/19/2024,Kurunegala,Local,Keti,Premium,3000,,
3/19/2024,Kurunegala,Local,Keti,Standard,2000,,
3/19/2024,Kurunegala,Local,Korikan,Premium,400,,
3/19/2024,Kurunegala,Local,Korikan,Standard,200,,
3/19/2024,Gampaha,Export,Peedunu,Premium,12000,,
3/19/2024,Gampaha,Export,Peedunu,Standard,10000,,
3/19/2024,Gampaha,Export,Kanda,Premium,10000,,
3/19/2024,Gampaha,Export,Kanda,Standard,9000,,
3/19/2024,Gampaha,Local,Peedunu,Premium,6000,,
3/19/2024,Gampaha,Local,Peedunu,Standard,5000,,
3/19/2024,Gampaha,Local,Keti,Premium,4500,,
3/19/2024,Gampaha,Local,Keti,Standard,4000,,
3/19/2024,Gampaha,Local,Korikan,Premium,1000,,
3/26/2024,Kurunegala,Export,Peedunu,Premium,10000,,
3/26/2024,Kurunegala,Export,Peedunu,Standard,6000,,
3/26/2024,Kurunegala,Export,Kanda,Premium,6000,,
3/26/2024,Kurunegala,Export,Kanda,Standard,4000,,
3/26/2024,Kurunegala,Local,Peedunu,Premium,6000,,
3/26/2024,Kurunegala,Local,Peedunu,Standard,5000,,
3/26/2024,Kurunegala,Local,Keti,Premium,4000,,
3/26/2024,Kurunegala,Local,Keti,Standard,2500,,
3/26/2024,Kurunegala,Local,Korikan,Premium,500,,
3/26/2024,Kurunegala,Local,Korikan,Standard,250,,
3/26/2024,Gampaha,Export,Peedunu,Premium,13000,,
3/26/2024,Gampaha,Export,Peedunu,Standard,10000,,
3/26/2024,Gampaha,Export,Kanda,Premium,11000,,
3/26/2024,Gampaha,Export,Kanda,Standard,10000,,
3/26/2024,Gampaha,Local,Peedunu,Premium,7000,,
3/26/2024,Gampaha,Local,Peedunu,Standard,6000,,
3/26/2024,Gampaha,Local,Keti,Premium,5000,,
3/26/2024,Gampaha,Local,Keti,Standard,4000,,
3/26/2024,Gampaha,Local,Korikan,Premium,2000,,
3/26/2024,Gampaha,Local,Korikan,Standard,1800,,
4/2/2024,Kurunegala,Export,Peedunu,Premium,10000,,
4/2/2024,Kurunegala,Export,Peedunu,Standard,6000,,
4/2/2024,Kurunegala,Export,Kanda,Premium,6000,,
4/2/2024,Kurunegala,Export,Kanda,Standard,4000,,
4/2/2024,Kurunegala,Local,Peedunu,Premium,6000,,
4/2/2024,Kurunegala,Local,Peedunu,Standard,5000,,
4/2/2024,Kurunegala,Local,Keti,Premium,4000,,
4/2/2024,Kurunegala,Local,Keti,Standard,2500,,
4/2/2024,Kurunegala,Local,Korikan,Premium,500,,
4/2/2024,Kurunegala,Local,Korikan,Standard,250,,
4/2/2024,Gampaha,Export,Peedunu,Premium,16000,,
4/2/2024,Gampaha,Export,Peedunu,Standard,14000,,
4/2/2024,Gampaha,Export,Kanda,Premium,14000,,
4/2/2024,Gampaha,Export,Kanda,Standard,13000,,
4/2/2024,Gampaha,Local,Peedunu,Premium,8000,,
4/2/2024,Gampaha,Local,Peedunu,Standard,7000,,
4/2/2024,Gampaha,Local,Keti,Premium,6000,,
4/2/2024,Gampaha,Local,Keti,Standard,5000,,
4/2/2024,Gampaha,Local,Korikan,Premium,2500,,
4/2/2024,Gampaha,Local,Korikan,Standard,2000,,
4/8/2024,Kurunegala,Export,Peedunu,Premium,30000,,
4/8/2024,Kurunegala,Export,Peedunu,Standard,16000,,
4/8/2024,Kurunegala,Export,Kanda,Premium,20000,,
4/8/2024,Kurunegala,Export,Kanda,Standard,15000,,
4/8/2024,Kurunegala,Local,Peedunu,Premium,6000,,
4/8/2024,Kurunegala,Local,Peedunu,Standard,6000,,
4/8/2024,Kurunegala,Local,Keti,Premium,4000,,
4/8/2024,Kurunegala,Local,Keti,Standard,4000,,
4/8/2024,Kurunegala,Local,Korikan,Premium,1500,,
4/8/2024,Kurunegala,Local,Korikan,Standard,1250,,
4/8/2024,Gampaha,Export,Peedunu,Premium,30000,,
4/8/2024,Gampaha,Export,Peedunu,Standard,16000,,
4/8/2024,Gampaha,Export,Kanda,Premium,20000,,
4/8/2024,Gampaha,Export,Kanda,Standard,15000,,
4/8/2024,Gampaha,Local,Peedunu,Premium,10000,,
4/8/2024,Gampaha,Local,Peedunu,Standard,8500,,
4/8/2024,Gampaha,Local,Keti,Premium,6000,,
4/8/2024,Gampaha,Local,Keti,Standard,5000,,
4/8/2024,Gampaha,Local,Korikan,Premium,1500,,
4/8/2024,Gampaha,Local,Korikan,Standard,1250,,
4/16/2024,Kurunegala,Export,Peedunu,Premium,20000,,
4/16/2024,Kurunegala,Export,Peedunu,Standard,15000,,
4/16/2024,Kurunegala,Export,Kanda,Premium,18000,,
4/16/2024,Kurunegala,Export,Kanda,Standard,14000,,
4/16/2024,Kurunegala,Local,Peedunu,Premium,7000,,
4/16/2024,Kurunegala,Local,Peedunu,Standard,7000,,
4/16/2024,Kurunegala,Local,Keti,Premium,5000,,
4/16/2024,Kurunegala,Local,Keti,Standard,5000,,
4/16/2024,Kurunegala,Local,Korikan,Premium,1000,,
4/16/2024,Kurunegala,Local,Korikan,Standard,1000,,
4/16/2024,Gampaha,Export,Peedunu,Premium,20000,,
4/16/2024,Gampaha,Export,Peedunu,Standard,15000,,
4/16/2024,Gampaha,Export,Kanda,Premium,18000,,
4/16/2024,Gampaha,Export,Kanda,Standard,14000,,
4/16/2024,Gampaha,Local,Peedunu,Premium,8000,,
4/16/2024,Gampaha,Local,Peedunu,Standard,7000,,
4/16/2024,Gampaha,Local,Keti,Premium,5000,,
4/16/2024,Gampaha,Local,Keti,Standard,3000,,
4/16/2024,Gampaha,Local,Korikan,Premium,1000,,
4/16/2024,Gampaha,Local,Korikan,Standard,1000,,
4/24/2024,Kurunegala,Export,Peedunu,Premium,20000,,
4/24/2024,Kurunegala,Export,Peedunu,Standard,15000,,
4/24/2024,Kurunegala,Export,Kanda,Premium,18000,,
4/24/2024,Kurunegala,Export,Kanda,Standard,14000,,
4/24/2024,Kurunegala,Local,Peedunu,Premium,7000,,
4/24/2024,Kurunegala,Local,Peedunu,Standard,7000,,
4/24/2024,Kurunegala,Local,Keti,Premium,5000,,
4/24/2024,Kurunegala,Local,Keti,Standard,5000,,
4/16/2024,Kurunegala,Local,Korikan,Premium,1000,,
4/24/2024,Kurunegala,Local,Korikan,Standard,1000,,
4/24/2024,Gampaha,Export,Peedunu,Premium,20000,,
4/24/2024,Gampaha,Export,Peedunu,Standard,15000,,
4/24/2024,Gampaha,Export,Kanda,Premium,18000,,
4/24/2024,Gampaha,Export,Kanda,Standard,14000,,
4/24/2024,Gampaha,Local,Peedunu,Premium,8000,,
4/24/2024,Gampaha,Local,Peedunu,Standard,7000,,
4/24/2024,Gampaha,Local,Keti,Premium,5000,,
4/24/2024,Gampaha,Local,Keti,Standard,3000,,
4/24/2024,Gampaha,Local,Korikan,Premium,1000,,
4/24/2024,Gampaha,Local,Korikan,Standard,1000,,
4/30/2024,Kurunegala,Export,Peedunu,Premium,12000,,
4/30/2024,Kurunegala,Export,Peedunu,Standard,8500,,
4/30/2024,Kurunegala,Export,Kanda,Premium,8500,,
4/30/2024,Kurunegala,Export,Kanda,Standard,4000,,
4/30/2024,Kurunegala,Local,Peedunu,Premium,9000,,
4/30/2024,Kurunegala,Local,Peedunu,Standard,7000,,
4/30/2024,Kurunegala,Local,Keti,Premium,5000,,
4/30/2024,Kurunegala,Local,Keti,Standard,4000,,
4/30/2024,Kurunegala,Local,Korikan,Premium,700,,
4/30/2024,Kurunegala,Local,Korikan,Standard,500,,
4/30/2024,Gampaha,Export,Peedunu,Premium,15000,,
4/30/2024,Gampaha,Export,Peedunu,Standard,10000,,
4/30/2024,Gampaha,Export,Kanda,Premium,12000,,
4/30/2024,Gampaha,Export,Kanda,Standard,8000,,
4/30/2024,Gampaha,Local,Peedunu,Premium,6000,,
4/30/2024,Gampaha,Local,Peedunu,Standard,4000,,
4/30/2024,Gampaha,Local,Keti,Premium,3000,,
4/30/2024,Gampaha,Local,Keti,Standard,2000,,
4/30/2024,Gampaha,Local,Korikan,Premium,1000,,
4/30/2024,Gampaha,Local,Korikan,Standard,500,,
5/7/2024,Kurunegala,Export,Peedunu,Premium,6000,,
5/7/2024,Kurunegala,Export,Peedunu,Standard,3000,,
5/7/2024,Kurunegala,Export,Kanda,Premium,5000,,
5/7/2024,Kurunegala,Export,Kanda,Standard,3000,,
5/7/2024,Kurunegala,Local,Peedunu,Premium,5000,,
5/7/2024,Kurunegala,Local,Peedunu,Standard,2500,,
5/7/2024,Kurunegala,Local,Keti,Premium,2000,,
5/7/2024,Kurunegala,Local,Keti,Standard,1000,,
5/7/2024,Kurunegala,Local,Korikan,Premium,400,,
5/7/2024,Kurunegala,Local,Korikan,Standard,200,,
5/7/2024,Gampaha,Export,Peedunu,Premium,10000,,
5/7/2024,Gampaha,Export,Peedunu,Standard,8000,,
5/7/2024,Gampaha,Export,Kanda,Premium,8000,,
5/7/2024,Gampaha,Export,Kanda,Standard,6000,,
5/7/2024,Gampaha,Local,Peedunu,Premium,5000,,
5/7/2024,Gampaha,Local,Peedunu,Standard,4000,,
5/7/2024,Gampaha,Local,Keti,Premium,2000,,
5/7/2024,Gampaha,Local,Keti,Standard,1500,,
5/7/2024,Gampaha,Local,Korikan,Premium,400,,
5/7/2024,Gampaha,Local,Korikan,Standard,200,,
5/14/2024,Kurunegala,Export,Peedunu,Premium,6000,,
5/14/2024,Kurunegala,Export,Peedunu,Standard,3000,,
5/14/2024,Kurunegala,Export,Kanda,Premium,5000,,
5/14/2024,Kurunegala,Export,Kanda,Standard,3000,,
5/14/2024,Kurunegala,Local,Peedunu,Premium,5000,,
5/14/2024,Kurunegala,Local,Peedunu,Standard,2500,,
5/14/2024,Kurunegala,Local,Keti,Premium,2000,,
5/14/2024,Kurunegala,Local,Keti,Standard,1000,,
5/14/2024,Kurunegala,Local,Korikan,Premium,400,,
5/14/2024,Kurunegala,Local,Korikan,Standard,200,,
5/14/2024,Gampaha,Export,Peedunu,Premium,10000,,
5/14/2024,Gampaha,Export,Peedunu,Standard,8000,,
5/14/2024,Gampaha,Export,Kanda,Premium,9000,,
5/14/2024,Gampaha,Export,Kanda,Standard,7500,,
5/14/2024,Gampaha,Local,Peedunu,Premium,4000,,
5/14/2024,Gampaha,Local,Peedunu,Standard,3500,,
5/14/2024,Gampaha,Local,Keti,Premium,1500,,
5/14/2024,Gampaha,Local,Keti,Standard,1250,,
5/14/2024,Gampaha,Local,Korikan,Premium,500,,
5/14/2024,Gampaha,Local,Korikan,Standard,400,,
5/21/2024,Kurunegala,Export,Peedunu,Premium,5500,,
5/21/2024,Kurunegala,Export,Peedunu,Standard,2500,,
5/21/2024,Kurunegala,Export,Kanda,Premium,4500,,
5/21/2024,Kurunegala,Export,Kanda,Standard,2500,,
5/21/2024,Kurunegala,Local,Peedunu,Premium,4000,,
5/21/2024,Kurunegala,Local,Peedunu,Standard,2000,,
5/21/2024,Kurunegala,Local,Keti,Premium,1500,,
5/21/2024,Kurunegala,Local,Keti,Standard,500,,
5/21/2024,Kurunegala,Local,Korikan,Premium,200,,
5/21/2024,Kurunegala,Local,Korikan,Standard,100,,
5/21/2024,Gampaha,Export,Peedunu,Premium,10000,,
5/21/2024,Gampaha,Export,Peedunu,Standard,8000,,
5/21/2024,Gampaha,Export,Kanda,Premium,9000,,
5/21/2024,Gampaha,Export,Kanda,Standard,7500,,
5/21/2024,Gampaha,Local,Peedunu,Premium,4000,,
5/21/2024,Gampaha,Local,Peedunu,Standard,3500,,
5/21/2024,Gampaha,Local,Keti,Premium,1500,,
5/21/2024,Gampaha,Local,Keti,Standard,1250,,
5/21/2024,Gampaha,Local,Korikan,Premium,500,,
5/21/2024,Gampaha,Local,Korikan,Standard,400,,
5/28/2024,Kurunegala,Export,Peedunu,Premium,6000,,
5/28/2024,Kurunegala,Export,Peedunu,Standard,3000,,
5/28/2024,Kurunegala,Export,Kanda,Premium,5000,,
5/28/2024,Kurunegala,Export,Kanda,Standard,3000,,
5/28/2024,Kurunegala,Local,Peedunu,Premium,4500,,
5/28/2024,Kurunegala,Local,Peedunu,Standard,2500,,
5/28/2024,Kurunegala,Local,Keti,Premium,1500,,
5/28/2024,Kurunegala,Local,Keti,Standard,500,,
5/28/2024,Kurunegala,Local,Korikan,Premium,200,,
5/28/2024,Kurunegala,Local,Korikan,Standard,100,,
5/28/2024,Gampaha,Export,Peedunu,Premium,7000,,
5/28/2024,Gampaha,Export,Peedunu,Standard,6000,,
5/28/2024,Gampaha,Export,Kanda,Premium,6000,,
5/28/2024,Gampaha,Export,Kanda,Standard,5000,,
5/28/2024,Gampaha,Local,Peedunu,Premium,4000,,
5/28/2024,Gampaha,Local,Peedunu,Standard,3500,,
5/28/2024,Gampaha,Local,Keti,Premium,1500,,
5/28/2024,Gampaha,Local,Keti,Standard,1250,,
5/28/2024,Gampaha,Local,Korikan,Premium,500,,
5/28/2024,Gampaha,Local,Korikan,Standard,400,,
6/4/2024,Kurunegala,Export,Peedunu,Premium,6000,,
6/4/2024,Kurunegala,Export,Peedunu,Standard,3000,,
6/4/2024,Kurunegala,Export,Kanda,Premium,5000,,
6/4/2024,Kurunegala,Export,Kanda,Standard,3000,,
6/4/2024,Kurunegala,Local,Peedunu,Premium,4500,,
6/4/2024,Kurunegala,Local,Peedunu,Standard,2500,,
6/4/2024,Kurunegala,Local,Keti,Premium,1500,,
6/4/2024,Kurunegala,Local,Keti,Standard,500,,
6/4/2024,Kurunegala,Local,Korikan,Premium,200,,
6/4/2024,Kurunegala,Local,Korikan,Standard,100,,
6/4/2024,Gampaha,Export,Peedunu,Premium,10000,,
6/4/2024,Gampaha,Export,Peedunu,Standard,8000,,
6/4/2024,Gampaha,Export,Kanda,Premium,9000,,
6/4/2024,Gampaha,Export,Kanda,Standard,7000,,
6/4/2024,Gampaha,Local,Peedunu,Premium,4000,,
6/4/2024,Gampaha,Local,Peedunu,Standard,3500,,
6/4/2024,Gampaha,Local,Keti,Premium,2000,,
6/4/2024,Gampaha,Local,Keti,Standard,1500,,
6/4/2024,Gampaha,Local,Korikan,Premium,500,,
6/4/2024,Gampaha,Local,Korikan,Standard,400,,
6/11/2024,Kurunegala,Export,Peedunu,Premium,5500,,
6/11/2024,Kurunegala,Export,Peedunu,Standard,3000,,
6/11/2024,Kurunegala,Export,Kanda,Premium,5000,,
6/11/2024,Kurunegala,Export,Kanda,Standard,3000,,
6/11/2024,Kurunegala,Local,Peedunu,Premium,4000,,
6/11/2024,Kurunegala,Local,Peedunu,Standard,2500,,
6/11/2024,Kurunegala,Local,Keti,Premium,1500,,
6/11/2024,Kurunegala,Local,Keti,Standard,500,,
6/11/2024,Kurunegala,Local,Korikan,Premium,200,,
6/11/2024,Kurunegala,Local,Korikan,Standard,100,,
6/11/2024,Gampaha,Export,Peedunu,Premium,15000,,
6/11/2024,Gampaha,Export,Peedunu,Standard,12000,,
6/11/2024,Gampaha,Export,Kanda,Premium,12000,,
6/11/2024,Gampaha,Export,Kanda,Standard,8000,,
6/11/2024,Gampaha,Local,Peedunu,Premium,3000,,
6/11/2024,Gampaha,Local,Peedunu,Standard,2000,,
6/11/2024,Gampaha,Local,Keti,Premium,2000,,
6/11/2024,Gampaha,Local,Keti,Standard,1000,,
6/11/2024,Gampaha,Local,Korikan,Premium,500,,
6/11/2024,Gampaha,Local,Korikan,Standard,400,,
6/18/2024,Kurunegala,Export,Peedunu,Premium,8000,,
6/18/2024,Kurunegala,Export,Peedunu,Standard,5000,,
6/18/2024,Kurunegala,Export,Kanda,Premium,6000,,
6/18/2024,Kurunegala,Export,Kanda,Standard,4000,,
6/18/2024,Kurunegala,Local,Peedunu,Premium,6000,,
6/18/2024,Kurunegala,Local,Peedunu,Standard,3000,,
6/18/2024,Kurunegala,Local,Keti,Premium,2000,,
6/18/2024,Kurunegala,Local,Keti,Standard,1000,,
6/18/2024,Kurunegala,Local,Korikan,Premium,400,,
6/18/2024,Kurunegala,Local,Korikan,Standard,200,,
6/18/2024,Gampaha,Export,Peedunu,Premium,10000,,
6/18/2024,Gampaha,Export,Peedunu,Standard,8000,,
6/18/2024,Gampaha,Export,Kanda,Premium,8000,,
6/18/2024,Gampaha,Export,Kanda,Standard,6000,,
6/18/2024,Gampaha,Local,Peedunu,Premium,3000,,
6/18/2024,Gampaha,Local,Peedunu,Standard,2000,,
6/18/2024,Gampaha,Local,Keti,Premium,2000,,
6/18/2024,Gampaha,Local,Keti,Standard,1000,,
6/18/2024,Gampaha,Local,Korikan,Premium,500,,
6/18/2024,Gampaha,Local,Korikan,Standard,400,,
6/25/2024,Kurunegala,Export,Peedunu,Premium,8000,,
6/25/2024,Kurunegala,Export,Peedunu,Standard,5000,,
6/25/2024,Kurunegala,Export,Kanda,Premium,6000,,
6/25/2024,Kurunegala,Export,Kanda,Standard,4000,,
6/25/2024,Kurunegala,Local,Peedunu,Premium,5000,,
6/25/2024,Kurunegala,Local,Peedunu,Standard,3000,,
6/25/2024,Kurunegala,Local,Keti,Premium,2000,,
6/25/2024,Kurunegala,Local,Keti,Standard,1000,,
6/25/2024,Kurunegala,Local,Korikan,Premium,400,,
6/25/2024,Kurunegala,Local,Korikan,Standard,200,,
6/25/2024,Gampaha,Export,Peedunu,Premium,12000,,
6/25/2024,Gampaha,Export,Peedunu,Standard,8000,,
6/25/2024,Gampaha,Export,Kanda,Premium,8000,,
6/25/2024,Gampaha,Export,Kanda,Standard,7000,,
6/25/2024,Gampaha,Local,Peedunu,Premium,5500,,
6/25/2024,Gampaha,Local,Peedunu,Standard,3500,,
6/25/2024,Gampaha,Local,Keti,Premium,3500,,
6/25/2024,Gampaha,Local,Keti,Standard,2000,,
6/25/2024,Gampaha,Local,Korikan,Premium,500,,
6/25/2024,Gampaha,Local,Korikan,Standard,400,,
7/2/2024,Kurunegala,Export,Peedunu,Premium,8000,,
7/2/2024,Kurunegala,Export,Peedunu,Standard,5000,,
7/2/2024,Kurunegala,Export,Kanda,Premium,6000,,
7/2/2024,Kurunegala,Export,Kanda,Standard,4000,,
7/2/2024,Kurunegala,Local,Peedunu,Premium,5000,,
7/2/2024,Kurunegala,Local,Peedunu,Standard,3000,,
7/2/2024,Kurunegala,Local,Keti,Premium,2000,,
7/2/2024,Kurunegala,Local,Keti,Standard,1000,,
7/2/2024,Kurunegala,Local,Korikan,Premium,400,,
7/2/2024,Kurunegala,Local,Korikan,Standard,200,,
7/2/2024,Gampaha,Export,Peedunu,Premium,10000,,
7/2/2024,Gampaha,Export,Peedunu,Standard,8000,,
7/2/2024,Gampaha,Export,Kanda,Premium,7000,,
7/2/2024,Gampaha,Export,Kanda,Standard,6000,,
7/2/2024,Gampaha,Local,Peedunu,Premium,3000,,
7/2/2024,Gampaha,Local,Peedunu,Standard,2000,,
7/2/2024,Gampaha,Local,Keti,Premium,2000,,
7/2/2024,Gampaha,Local,Keti,Standard,1000,,
7/2/2024,Gampaha,Local,Korikan,Premium,250,,
7/2/2024,Gampaha,Local,Korikan,Standard,200,,
7/16/2024,Kurunegala,Export,Peedunu,Premium,7000,,
7/16/2024,Kurunegala,Export,Peedunu,Standard,4000,,
7/16/2024,Kurunegala,Export,Kanda,Premium,5000,,
7/16/2024,Kurunegala,Export,Kanda,Standard,4000,,
7/16/2024,Kurunegala,Local,Peedunu,Premium,4000,,
7/16/2024,Kurunegala,Local,Peedunu,Standard,2000,,
7/16/2024,Kurunegala,Local,Keti,Premium,1000,,
7/16/2024,Kurunegala,Local,Keti,Standard,500,,
7/16/2024,Kurunegala,Local,Korikan,Premium,200,,
7/16/2024,Kurunegala,Local,Korikan,Standard,100,,
7/16/2024,Gampaha,Export,Peedunu,Premium,10000,,
7/16/2024,Gampaha,Export,Peedunu,Standard,8000,,
7/16/2024,Gampaha,Export,Kanda,Premium,7000,,
7/16/2024,Gampaha,Export,Kanda,Standard,6000,,
7/16/2024,Gampaha,Local,Peedunu,Premium,3000,,
7/16/2024,Gampaha,Local,Peedunu,Standard,2000,,
7/16/2024,Gampaha,Local,Keti,Premium,2000,,
7/16/2024,Gampaha,Local,Keti,Standard,1000,,
7/16/2024,Gampaha,Local,Korikan,Premium,250,,
7/16/2024,Gampaha,Local,Korikan,Standard,200,,
7/23/2024,Kurunegala,Export,Peedunu,Premium,7000,,
7/23/2024,Kurunegala,Export,Peedunu,Standard,4000,,
7/23/2024,Kurunegala,Export,Kanda,Premium,5000,,
7/23/2024,Kurunegala,Export,Kanda,Standard,4000,,
7/23/2024,Kurunegala,Local,Peedunu,Premium,4000,,
7/23/2024,Kurunegala,Local,Peedunu,Standard,2000,,
7/23/2024,Kurunegala,Local,Keti,Premium,1000,,
7/23/2024,Kurunegala,Local,Keti,Standard,500,,
7/23/2024,Kurunegala,Local,Korikan,Premium,200,,
7/23/2024,Kurunegala,Local,Korikan,Standard,100,,
7/23/2024,Gampaha,Export,Peedunu,Premium,15000,,
7/23/2024,Gampaha,Export,Peedunu,Standard,14000,,
7/23/2024,Gampaha,Export,Kanda,Premium,14000,,
7/23/2024,Gampaha,Export,Kanda,Standard,12000,,
7/23/2024,Gampaha,Local,Peedunu,Premium,6000,,
7/23/2024,Gampaha,Local,Peedunu,Standard,5000,,
7/23/2024,Gampaha,Local,Keti,Premium,4000,,
7/23/2024,Gampaha,Local,Keti,Standard,3000,,
7/23/2024,Gampaha,Local,Korikan,Premium,1000,,
7/23/2024,Gampaha,Local,Korikan,Standard,1000,,
7/30/2024,Kurunegala,Export,Peedunu,Premium,6000,,
7/30/2024,Kurunegala,Export,Peedunu,Standard,5000,,
7/30/2024,Kurunegala,Export,Kanda,Premium,4000,,
7/30/2024,Kurunegala,Export,Kanda,Standard,3000,,
7/30/2024,Kurunegala,Local,Peedunu,Premium,5000,,
7/30/2024,Kurunegala,Local,Peedunu,Standard,3000,,
7/30/2024,Kurunegala,Local,Keti,Premium,1000,,
7/30/2024,Kurunegala,Local,Keti,Standard,500,,
7/30/2024,Kurunegala,Local,Korikan,Premium,200,,
7/30/2024,Kurunegala,Local,Korikan,Standard,100,,
7/30/2024,Gampaha,Export,Peedunu,Premium,8000,,
7/30/2024,Gampaha,Export,Peedunu,Standard,7000,,
7/30/2024,Gampaha,Export,Kanda,Premium,5000,,
7/30/2024,Gampaha,Export,Kanda,Standard,4000,,
7/30/2024,Gampaha,Local,Peedunu,Premium,3500,,
7/30/2024,Gampaha,Local,Peedunu,Standard,3000,,
7/30/2024,Gampaha,Local,Keti,Premium,2500,,
7/30/2024,Gampaha,Local,Keti,Standard,2000,,
7/30/2024,Gampaha,Local,Korikan,Premium,500,,
7/30/2024,Gampaha,Local,Korikan,Standard,450,,
8/6/2024,Kurunegala,Export,Peedunu,Premium,8000,,
8/6/2024,Kurunegala,Export,Peedunu,Standard,6000,,
8/6/2024,Kurunegala,Export,Kanda,Premium,6500,,
8/6/2024,Kurunegala,Export,Kanda,Standard,5000,,
8/6/2024,Kurunegala,Local,Peedunu,Premium,5000,,
8/6/2024,Kurunegala,Local,Peedunu,Standard,3000,,
8/6/2024,Kurunegala,Local,Keti,Premium,2000,,
8/6/2024,Kurunegala,Local,Keti,Standard,1500,,
8/6/2024,Kurunegala,Local,Korikan,Premium,300,,
8/6/2024,Kurunegala,Local,Korikan,Standard,150,,
8/6/2024,Gampaha,Export,Peedunu,Premium,4000,,
8/6/2024,Gampaha,Export,Peedunu,Standard,3000,,
8/6/2024,Gampaha,Export,Kanda,Premium,2500,,
8/6/2024,Gampaha,Export,Kanda,Standard,2000,,
8/6/2024,Gampaha,Local,Peedunu,Premium,3000,,
8/6/2024,Gampaha,Local,Peedunu,Standard,2500,,
8/6/2024,Gampaha,Local,Keti,Premium,2500,,
8/6/2024,Gampaha,Local,Keti,Standard,2000,,
8/6/2024,Gampaha,Local,Korikan,Premium,500,,
8/6/2024,Gampaha,Local,Korikan,Standard,400,,
8/13/2024,Kurunegala,Export,Peedunu,Premium,8000,,
8/13/2024,Kurunegala,Export,Peedunu,Standard,6000,,
8/13/2024,Kurunegala,Export,Kanda,Premium,6500,,
8/13/2024,Kurunegala,Export,Kanda,Standard,5000,,
8/13/2024,Kurunegala,Local,Peedunu,Premium,5000,,
8/13/2024,Kurunegala,Local,Peedunu,Standard,3000,,
8/13/2024,Kurunegala,Local,Keti,Premium,2000,,
8/13/2024,Kurunegala,Local,Keti,Standard,1500,,
8/13/2024,Kurunegala,Local,Korikan,Premium,300,,
8/13/2024,Kurunegala,Local,Korikan,Standard,150,,
8/13/2024,Gampaha,Export,Peedunu,Premium,4000,,
8/13/2024,Gampaha,Export,Peedunu,Standard,3000,,
8/13/2024,Gampaha,Export,Kanda,Premium,3000,,
8/13/2024,Gampaha,Export,Kanda,Standard,2500,,
8/13/2024,Gampaha,Local,Peedunu,Premium,3000,,
8/13/2024,Gampaha,Local,Peedunu,Standard,2000,,
8/13/2024,Gampaha,Local,Keti,Premium,1500,,
8/13/2024,Gampaha,Local,Keti,Standard,1000,,
8/13/2024,Gampaha,Local,Korikan,Premium,500,,
8/13/2024,Gampaha,Local,Korikan,Standard,450,,
8/20/2024,Kurunegala,Export,Peedunu,Premium,7000,,
8/20/2024,Kurunegala,Export,Peedunu,Standard,5000,,
8/20/2024,Kurunegala,Export,Kanda,Premium,7000,,
8/20/2024,Kurunegala,Export,Kanda,Standard,5000,,
8/20/2024,Kurunegala,Local,Peedunu,Premium,4000,,
8/20/2024,Kurunegala,Local,Peedunu,Standard,3000,,
8/20/2024,Kurunegala,Local,Keti,Premium,1500,,
8/20/2024,Kurunegala,Local,Keti,Standard,1000,,
8/20/2024,Kurunegala,Local,Korikan,Premium,400,,
8/20/2024,Kurunegala,Local,Korikan,Standard,200,,
8/20/2024,Gampaha,Export,Peedunu,Premium,5000,,
8/20/2024,Gampaha,Export,Peedunu,Standard,3000,,
8/20/2024,Gampaha,Export,Kanda,Premium,3000,,
8/20/2024,Gampaha,Export,Kanda,Standard,2500,,
8/20/2024,Gampaha,Local,Peedunu,Premium,3000,,
8/20/2024,Gampaha,Local,Peedunu,Standard,2000,,
8/20/2024,Gampaha,Local,Keti,Premium,2000,,
8/20/2024,Gampaha,Local,Keti,Standard,1500,,
8/20/2024,Gampaha,Local,Korikan,Premium,500,,
8/20/2024,Gampaha,Local,Korikan,Standard,450,,
8/27/2024,Kurunegala,Export,Peedunu,Premium,7000,,
8/27/2024,Kurunegala,Export,Peedunu,Standard,6000,,
8/27/2024,Kurunegala,Export,Kanda,Premium,8000,,
8/27/2024,Kurunegala,Export,Kanda,Standard,7000,,
8/27/2024,Kurunegala,Local,Peedunu,Premium,4000,,
8/27/2024,Kurunegala,Local,Peedunu,Standard,3000,,
8/27/2024,Kurunegala,Local,Keti,Premium,1500,,
8/27/2024,Kurunegala,Local,Keti,Standard,1500,,
8/27/2024,Kurunegala,Local,Korikan,Premium,200,,
8/27/2024,Kurunegala,Local,Korikan,Standard,100,,
8/27/2024,Gampaha,Export,Peedunu,Premium,5000,,
8/27/2024,Gampaha,Export,Peedunu,Standard,3000,,
8/27/2024,Gampaha,Export,Kanda,Premium,3000,,
8/27/2024,Gampaha,Export,Kanda,Standard,2500,,
8/27/2024,Gampaha,Local,Peedunu,Premium,3000,,
8/27/2024,Gampaha,Local,Peedunu,Standard,2000,,
8/27/2024,Gampaha,Local,Keti,Premium,2000,,
8/27/2024,Gampaha,Local,Keti,Standard,1500,,
8/27/2024,Gampaha,Local,Korikan,Premium,500,,
8/27/2024,Gampaha,Local,Korikan,Standard,450,,
9/3/2024,Kurunegala,Export,Peedunu,Premium,14000,,
9/3/2024,Kurunegala,Export,Peedunu,Standard,12000,,
9/3/2024,Kurunegala,Export,Kanda,Premium,11000,,
9/3/2024,Kurunegala,Export,Kanda,Standard,10000,,
9/3/2024,Kurunegala,Local,Peedunu,Premium,6000,,
9/3/2024,Kurunegala,Local,Peedunu,Standard,5000,,
9/3/2024,Kurunegala,Local,Keti,Premium,4000,,
9/3/2024,Kurunegala,Local,Keti,Standard,3000,,
9/3/2024,Kurunegala,Local,Korikan,Premium,150,,
9/3/2024,Kurunegala,Local,Korikan,Standard,100,,
9/3/2024,Gampaha,Export,Peedunu,Premium,8000,,
9/3/2024,Gampaha,Export,Peedunu,Standard,6000,,
9/3/2024,Gampaha,Export,Kanda,Premium,6000,,
9/3/2024,Gampaha,Export,Kanda,Standard,5000,,
9/3/2024,Gampaha,Local,Peedunu,Premium,4500,,
9/3/2024,Gampaha,Local,Peedunu,Standard,3500,,
9/3/2024,Gampaha,Local,Keti,Premium,3000,,
9/3/2024,Gampaha,Local,Keti,Standard,2000,,
9/3/2024,Gampaha,Local,Korikan,Premium,750,,
9/3/2024,Gampaha,Local,Korikan,Standard,500,,
9/10/2024,Kurunegala,Export,Peedunu,Premium,13000,,
9/10/2024,Kurunegala,Export,Peedunu,Standard,11000,,
9/10/2024,Kurunegala,Export,Kanda,Premium,10000,,
9/10/2024,Kurunegala,Export,Kanda,Standard,8000,,
9/10/2024,Kurunegala,Local,Peedunu,Premium,6000,,
9/10/2024,Kurunegala,Local,Peedunu,Standard,4000,,
9/10/2024,Kurunegala,Local,Keti,Premium,3000,,
9/10/2024,Kurunegala,Local,Keti,Standard,2000,,
9/10/2024,Kurunegala,Local,Korikan,Premium,150,,
9/10/2024,Kurunegala,Local,Korikan,Standard,100,,
9/10/2024,Gampaha,Export,Peedunu,Premium,10000,,
9/10/2024,Gampaha,Export,Peedunu,Standard,8000,,
9/10/2024,Gampaha,Export,Kanda,Premium,8000,,
9/10/2024,Gampaha,Export,Kanda,Standard,6000,,
9/10/2024,Gampaha,Local,Peedunu,Premium,5000,,
9/10/2024,Gampaha,Local,Peedunu,Standard,4000,,
9/10/2024,Gampaha,Local,Keti,Premium,4000,,
9/10/2024,Gampaha,Local,Keti,Standard,3000,,
9/10/2024,Gampaha,Local,Korikan,Premium,1000,,
9/10/2024,Gampaha,Local,Korikan,Standard,750,,
9/18/2024,Kurunegala,Export,Peedunu,Premium,15000,,
9/18/2024,Kurunegala,Export,Peedunu,Standard,12000,,
9/18/2024,Kurunegala,Export,Kanda,Premium,12000,,
9/18/2024,Kurunegala,Export,Kanda,Standard,10000,,
9/18/2024,Kurunegala,Local,Peedunu,Premium,4000,,
9/18/2024,Kurunegala,Local,Peedunu,Standard,4000,,
9/18/2024,Kurunegala,Local,Keti,Premium,2000,,
9/18/2024,Kurunegala,Local,Keti,Standard,2000,,
9/18/2024,Kurunegala,Local,Korikan,Premium,1000,,
9/18/2024,Kurunegala,Local,Korikan,Standard,750,,
9/18/2024,Gampaha,Export,Peedunu,Premium,15000,,
9/18/2024,Gampaha,Export,Peedunu,Standard,12000,,
9/18/2024,Gampaha,Export,Kanda,Premium,12000,,
9/18/2024,Gampaha,Export,Kanda,Standard,10000,,
9/18/2024,Gampaha,Local,Peedunu,Premium,5000,,
9/18/2024,Gampaha,Local,Peedunu,Standard,4000,,
9/18/2024,Gampaha,Local,Keti,Premium,4000,,
9/18/2024,Gampaha,Local,Keti,Standard,3000,,
9/18/2024,Gampaha,Local,Korikan,Premium,1000,,
9/18/2024,Gampaha,Local,Korikan,Standard,750,,
9/24/2024,Kurunegala,Export,Peedunu,Premium,13000,,
9/24/2024,Kurunegala,Export,Peedunu,Standard,11000,,
9/24/2024,Kurunegala,Export,Kanda,Premium,8000,,
9/24/2024,Kurunegala,Export,Kanda,Standard,7000,,
9/24/2024,Kurunegala,Local,Peedunu,Premium,5500,,
9/24/2024,Kurunegala,Local,Peedunu,Standard,4000,,
9/24/2024,Kurunegala,Local,Keti,Premium,3500,,
9/24/2024,Kurunegala,Local,Keti,Standard,3000,,
9/24/2024,Kurunegala,Local,Korikan,Premium,150,,
9/24/2024,Kurunegala,Local,Korikan,Standard,100,,
9/24/2024,Gampaha,Export,Peedunu,Premium,10000,,
9/24/2024,Gampaha,Export,Peedunu,Standard,8000,,
9/24/2024,Gampaha,Export,Kanda,Premium,8000,,
9/24/2024,Gampaha,Export,Kanda,Standard,6000,,
9/24/2024,Gampaha,Local,Peedunu,Premium,5000,,
9/24/2024,Gampaha,Local,Peedunu,Standard,4000,,
9/24/2024,Gampaha,Local,Keti,Premium,1000,,
9/24/2024,Gampaha,Local,Keti,Standard,750,,
9/24/2024,Gampaha,Local,Korikan,Premium,150,,
9/24/2024,Gampaha,Local,Korikan,Standard,100,,
10/1/2024,Kurunegala,Export,Peedunu,Premium,10000,,
10/1/2024,Kurunegala,Export,Peedunu,Standard,8000,,
10/1/2024,Kurunegala,Export,Kanda,Premium,6000,,
10/1/2024,Kurunegala,Export,Kanda,Standard,5000,,
10/1/2024,Kurunegala,Local,Peedunu,Premium,4000,,
10/1/2024,Kurunegala,Local,Peedunu,Standard,3000,,
10/1/2024,Kurunegala,Local,Keti,Premium,2000,,
10/1/2024,Kurunegala,Local,Keti,Standard,1500,,
10/1/2024,Kurunegala,Local,Korikan,Premium,200,,
10/1/2024,Kurunegala,Local,Korikan,Standard,100,,
10/1/2024,Gampaha,Export,Peedunu,Premium,10000,,
10/1/2024,Gampaha,Export,Peedunu,Standard,8000,,
10/1/2024,Gampaha,Export,Kanda,Premium,8000,,
10/1/2024,Gampaha,Export,Kanda,Standard,6000,,
10/1/2024,Gampaha,Local,Peedunu,Premium,5000,,
10/1/2024,Gampaha,Local,Peedunu,Standard,4000,,
10/1/2024,Gampaha,Local,Keti,Premium,3000,,
10/1/2024,Gampaha,Local,Keti,Standard,2000,,
10/1/2024,Gampaha,Local,Korikan,Premium,750,,
10/1/2024,Gampaha,Local,Korikan,Standard,500,,
10/15/2024,Kurunegala,Export,Peedunu,Premium,10000,,
10/15/2024,Kurunegala,Export,Peedunu,Standard,8000,,
10/15/2024,Kurunegala,Export,Kanda,Premium,7500,,
10/15/2024,Kurunegala,Export,Kanda,Standard,6000,,
10/15/2024,Kurunegala,Local,Peedunu,Premium,5000,,
10/15/2024,Kurunegala,Local,Peedunu,Standard,4000,,
10/15/2024,Kurunegala,Local,Keti,Premium,3000,,
10/15/2024,Kurunegala,Local,Keti,Standard,2000,,
10/15/2024,Kurunegala,Local,Korikan,Premium,400,,
10/15/2024,Kurunegala,Local,Korikan,Standard,200,,
10/15/2024,Gampaha,Export,Peedunu,Premium,8000,,
10/15/2024,Gampaha,Export,Peedunu,Standard,6000,,
10/15/2024,Gampaha,Export,Kanda,Premium,6000,,
10/15/2024,Gampaha,Export,Kanda,Standard,5000,,
10/15/2024,Gampaha,Local,Peedunu,Premium,5500,,
10/15/2024,Gampaha,Local,Peedunu,Standard,4000,,
10/15/2024,Gampaha,Local,Keti,Premium,3000,,
10/15/2024,Gampaha,Local,Keti,Standard,2000,,
10/15/2024,Gampaha,Local,Korikan,Premium,750,,
10/15/2024,Gampaha,Local,Korikan,Standard,500,,
10/22/2024,Kurunegala,Export,Peedunu,Premium,10000,,
10/22/2024,Kurunegala,Export,Peedunu,Standard,8000,,
10/22/2024,Kurunegala,Export,Kanda,Premium,7500,,
10/22/2024,Kurunegala,Export,Kanda,Standard,6000,,
10/22/2024,Kurunegala,Local,Peedunu,Premium,5000,,
10/22/2024,Kurunegala,Local,Peedunu,Standard,4000,,
10/22/2024,Kurunegala,Local,Keti,Premium,3000,,
10/22/2024,Kurunegala,Local,Keti,Standard,2000,,
10/22/2024,Kurunegala,Local,Korikan,Premium,400,,
10/22/2024,Kurunegala,Local,Korikan,Standard,200,,
10/22/2024,Gampaha,Export,Peedunu,Premium,8000,,
10/22/2024,Gampaha,Export,Peedunu,Standard,6000,,
10/22/2024,Gampaha,Export,Kanda,Premium,6000,,
10/22/2024,Gampaha,Export,Kanda,Standard,5000,,
10/22/2024,Gampaha,Local,Peedunu,Premium,5500,,
10/22/2024,Gampaha,Local,Peedunu,Standard,4000,,
10/22/2024,Gampaha,Local,Keti,Premium,3000,,
10/22/2024,Gampaha,Local,Keti,Standard,2000,,
10/22/2024,Gampaha,Local,Korikan,Premium,750,,
10/22/2024,Gampaha,Local,Korikan,Standard,500,,
10/29/2024,Kurunegala,Export,Peedunu,Premium,12000,,
10/29/2024,Kurunegala,Export,Peedunu,Standard,10000,,
10/29/2024,Kurunegala,Export,Kanda,Premium,8000,,
10/29/2024,Kurunegala,Export,Kanda,Standard,6000,,
10/29/2024,Kurunegala,Local,Peedunu,Premium,6000,,
10/29/2024,Kurunegala,Local,Peedunu,Standard,5000,,
10/29/2024,Kurunegala,Local,Keti,Premium,4000,,
10/29/2024,Kurunegala,Local,Keti,Standard,3000,,
10/29/2024,Kurunegala,Local,Korikan,Premium,1000,,
10/29/2024,Kurunegala,Local,Korikan,Standard,800,,
10/29/2024,Gampaha,Export,Peedunu,Premium,10000,,
10/29/2024,Gampaha,Export,Peedunu,Standard,8000,,
10/29/2024,Gampaha,Export,Kanda,Premium,8000,,
10/29/2024,Gampaha,Export,Kanda,Standard,6000,,
10/29/2024,Gampaha,Local,Peedunu,Premium,5000,,
10/29/2024,Gampaha,Local,Peedunu,Standard,4000,,
10/29/2024,Gampaha,Local,Keti,Premium,3000,,
10/29/2024,Gampaha,Local,Keti,Standard,2000,,
10/29/2024,Gampaha,Local,Korikan,Premium,750,,
10/29/2024,Gampaha,Local,Korikan,Standard,500,,
11/5/2024,Kurunegala,Export,Peedunu,Premium,12000,,
11/5/2024,Kurunegala,Export,Peedunu,Standard,10000,,
11/5/2024,Kurunegala,Export,Kanda,Premium,9000,,
11/5/2024,Kurunegala,Export,Kanda,Standard,7000,,
11/5/2024,Kurunegala,Local,Peedunu,Premium,6000,,
11/5/2024,Kurunegala,Local,Peedunu,Standard,5000,,
11/5/2024,Kurunegala,Local,Keti,Premium,3500,,
11/5/2024,Kurunegala,Local,Keti,Standard,3000,,
11/5/2024,Kurunegala,Local,Korikan,Premium,1100,,
11/5/2024,Kurunegala,Local,Korikan,Standard,900,,
11/5/2024,Gampaha,Export,Peedunu,Premium,12000,,
11/5/2024,Gampaha,Export,Peedunu,Standard,8000,,
11/5/2024,Gampaha,Export,Kanda,Premium,8000,,
11/5/2024,Gampaha,Export,Kanda,Standard,6000,,
11/5/2024,Gampaha,Local,Peedunu,Premium,5000,,
11/5/2024,Gampaha,Local,Peedunu,Standard,4000,,
11/5/2024,Gampaha,Local,Keti,Premium,3000,,
11/5/2024,Gampaha,Local,Keti,Standard,2000,,
11/5/2024,Gampaha,Local,Korikan,Premium,750,,
11/5/2024,Gampaha,Local,Korikan,Standard,500,,
11/12/2024,Kurunegala,Export,Peedunu,Premium,12000,,
11/12/2024,Kurunegala,Export,Peedunu,Standard,10000,,
11/12/2024,Kurunegala,Export,Kanda,Premium,9000,,
11/12/2024,Kurunegala,Export,Kanda,Standard,7000,,
11/12/2024,Kurunegala,Local,Peedunu,Premium,6000,,
11/12/2024,Kurunegala,Local,Peedunu,Standard,5000,,
11/12/2024,Kurunegala,Local,Keti,Premium,3500,,
11/12/2024,Kurunegala,Local,Keti,Standard,3000,,
11/12/2024,Kurunegala,Local,Korikan,Premium,1100,,
11/12/2024,Kurunegala,Local,Korikan,Standard,900,,
11/12/2024,Gampaha,Export,Peedunu,Premium,12000,,
11/12/2024,Gampaha,Export,Peedunu,Standard,8000,,
11/12/2024,Gampaha,Export,Kanda,Premium,8000,,
11/12/2024,Gampaha,Export,Kanda,Standard,6000,,
11/12/2024,Gampaha,Local,Peedunu,Premium,5000,,
11/12/2024,Gampaha,Local,Peedunu,Standard,4000,,
11/12/2024,Gampaha,Local,Keti,Premium,3000,,
11/12/2024,Gampaha,Local,Keti,Standard,2000,,
11/12/2024,Gampaha,Local,Korikan,Premium,750,,
11/12/2024,Gampaha,Local,Korikan,Standard,500,,
11/19/2024,Kurunegala,Export,Peedunu,Premium,10000,,
11/19/2024,Kurunegala,Export,Peedunu,Standard,8000,,
11/19/2024,Kurunegala,Export,Kanda,Premium,6000,,
11/19/2024,Kurunegala,Export,Kanda,Standard,4000,,
11/19/2024,Kurunegala,Local,Peedunu,Premium,5000,,
11/19/2024,Kurunegala,Local,Peedunu,Standard,4000,,
11/19/2024,Kurunegala,Local,Keti,Premium,3500,,
11/19/2024,Kurunegala,Local,Keti,Standard,3000,,
11/19/2024,Kurunegala,Local,Korikan,Premium,1200,,
11/19/2024,Kurunegala,Local,Korikan,Standard,1000,,
11/19/2024,Gampaha,Export,Peedunu,Premium,12000,,
11/19/2024,Gampaha,Export,Peedunu,Standard,8000,,
11/19/2024,Gampaha,Export,Kanda,Premium,8000,,
11/19/2024,Gampaha,Export,Kanda,Standard,6000,,
11/19/2024,Gampaha,Local,Peedunu,Premium,5000,,
11/19/2024,Gampaha,Local,Peedunu,Standard,4000,,
11/19/2024,Gampaha,Local,Keti,Premium,3000,,
11/19/2024,Gampaha,Local,Keti,Standard,2000,,
11/19/2024,Gampaha,Local,Korikan,Premium,750,,
11/19/2024,Gampaha,Local,Korikan,Standard,500,,
11/26/2024,Kurunegala,Export,Peedunu,Premium,10000,,
11/26/2024,Kurunegala,Export,Peedunu,Standard,8000,,
11/26/2024,Kurunegala,Export,Kanda,Premium,6000,,
11/26/2024,Kurunegala,Export,Kanda,Standard,4000,,
11/26/2024,Kurunegala,Local,Peedunu,Premium,5000,,
11/26/2024,Kurunegala,Local,Peedunu,Standard,4000,,
11/26/2024,Kurunegala,Local,Keti,Premium,3500,,
11/26/2024,Kurunegala,Local,Keti,Standard,3000,,
11/26/2024,Kurunegala,Local,Korikan,Premium,1200,,
11/26/2024,Kurunegala,Local,Korikan,Standard,1000,,
11/26/2024,Gampaha,Export,Peedunu,Premium,8000,,
11/26/2024,Gampaha,Export,Peedunu,Standard,6000,,
11/26/2024,Gampaha,Export,Kanda,Premium,6000,,
11/26/2024,Gampaha,Export,Kanda,Standard,4000,,
11/26/2024,Gampaha,Local,Peedunu,Premium,3000,,
11/26/2024,Gampaha,Local,Peedunu,Standard,2000,,
11/26/2024,Gampaha,Local,Keti,Premium,2000,,
11/26/2024,Gampaha,Local,Keti,Standard,1000,,
11/26/2024,Gampaha,Local,Korikan,Premium,500,,
11/26/2024,Gampaha,Local,Korikan,Standard,300,,
12/3/2024,Kurunegala,Export,Peedunu,Premium,8000,,
12/3/2024,Kurunegala,Export,Peedunu,Standard,6000,,
12/3/2024,Kurunegala,Export,Kanda,Premium,6000,,
12/3/2024,Kurunegala,Export,Kanda,Standard,4000,,
12/3/2024,Kurunegala,Local,Peedunu,Premium,5000,,
12/3/2024,Kurunegala,Local,Peedunu,Standard,4000,,
12/3/2024,Kurunegala,Local,Keti,Premium,3000,,
12/3/2024,Kurunegala,Local,Keti,Standard,2000,,
12/3/2024,Kurunegala,Local,Korikan,Premium,1000,,
12/3/2024,Kurunegala,Local,Korikan,Standard,800,,
12/3/2024,Gampaha,Export,Peedunu,Premium,12000,,
12/3/2024,Gampaha,Export,Peedunu,Standard,8000,,
12/3/2024,Gampaha,Export,Kanda,Premium,8000,,
12/3/2024,Gampaha,Export,Kanda,Standard,6000,,
12/3/2024,Gampaha,Local,Peedunu,Premium,5000,,
12/3/2024,Gampaha,Local,Peedunu,Standard,4000,,
12/3/2024,Gampaha,Local,Keti,Premium,3000,,
12/3/2024,Gampaha,Local,Keti,Standard,2000,,
12/3/2024,Gampaha,Local,Korikan,Premium,750,,
12/3/2024,Gampaha,Local,Korikan,Standard,500,,
12/10/2024,Kurunegala,Export,Peedunu,Premium,12000,,
12/10/2024,Kurunegala,Export,Peedunu,Standard,10000,,
12/10/2024,Kurunegala,Export,Kanda,Premium,10000,,
12/10/2024,Kurunegala,Export,Kanda,Standard,8000,,
12/10/2024,Kurunegala,Local,Peedunu,Premium,5500,,
12/10/2024,Kurunegala,Local,Peedunu,Standard,5000,,
12/10/2024,Kurunegala,Local,Keti,Premium,4000,,
12/10/2024,Kurunegala,Local,Keti,Standard,3000,,
12/10/2024,Kurunegala,Local,Korikan,Premium,1100,,
12/10/2024,Kurunegala,Local,Korikan,Standard,1000,,
12/10/2024,Gampaha,Export,Peedunu,Premium,12000,,
12/10/2024,Gampaha,Export,Peedunu,Standard,8000,,
12/10/2024,Gampaha,Export,Kanda,Premium,8000,,
12/10/2024,Gampaha,Export,Kanda,Standard,6000,,
12/10/2024,Gampaha,Local,Peedunu,Premium,5000,,
12/10/2024,Gampaha,Local,Peedunu,Standard,4000,,
12/10/2024,Gampaha,Local,Keti,Premium,3000,,
12/10/2024,Gampaha,Local,Keti,Standard,2000,,
12/10/2024,Gampaha,Local,Korikan,Premium,750,,
12/10/2024,Gampaha,Local,Korikan,Standard,500,,
12/17/2024,Kurunegala,Export,Peedunu,Premium,12000,,
12/17/2024,Kurunegala,Export,Peedunu,Standard,10000,,
12/17/2024,Kurunegala,Export,Kanda,Premium,8000,,
12/17/2024,Kurunegala,Export,Kanda,Standard,6000,,
12/17/2024,Kurunegala,Local,Peedunu,Premium,5500,,
12/17/2024,Kurunegala,Local,Peedunu,Standard,5000,,
12/17/2024,Kurunegala,Local,Keti,Premium,4000,,
12/17/2024,Kurunegala,Local,Keti,Standard,3000,,
12/17/2024,Kurunegala,Local,Korikan,Premium,1100,,
12/17/2024,Kurunegala,Local,Korikan,Standard,1000,,
12/17/2024,Gampaha,Export,Peedunu,Premium,12000,,
12/17/2024,Gampaha,Export,Peedunu,Standard,8000,,
12/17/2024,Gampaha,Export,Kanda,Premium,8000,,
12/17/2024,Gampaha,Export,Kanda,Standard,6000,,
12/17/2024,Gampaha,Local,Peedunu,Premium,5000,,
12/17/2024,Gampaha,Local,Peedunu,Standard,4000,,
12/17/2024,Gampaha,Local,Keti,Premium,3000,,
12/17/2024,Gampaha,Local,Keti,Standard,2000,,
12/17/2024,Gampaha,Local,Korikan,Premium,750,,
12/17/2024,Gampaha,Local,Korikan,Standard,500,,
12/24/2024,Kurunegala,Export,Peedunu,Premium,13000,,
12/24/2024,Kurunegala,Export,Peedunu,Standard,11000,,
12/24/2024,Kurunegala,Export,Kanda,Premium,9000,,
12/24/2024,Kurunegala,Export,Kanda,Standard,7000,,
12/24/2024,Kurunegala,Local,Peedunu,Premium,5500,,
12/24/2024,Kurunegala,Local,Peedunu,Standard,5000,,
12/24/2024,Kurunegala,Local,Keti,Premium,4000,,
12/24/2024,Kurunegala,Local,Keti,Standard,3000,,
12/24/2024,Kurunegala,Local,Korikan,Premium,1100,,
12/24/2024,Kurunegala,Local,Korikan,Standard,1000,,
12/24/2024,Gampaha,Export,Peedunu,Premium,13000,,
12/24/2024,Gampaha,Export,Peedunu,Standard,11000,,
12/24/2024,Gampaha,Export,Kanda,Premium,9000,,
12/24/2024,Gampaha,Export,Kanda,Standard,7000,,
12/24/2024,Gampaha,Local,Peedunu,Premium,6000,,
12/24/2024,Gampaha,Local,Peedunu,Standard,5000,,
12/24/2024,Gampaha,Local,Keti,Premium,4000,,
12/24/2024,Gampaha,Local,Keti,Standard,3000,,
12/24/2024,Gampaha,Local,Korikan,Premium,1000,,
12/24/2024,Gampaha,Local,Korikan,Standard,750,,
12/31/2024,Kurunegala,Export,Peedunu,Premium,12000,,
12/31/2024,Kurunegala,Export,Peedunu,Standard,10500,,
12/31/2024,Kurunegala,Export,Kanda,Premium,9000,,
12/31/2024,Kurunegala,Export,Kanda,Standard,8000,,
12/31/2024,Kurunegala,Local,Peedunu,Premium,6500,,
12/31/2024,Kurunegala,Local,Peedunu,Standard,5500,,
12/31/2024,Kurunegala,Local,Keti,Premium,5000,,
12/31/2024,Kurunegala,Local,Keti,Standard,4000,,
12/31/2024,Kurunegala,Local,Korikan,Premium,1200,,
12/31/2024,Kurunegala,Local,Korikan,Standard,1000,,
12/31/2024,Gampaha,Export,Peedunu,Premium,12000,,
12/31/2024,Gampaha,Export,Peedunu,Standard,10000,,
12/31/2024,Gampaha,Export,Kanda,Premium,8000,,
12/31/2024,Gampaha,Export,Kanda,Standard,6000,,
12/31/2024,Gampaha,Local,Peedunu,Premium,6000,,
12/31/2024,Gampaha,Local,Peedunu,Standard,5000,,
12/31/2024,Gampaha,Local,Keti,Premium,5000,,
12/31/2024,Gampaha,Local,Keti,Standard,4000,,
12/31/2024,Gampaha,Local,Korikan,Premium,1000,,
12/31/2024,Gampaha,Local,Korikan,Standard,750,,
1/7/2025,Kurunegala,Export,Peedunu,Premium,15000,,
1/7/2025,Kurunegala,Export,Peedunu,Standard,12000,,
1/7/2025,Kurunegala,Export,Kanda,Premium,10000,,
1/7/2025,Kurunegala,Export,Kanda,Standard,9000,,
1/7/2025,Kurunegala,Local,Peedunu,Premium,6500,,
1/7/2025,Kurunegala,Local,Peedunu,Standard,5500,,
1/7/2025,Kurunegala,Local,Keti,Premium,4500,,
1/7/2025,Kurunegala,Local,Keti,Standard,4000,,
1/7/2025,Kurunegala,Local,Korikan,Premium,1500,,
1/7/2025,Kurunegala,Local,Korikan,Standard,1300,,
1/7/2025,Gampaha,Export,Peedunu,Premium,13000,,
1/7/2025,Gampaha,Export,Peedunu,Standard,11000,,
1/7/2025,Gampaha,Export,Kanda,Premium,9000,,
1/7/2025,Gampaha,Export,Kanda,Standard,7000,,
1/7/2025,Gampaha,Local,Peedunu,Premium,7000,,
1/7/2025,Gampaha,Local,Peedunu,Standard,6000,,
1/7/2025,Gampaha,Local,Keti,Premium,4000,,
1/7/2025,Gampaha,Local,Keti,Standard,3000,,
1/7/2025,Gampaha,Local,Korikan,Premium,1000,,
1/7/2025,Gampaha,Local,Korikan,Standard,750,,
1/15/2025,Kurunegala,Export,Peedunu,Premium,13000,,
1/15/2025,Kurunegala,Export,Peedunu,Standard,11000,,
1/15/2025,Kurunegala,Export,Kanda,Premium,9000,,
1/15/2025,Kurunegala,Export,Kanda,Standard,7000,,
1/15/2025,Kurunegala,Local,Peedunu,Premium,5000,,
1/15/2025,Kurunegala,Local,Peedunu,Standard,5000,,
1/15/2025,Kurunegala,Local,Keti,Premium,3500,,
1/15/2025,Kurunegala,Local,Keti,Standard,3500,,
1/15/2025,Kurunegala,Local,Korikan,Premium,1000,,
1/15/2025,Kurunegala,Local,Korikan,Standard,750,,
1/15/2025,Gampaha,Export,Peedunu,Premium,13000,,
1/15/2025,Gampaha,Export,Peedunu,Standard,11000,,
1/15/2025,Gampaha,Export,Kanda,Premium,9000,,
1/15/2025,Gampaha,Export,Kanda,Standard,7000,,
1/15/2025,Gampaha,Local,Peedunu,Premium,7000,,
1/15/2025,Gampaha,Local,Peedunu,Standard,6000,,
1/15/2025,Gampaha,Local,Keti,Premium,4000,,
1/15/2025,Gampaha,Local,Keti,Standard,3000,,
1/15/2025,Gampaha,Local,Korikan,Premium,1000,,
1/15/2025,Gampaha,Local,Korikan,Standard,750,,
1/21/2025,Kurunegala,Export,Peedunu,Premium,12000,,
1/21/2025,Kurunegala,Export,Peedunu,Standard,10000,,
1/21/2025,Kurunegala,Export,Kanda,Premium,8000,,
1/21/2025,Kurunegala,Export,Kanda,Standard,7000,,
1/21/2025,Kurunegala,Local,Peedunu,Premium,4500,,
1/21/2025,Kurunegala,Local,Peedunu,Standard,4000,,
1/21/2025,Kurunegala,Local,Keti,Premium,3000,,
1/21/2025,Kurunegala,Local,Keti,Standard,2000,,
1/21/2025,Kurunegala,Local,Korikan,Premium,1000,,
1/21/2025,Kurunegala,Local,Korikan,Standard,800,,
1/21/2025,Gampaha,Export,Peedunu,Premium,15000,,
1/21/2025,Gampaha,Export,Peedunu,Standard,12000,,
1/21/2025,Gampaha,Export,Kanda,Premium,12000,,
1/21/2025,Gampaha,Export,Kanda,Standard,10000,,
1/21/2025,Gampaha,Local,Peedunu,Premium,7000,,
1/21/2025,Gampaha,Local,Peedunu,Standard,6000,,
1/21/2025,Gampaha,Local,Keti,Premium,4000,,
1/21/2025,Gampaha,Local,Keti,Standard,3000,,
1/21/2025,Gampaha,Local,Korikan,Premium,1000,,
1/21/2025,Gampaha,Local,Korikan,Standard,750,,
1/28/2025,Kurunegala,Export,Peedunu,Premium,12000,,
1/28/2025,Kurunegala,Export,Peedunu,Standard,10000,,
1/28/2025,Kurunegala,Export,Kanda,Premium,8000,,
1/28/2025,Kurunegala,Export,Kanda,Standard,7000,,
1/28/2025,Kurunegala,Local,Peedunu,Premium,4500,,
1/28/2025,Kurunegala,Local,Peedunu,Standard,4000,,
1/28/2025,Kurunegala,Local,Keti,Premium,3500,,
1/28/2025,Kurunegala,Local,Keti,Standard,3000,,
1/28/2025,Kurunegala,Local,Korikan,Premium,1000,,
1/28/2025,Kurunegala,Local,Korikan,Standard,800,,
1/28/2025,Gampaha,Export,Peedunu,Premium,15000,,
1/28/2025,Gampaha,Export,Peedunu,Standard,12000,,
1/28/2025,Gampaha,Export,Kanda,Premium,12000,,
1/28/2025,Gampaha,Export,Kanda,Standard,10000,,
1/28/2025,Gampaha,Local,Peedunu,Premium,7000,,
1/28/2025,Gampaha,Local,Peedunu,Standard,6000,,
1/28/2025,Gampaha,Local,Keti,Premium,4000,,
1/28/2025,Gampaha,Local,Keti,Standard,3000,,
1/28/2025,Gampaha,Local,Korikan,Premium,1000,,
1/28/2025,Gampaha,Local,Korikan,Standard,750,,
2/5/2025,Kurunegala,Export,Peedunu,Premium,15000,,
2/5/2025,Kurunegala,Export,Peedunu,Standard,12000,,
2/5/2025,Kurunegala,Export,Kanda,Premium,12000,,
2/5/2025,Kurunegala,Export,Kanda,Standard,10000,,
2/5/2025,Kurunegala,Local,Peedunu,Premium,5500,,
2/5/2025,Kurunegala,Local,Peedunu,Standard,5500,,
2/5/2025,Kurunegala,Local,Keti,Premium,4000,,
2/5/2025,Kurunegala,Local,Keti,Standard,4000,,
2/5/2025,Kurunegala,Local,Korikan,Premium,1000,,
2/5/2025,Kurunegala,Local,Korikan,Standard,750,,
2/5/2025,Gampaha,Export,Peedunu,Premium,15000,,
2/5/2025,Gampaha,Export,Peedunu,Standard,12000,,
2/5/2025,Gampaha,Export,Kanda,Premium,12000,,
2/5/2025,Gampaha,Export,Kanda,Standard,10000,,
2/5/2025,Gampaha,Local,Peedunu,Premium,7000,,
2/5/2025,Gampaha,Local,Peedunu,Standard,6000,,
2/5/2025,Gampaha,Local,Keti,Premium,4000,,
2/5/2025,Gampaha,Local,Keti,Standard,3000,,
2/5/2025,Gampaha,Local,Korikan,Premium,1000,,
2/5/2025,Gampaha,Local,Korikan,Standard,750,,
2/11/2025,Kurunegala,Export,Peedunu,Premium,12000,,
2/11/2025,Kurunegala,Export,Peedunu,Standard,10000,,
2/11/2025,Kurunegala,Export,Kanda,Premium,8000,,
2/11/2025,Kurunegala,Export,Kanda,Standard,7000,,
2/11/2025,Kurunegala,Local,Peedunu,Premium,6000,,
2/11/2025,Kurunegala,Local,Peedunu,Standard,5000,,
2/11/2025,Kurunegala,Local,Keti,Premium,4000,,
2/11/2025,Kurunegala,Local,Keti,Standard,3500,,
2/11/2025,Kurunegala,Local,Korikan,Premium,1500,,
2/11/2025,Kurunegala,Local,Korikan,Standard,1000,,
2/11/2025,Gampaha,Export,Peedunu,Premium,10000,,
2/11/2025,Gampaha,Export,Peedunu,Standard,8000,,
2/11/2025,Gampaha,Export,Kanda,Premium,8000,,
2/11/2025,Gampaha,Export,Kanda,Standard,6000,,
2/11/2025,Gampaha,Local,Peedunu,Premium,6000,,
2/11/2025,Gampaha,Local,Peedunu,Standard,5000,,
2/11/2025,Gampaha,Local,Keti,Premium,5000,,
2/11/2025,Gampaha,Local,Keti,Standard,4000,,
2/11/2025,Gampaha,Local,Korikan,Premium,1000,,
2/11/2025,Gampaha,Local,Korikan,Standard,750,,
2/18/2025,Kurunegala,Export,Peedunu,Premium,15000,,
2/18/2025,Kurunegala,Export,Peedunu,Standard,13000,,
2/18/2025,Kurunegala,Export,Kanda,Premium,10000,,
2/18/2025,Kurunegala,Export,Kanda,Standard,9000,,
2/18/2025,Kurunegala,Local,Peedunu,Premium,6500,,
2/18/2025,Kurunegala,Local,Peedunu,Standard,6000,,
2/18/2025,Kurunegala,Local,Keti,Premium,4500,,
2/18/2025,Kurunegala,Local,Keti,Standard,4000,,
2/18/2025,Kurunegala,Local,Korikan,Premium,2500,,
2/18/2025,Kurunegala,Local,Korikan,Standard,2000,,
2/18/2025,Gampaha,Export,Peedunu,Premium,10000,,
2/18/2025,Gampaha,Export,Peedunu,Standard,8000,,
2/18/2025,Gampaha,Export,Kanda,Premium,8000,,
2/18/2025,Gampaha,Export,Kanda,Standard,6000,,
2/18/2025,Gampaha,Local,Peedunu,Premium,6000,,
2/18/2025,Gampaha,Local,Peedunu,Standard,5000,,
2/18/2025,Gampaha,Local,Keti,Premium,5000,,
2/18/2025,Gampaha,Local,Keti,Standard,4000,,
2/18/2025,Gampaha,Local,Korikan,Premium,1000,,
2/18/2025,Gampaha,Local,Korikan,Standard,750,,
2/25/2025,Kurunegala,Export,Peedunu,Premium,12000,,
2/25/2025,Kurunegala,Export,Peedunu,Standard,11000,,
2/25/2025,Kurunegala,Export,Kanda,Premium,8000,,
2/25/2025,Kurunegala,Export,Kanda,Standard,7000,,
2/25/2025,Kurunegala,Local,Peedunu,Premium,6000,,
2/25/2025,Kurunegala,Local,Peedunu,Standard,5000,,
2/25/2025,Kurunegala,Local,Keti,Premium,4500,,
2/25/2025,Kurunegala,Local,Keti,Standard,4000,,
2/25/2025,Kurunegala,Local,Korikan,Premium,2000,,
2/25/2025,Kurunegala,Local,Korikan,Standard,1500,,
2/25/2025,Gampaha,Export,Peedunu,Premium,10000,,
2/25/2025,Gampaha,Export,Peedunu,Standard,8000,,
2/25/2025,Gampaha,Export,Kanda,Premium,8000,,
2/25/2025,Gampaha,Export,Kanda,Standard,6000,,
2/25/2025,Gampaha,Local,Peedunu,Premium,6000,,
2/25/2025,Gampaha,Local,Peedunu,Standard,5000,,
2/25/2025,Gampaha,Local,Keti,Premium,5000,,
2/25/2025,Gampaha,Local,Keti,Standard,4000,,
2/25/2025,Gampaha,Local,Korikan,Premium,1000,,
2/25/2025,Gampaha,Local,Korikan,Standard,750,,
3/4/2025,Kurunegala,Export,Peedunu,Premium,10000,,
3/4/2025,Kurunegala,Export,Peedunu,Standard,9000,,
3/4/2025,Kurunegala,Export,Kanda,Premium,6000,,
3/4/2025,Kurunegala,Export,Kanda,Standard,5000,,
3/4/2025,Kurunegala,Local,Peedunu,Premium,5500,,
3/4/2025,Kurunegala,Local,Peedunu,Standard,4500,,
3/4/2025,Kurunegala,Local,Keti,Premium,3500,,
3/4/2025,Kurunegala,Local,Keti,Standard,3000,,
3/4/2025,Kurunegala,Local,Korikan,Premium,1500,,
3/4/2025,Kurunegala,Local,Korikan,Standard,1000,,
3/4/2025,Gampaha,Export,Peedunu,Premium,8000,,
3/4/2025,Gampaha,Export,Peedunu,Standard,6000,,
3/4/2025,Gampaha,Export,Kanda,Premium,6000,,
3/4/2025,Gampaha,Export,Kanda,Standard,4000,,
3/4/2025,Gampaha,Local,Peedunu,Premium,5000,,
3/4/2025,Gampaha,Local,Peedunu,Standard,4000,,
3/4/2025,Gampaha,Local,Keti,Premium,4000,,
3/4/2025,Gampaha,Local,Keti,Standard,3000,,
3/4/2025,Gampaha,Local,Korikan,Premium,1000,,
3/4/2025,Gampaha,Local,Korikan,Standard,750,,
3/11/2025,Kurunegala,Export,Peedunu,Premium,12000,,
3/11/2025,Kurunegala,Export,Peedunu,Standard,10000,,
3/11/2025,Kurunegala,Export,Kanda,Premium,9000,,
3/11/2025,Kurunegala,Export,Kanda,Standard,8000,,
3/11/2025,Kurunegala,Local,Peedunu,Premium,8000,,
3/11/2025,Kurunegala,Local,Peedunu,Standard,7000,,
3/11/2025,Kurunegala,Local,Keti,Premium,6000,,
3/11/2025,Kurunegala,Local,Keti,Standard,5000,,
3/11/2025,Kurunegala,Local,Korikan,Premium,3000,,
3/11/2025,Kurunegala,Local,Korikan,Standard,2000,,
3/11/2025,Gampaha,Export,Peedunu,Premium,12000,,
3/11/2025,Gampaha,Export,Peedunu,Standard,10000,,
3/11/2025,Gampaha,Export,Kanda,Premium,10000,,
3/11/2025,Gampaha,Export,Kanda,Standard,8000,,
3/11/2025,Gampaha,Local,Peedunu,Premium,8000,,
3/11/2025,Gampaha,Local,Peedunu,Standard,6000,,
3/11/2025,Gampaha,Local,Keti,Premium,6000,,
3/11/2025,Gampaha,Local,Keti,Standard,4000,,
3/11/2025,Gampaha,Local,Korikan,Premium,1000,,
3/11/2025,Gampaha,Local,Korikan,Standard,750,,
3/18/2025,Kurunegala,Export,Peedunu,Premium,15000,,
3/18/2025,Kurunegala,Export,Peedunu,Standard,12000,,
3/18/2025,Kurunegala,Export,Kanda,Premium,10000,,
3/18/2025,Kurunegala,Export,Kanda,Standard,9000,,
3/18/2025,Kurunegala,Local,Peedunu,Premium,9000,,
3/18/2025,Kurunegala,Local,Peedunu,Standard,7500,,
3/18/2025,Kurunegala,Local,Keti,Premium,7500,,
3/18/2025,Kurunegala,Local,Keti,Standard,5500,,
3/18/2025,Kurunegala,Local,Korikan,Premium,3000,,
3/18/2025,Kurunegala,Local,Korikan,Standard,2000,,
3/18/2025,Gampaha,Export,Peedunu,Premium,20000,,
3/18/2025,Gampaha,Export,Peedunu,Standard,16000,,
3/18/2025,Gampaha,Export,Kanda,Premium,16000,,
3/18/2025,Gampaha,Export,Kanda,Standard,12000,,
3/18/2025,Gampaha,Local,Peedunu,Premium,10000,,
3/18/2025,Gampaha,Local,Peedunu,Standard,8000,,
3/18/2025,Gampaha,Local,Keti,Premium,8000,,
3/18/2025,Gampaha,Local,Keti,Standard,6000,,
3/18/2025,Gampaha,Local,Korikan,Premium,1500,,
3/18/2025,Gampaha,Local,Korikan,Standard,1000,,
3/25/2025,Kurunegala,Export,Peedunu,Premium,25000,,
3/25/2025,Kurunegala,Export,Peedunu,Standard,20000,,
3/25/2025,Kurunegala,Export,Kanda,Premium,15000,,
3/25/2025,Kurunegala,Export,Kanda,Standard,10000,,
3/25/2025,Kurunegala,Local,Peedunu,Premium,11000,,
3/25/2025,Kurunegala,Local,Peedunu,Standard,9000,,
3/25/2025,Kurunegala,Local,Keti,Premium,7000,,
3/25/2025,Kurunegala,Local,Keti,Standard,6000,,
3/25/2025,Kurunegala,Local,Korikan,Premium,3000,,
3/25/2025,Kurunegala,Local,Korikan,Standard,2000,,
3/25/2025,Gampaha,Export,Peedunu,Premium,22000,,
3/25/2025,Gampaha,Export,Peedunu,Standard,18000,,
3/25/2025,Gampaha,Export,Kanda,Premium,18000,,
3/25/2025,Gampaha,Export,Kanda,Standard,16000,,
3/25/2025,Gampaha,Local,Peedunu,Premium,10000,,
3/25/2025,Gampaha,Local,Peedunu,Standard,8000,,
3/25/2025,Gampaha,Local,Keti,Premium,8000,,
3/25/2025,Gampaha,Local,Keti,Standard,6000,,
3/25/2025,Gampaha,Local,Korikan,Premium,1500,,
3/25/2025,Gampaha,Local,Korikan,Standard,1000,,
4/1/2025,Kurunegala,Export,Peedunu,Premium,15000,,
4/1/2025,Kurunegala,Export,Peedunu,Standard,12000,,
4/1/2025,Kurunegala,Export,Kanda,Premium,10000,,
4/1/2025,Kurunegala,Export,Kanda,Standard,8000,,
4/1/2025,Kurunegala,Local,Peedunu,Premium,9000,,
4/1/2025,Kurunegala,Local,Peedunu,Standard,8000,,
4/1/2025,Kurunegala,Local,Keti,Premium,6500,,
4/1/2025,Kurunegala,Local,Keti,Standard,5500,,
4/1/2025,Kurunegala,Local,Korikan,Premium,2000,,
4/1/2025,Kurunegala,Local,Korikan,Standard,2000,,
4/1/2025,Gampaha,Export,Peedunu,Premium,20000,,
4/1/2025,Gampaha,Export,Peedunu,Standard,15000,,
4/1/2025,Gampaha,Export,Kanda,Premium,15000,,
4/1/2025,Gampaha,Export,Kanda,Standard,12000,,
4/1/2025,Gampaha,Local,Peedunu,Premium,10000,,
4/1/2025,Gampaha,Local,Peedunu,Standard,8000,,
4/1/2025,Gampaha,Local,Keti,Premium,8000,,
4/1/2025,Gampaha,Local,Keti,Standard,6000,,
4/1/2025,Gampaha,Local,Korikan,Premium,1500,,
4/1/2025,Gampaha,Local,Korikan,Standard,1000,,
4/8/2025,Kurunegala,Export,Peedunu,Premium,15000,,
4/8/2025,Kurunegala,Export,Peedunu,Standard,10000,,
4/8/2025,Kurunegala,Export,Kanda,Premium,9000,,
4/8/2025,Kurunegala,Export,Kanda,Standard,8000,,
4/8/2025,Kurunegala,Local,Peedunu,Premium,7000,,
4/8/2025,Kurunegala,Local,Peedunu,Standard,6000,,
4/8/2025,Kurunegala,Local,Keti,Premium,3500,,
4/8/2025,Kurunegala,Local,Keti,Standard,2000,,
4/8/2025,Kurunegala,Local,Korikan,Premium,1000,,
4/8/2025,Kurunegala,Local,Korikan,Standard,800,,
4/8/2025,Gampaha,Export,Peedunu,Premium,20000,,
4/8/2025,Gampaha,Export,Peedunu,Standard,15000,,
4/8/2025,Gampaha,Export,Kanda,Premium,15000,,
4/8/2025,Gampaha,Export,Kanda,Standard,12000,,
4/8/2025,Gampaha,Local,Peedunu,Premium,7000,,
4/8/2025,Gampaha,Local,Peedunu,Standard,6000,,
4/8/2025,Gampaha,Local,Keti,Premium,5000,,
4/8/2025,Gampaha,Local,Keti,Standard,4000,,
4/8/2025,Gampaha,Local,Korikan,Premium,1000,,
4/8/2025,Gampaha,Local,Korikan,Standard,750,,
4/22/2025,Kurunegala,Export,Peedunu,Premium,15000,,
4/22/2025,Kurunegala,Export,Peedunu,Standard,10000,,
4/22/2025,Kurunegala,Export,Kanda,Premium,11000,,
4/22/2025,Kurunegala,Export,Kanda,Standard,10000,,
4/22/2025,Kurunegala,Local,Peedunu,Premium,7000,,
4/22/2025,Kurunegala,Local,Peedunu,Standard,6000,,
4/22/2025,Kurunegala,Local,Keti,Premium,5000,,
4/22/2025,Kurunegala,Local,Keti,Standard,4000,,
4/22/2025,Kurunegala,Local,Korikan,Premium,1500,,
4/22/2025,Kurunegala,Local,Korikan,Standard,1000,,
4/22/2025,Gampaha,Export,Peedunu,Premium,15000,,
4/22/2025,Gampaha,Export,Peedunu,Standard,12000,,
4/22/2025,Gampaha,Export,Kanda,Premium,10000,,
4/22/2025,Gampaha,Export,Kanda,Standard,8000,,
4/22/2025,Gampaha,Local,Peedunu,Premium,6000,,
4/22/2025,Gampaha,Local,Peedunu,Standard,4000,,
4/22/2025,Gampaha,Local,Keti,Premium,3000,,
4/22/2025,Gampaha,Local,Keti,Standard,2000,,
4/22/2025,Gampaha,Local,Korikan,Premium,750,,
4/22/2025,Gampaha,Local,Korikan,Standard,500,,
4/29/2025,Kurunegala,Export,Peedunu,Premium,12000,,
4/29/2025,Kurunegala,Export,Peedunu,Standard,10000,,
4/29/2025,Kurunegala,Export,Kanda,Premium,9000,,
4/29/2025,Kurunegala,Export,Kanda,Standard,8000,,
4/29/2025,Kurunegala,Local,Peedunu,Premium,6000,,
4/29/2025,Kurunegala,Local,Peedunu,Standard,5000,,
4/29/2025,Kurunegala,Local,Keti,Premium,4000,,
4/29/2025,Kurunegala,Local,Keti,Standard,3000,,
4/29/2025,Kurunegala,Local,Korikan,Premium,800,,
4/29/2025,Kurunegala,Local,Korikan,Standard,600,,
4/29/2025,Gampaha,Export,Peedunu,Premium,15000,,
4/29/2025,Gampaha,Export,Peedunu,Standard,12000,,
4/29/2025,Gampaha,Export,Kanda,Premium,10000,,
4/29/2025,Gampaha,Export,Kanda,Standard,8000,,
4/29/2025,Gampaha,Local,Peedunu,Premium,6000,,
4/29/2025,Gampaha,Local,Peedunu,Standard,4000,,
4/29/2025,Gampaha,Local,Keti,Premium,3000,,
4/29/2025,Gampaha,Local,Keti,Standard,2000,,
4/29/2025,Gampaha,Local,Korikan,Premium,750,,
4/29/2025,Gampaha,Local,Korikan,Standard,500,,
5/7/2025,Kurunegala,Export,Peedunu,Premium,15000,,
5/7/2025,Kurunegala,Export,Peedunu,Standard,12000,,
5/7/2025,Kurunegala,Export,Kanda,Premium,10000,,
5/7/2025,Kurunegala,Export,Kanda,Standard,8000,,
5/7/2025,Kurunegala,Local,Peedunu,Premium,4000,,
5/7/2025,Kurunegala,Local,Peedunu,Standard,4000,,
5/7/2025,Kurunegala,Local,Keti,Premium,2000,,
5/7/2025,Kurunegala,Local,Keti,Standard,2000,,
5/7/2025,Kurunegala,Local,Korikan,Premium,750,,
5/7/2025,Kurunegala,Local,Korikan,Standard,500,,
5/7/2025,Gampaha,Export,Peedunu,Premium,15000,,
5/7/2025,Gampaha,Export,Peedunu,Standard,12000,,
5/7/2025,Gampaha,Export,Kanda,Premium,10000,,
5/7/2025,Gampaha,Export,Kanda,Standard,8000,,
5/7/2025,Gampaha,Local,Peedunu,Premium,6000,,
5/7/2025,Gampaha,Local,Peedunu,Standard,4000,,
5/7/2025,Gampaha,Local,Keti,Premium,3000,,
5/7/2025,Gampaha,Local,Keti,Standard,2000,,
5/7/2025,Gampaha,Local,Korikan,Premium,750,,
5/7/2025,Gampaha,Local,Korikan,Standard,500,,
5/14/2025,Kurunegala,Export,Peedunu,Premium,12000,,
5/14/2025,Kurunegala,Export,Peedunu,Standard,10000,,
5/14/2025,Kurunegala,Export,Kanda,Premium,10000,,
5/14/2025,Kurunegala,Export,Kanda,Standard,8000,,
5/14/2025,Kurunegala,Local,Peedunu,Premium,6000,,
5/14/2025,Kurunegala,Local,Peedunu,Standard,6000,,
5/14/2025,Kurunegala,Local,Keti,Premium,4000,,
5/14/2025,Kurunegala,Local,Keti,Standard,4000,,
5/14/2025,Kurunegala,Local,Korikan,Premium,750,,
5/14/2025,Kurunegala,Local,Korikan,Standard,500,,
5/14/2025,Gampaha,Export,Peedunu,Premium,12000,,
5/14/2025,Gampaha,Export,Peedunu,Standard,10000,,
5/14/2025,Gampaha,Export,Kanda,Premium,10000,,
5/14/2025,Gampaha,Export,Kanda,Standard,8000,,
5/14/2025,Gampaha,Local,Peedunu,Premium,6000,,
5/14/2025,Gampaha,Local,Peedunu,Standard,4000,,
5/14/2025,Gampaha,Local,Keti,Premium,3000,,
5/14/2025,Gampaha,Local,Keti,Standard,2000,,
5/14/2025,Gampaha,Local,Korikan,Premium,750,,
5/14/2025,Gampaha,Local,Korikan,Standard,500,,
5/20/2025,Kurunegala,Export,Peedunu,Premium,6000,,
5/20/2025,Kurunegala,Export,Peedunu,Standard,4000,,
5/20/2025,Kurunegala,Export,Kanda,Premium,4000,,
5/20/2025,Kurunegala,Export,Kanda,Standard,3000,,
5/20/2025,Kurunegala,Local,Peedunu,Premium,3000,,
5/20/2025,Kurunegala,Local,Peedunu,Standard,2000,,
5/20/2025,Kurunegala,Local,Keti,Premium,1500,,
5/20/2025,Kurunegala,Local,Keti,Standard,1000,,
5/20/2025,Kurunegala,Local,Korikan,Premium,300,,
5/20/2025,Kurunegala,Local,Korikan,Standard,200,,
5/20/2025,Gampaha,Export,Peedunu,Premium,6000,,
5/20/2025,Gampaha,Export,Peedunu,Standard,5000,,
5/20/2025,Gampaha,Export,Kanda,Premium,5000,,
5/20/2025,Gampaha,Export,Kanda,Standard,4000,,
5/20/2025,Gampaha,Local,Peedunu,Premium,4000,,
5/20/2025,Gampaha,Local,Peedunu,Standard,3000,,
5/20/2025,Gampaha,Local,Keti,Premium,3000,,
5/20/2025,Gampaha,Local,Keti,Standard,2000,,
5/20/2025,Gampaha,Local,Korikan,Premium,750,,
5/20/2025,Gampaha,Local,Korikan,Standard,500,,
5/27/2025,Kurunegala,Export,Peedunu,Premium,7000,,
5/27/2025,Kurunegala,Export,Peedunu,Standard,6000,,
5/27/2025,Kurunegala,Export,Kanda,Premium,5000,,
5/27/2025,Kurunegala,Export,Kanda,Standard,4000,,
5/27/2025,Kurunegala,Local,Peedunu,Premium,5000,,
5/27/2025,Kurunegala,Local,Peedunu,Standard,4000,,
5/27/2025,Kurunegala,Local,Keti,Premium,2500,,
5/27/2025,Kurunegala,Local,Keti,Standard,2000,,
5/27/2025,Kurunegala,Local,Korikan,Premium,500,,
5/27/2025,Kurunegala,Local,Korikan,Standard,300,,
5/27/2025,Gampaha,Export,Peedunu,Premium,6000,,
5/27/2025,Gampaha,Export,Peedunu,Standard,5000,,
5/27/2025,Gampaha,Export,Kanda,Premium,5000,,
5/27/2025,Gampaha,Export,Kanda,Standard,4000,,
5/27/2025,Gampaha,Local,Peedunu,Premium,4000,,
5/27/2025,Gampaha,Local,Peedunu,Standard,3000,,
5/27/2025,Gampaha,Local,Keti,Premium,3000,,
5/27/2025,Gampaha,Local,Keti,Standard,2000,,
5/27/2025,Gampaha,Local,Korikan,Premium,750,,
5/27/2025,Gampaha,Local,Korikan,Standard,500,,
6/3/2025,Kurunegala,Export,Peedunu,Premium,7000,,
6/3/2025,Kurunegala,Export,Peedunu,Standard,6000,,
6/3/2025,Kurunegala,Export,Kanda,Premium,5000,,
6/3/2025,Kurunegala,Export,Kanda,Standard,4000,,
6/3/2025,Kurunegala,Local,Peedunu,Premium,3000,,
6/3/2025,Kurunegala,Local,Peedunu,Standard,2000,,
6/3/2025,Kurunegala,Local,Keti,Premium,1500,,
6/3/2025,Kurunegala,Local,Keti,Standard,1000,,
6/3/2025,Kurunegala,Local,Korikan,Premium,300,,
6/3/2025,Kurunegala,Local,Korikan,Standard,200,,
6/3/2025,Gampaha,Export,Peedunu,Premium,10000,,
6/3/2025,Gampaha,Export,Peedunu,Standard,8000,,
6/3/2025,Gampaha,Export,Kanda,Premium,8000,,
6/3/2025,Gampaha,Export,Kanda,Standard,6000,,
6/3/2025,Gampaha,Local,Peedunu,Premium,4000,,
6/3/2025,Gampaha,Local,Peedunu,Standard,3000,,
6/3/2025,Gampaha,Local,Keti,Premium,3000,,
6/3/2025,Gampaha,Local,Keti,Standard,2000,,
6/3/2025,Gampaha,Local,Korikan,Premium,750,,
6/3/2025,Gampaha,Local,Korikan,Standard,500,,
6/11/2025,Kurunegala,Export,Peedunu,Premium,20000,,
6/11/2025,Kurunegala,Export,Peedunu,Standard,18000,,
6/11/2025,Kurunegala,Export,Kanda,Premium,15000,,
6/11/2025,Kurunegala,Export,Kanda,Standard,12000,,
6/11/2025,Kurunegala,Local,Peedunu,Premium,4500,,
6/11/2025,Kurunegala,Local,Peedunu,Standard,4500,,
6/11/2025,Kurunegala,Local,Keti,Premium,2500,,
6/11/2025,Kurunegala,Local,Keti,Standard,2500,,
6/11/2025,Kurunegala,Local,Korikan,Premium,2000,,
6/11/2025,Kurunegala,Local,Korikan,Standard,1000,,
6/11/2025,Gampaha,Export,Peedunu,Premium,20000,,
6/11/2025,Gampaha,Export,Peedunu,Standard,18000,,
6/11/2025,Gampaha,Export,Kanda,Premium,15000,,
6/11/2025,Gampaha,Export,Kanda,Standard,12000,,
6/11/2025,Gampaha,Local,Peedunu,Premium,8000,,
6/11/2025,Gampaha,Local,Peedunu,Standard,6000,,
6/11/2025,Gampaha,Local,Keti,Premium,6000,,
6/11/2025,Gampaha,Local,Keti,Standard,4000,,
6/11/2025,Gampaha,Local,Korikan,Premium,2000,,
6/11/2025,Gampaha,Local,Korikan,Standard,1000,,
6/17/2025,Kurunegala,Export,Peedunu,Premium,12000,,
6/17/2025,Kurunegala,Export,Peedunu,Standard,10000,,
6/17/2025,Kurunegala,Export,Kanda,Premium,10000,,
6/17/2025,Kurunegala,Export,Kanda,Standard,8000,,
6/17/2025,Kurunegala,Local,Peedunu,Premium,6000,,
6/17/2025,Kurunegala,Local,Peedunu,Standard,5000,,
6/17/2025,Kurunegala,Local,Keti,Premium,4500,,
6/17/2025,Kurunegala,Local,Keti,Standard,4000,,
6/17/2025,Kurunegala,Local,Korikan,Premium,1500,,
6/17/2025,Kurunegala,Local,Korikan,Standard,1000,,
6/17/2025,Gampaha,Export,Peedunu,Premium,15000,,
6/17/2025,Gampaha,Export,Peedunu,Standard,12000,,
6/17/2025,Gampaha,Export,Kanda,Premium,12000,,
6/17/2025,Gampaha,Export,Kanda,Standard,10000,,
6/17/2025,Gampaha,Local,Peedunu,Premium,6000,,
6/17/2025,Gampaha,Local,Peedunu,Standard,5000,,
6/17/2025,Gampaha,Local,Keti,Premium,5000,,
6/17/2025,Gampaha,Local,Keti,Standard,4000,,
6/17/2025,Gampaha,Local,Korikan,Premium,1000,,
6/17/2025,Gampaha,Local,Korikan,Standard,750,,
6/24/2025,Kurunegala,Export,Peedunu,Premium,15000,,
6/24/2025,Kurunegala,Export,Peedunu,Standard,13000,,
6/24/2025,Kurunegala,Export,Kanda,Premium,12000,,
6/24/2025,Kurunegala,Export,Kanda,Standard,10000,,
6/24/2025,Kurunegala,Local,Peedunu,Premium,6000,,
6/24/2025,Kurunegala,Local,Peedunu,Standard,5000,,
6/24/2025,Kurunegala,Local,Keti,Premium,3500,,
6/24/2025,Kurunegala,Local,Keti,Standard,3000,,
6/24/2025,Kurunegala,Local,Korikan,Premium,1500,,
6/24/2025,Kurunegala,Local,Korikan,Standard,1000,,
6/24/2025,Gampaha,Export,Peedunu,Premium,15000,,
6/24/2025,Gampaha,Export,Peedunu,Standard,12000,,
6/24/2025,Gampaha,Export,Kanda,Premium,12000,,
6/24/2025,Gampaha,Export,Kanda,Standard,8000,,
6/24/2025,Gampaha,Local,Peedunu,Premium,4000,,
6/24/2025,Gampaha,Local,Peedunu,Standard,3000,,
6/24/2025,Gampaha,Local,Keti,Premium,3000,,
6/24/2025,Gampaha,Local,Keti,Standard,2000,,
6/24/2025,Gampaha,Local,Korikan,Premium,500,,
6/24/2025,Gampaha,Local,Korikan,Standard,100,,
7/1/2025,Kurunegala,Export,Peedunu,Premium,12000,,
7/1/2025,Kurunegala,Export,Peedunu,Standard,9000,,
7/1/2025,Kurunegala,Export,Kanda,Premium,9000,,
7/1/2025,Kurunegala,Export,Kanda,Standard,8000,,
7/1/2025,Kurunegala,Local,Peedunu,Premium,5500,,
7/1/2025,Kurunegala,Local,Peedunu,Standard,5000,,
7/1/2025,Kurunegala,Local,Keti,Premium,2500,,
7/1/2025,Kurunegala,Local,Keti,Standard,2000,,
7/1/2025,Kurunegala,Local,Korikan,Premium,1000,,
7/1/2025,Kurunegala,Local,Korikan,Standard,800,,
7/1/2025,Gampaha,Export,Peedunu,Premium,15000,,
7/1/2025,Gampaha,Export,Peedunu,Standard,12000,,
7/1/2025,Gampaha,Export,Kanda,Premium,12000,,
7/1/2025,Gampaha,Export,Kanda,Standard,8000,,
7/1/2025,Gampaha,Local,Peedunu,Premium,4000,,
7/1/2025,Gampaha,Local,Peedunu,Standard,3000,,
7/1/2025,Gampaha,Local,Keti,Premium,3000,,
7/1/2025,Gampaha,Local,Keti,Standard,2000,,
7/1/2025,Gampaha,Local,Korikan,Premium,1000,,
7/1/2025,Gampaha,Local,Korikan,Standard,500,,
7/8/2025,Kurunegala,Export,Peedunu,Premium,15000,,
7/8/2025,Kurunegala,Export,Peedunu,Standard,12000,,
7/8/2025,Kurunegala,Export,Kanda,Premium,10000,,
7/8/2025,Kurunegala,Export,Kanda,Standard,9000,,
7/8/2025,Kurunegala,Local,Peedunu,Premium,7000,,
7/8/2025,Kurunegala,Local,Peedunu,Standard,6000,,
7/8/2025,Kurunegala,Local,Keti,Premium,5000,,
7/8/2025,Kurunegala,Local,Keti,Standard,4000,,
7/8/2025,Kurunegala,Local,Korikan,Premium,1500,,
7/8/2025,Kurunegala,Local,Korikan,Standard,1000,,
7/8/2025,Gampaha,Export,Peedunu,Premium,20000,,
7/8/2025,Gampaha,Export,Peedunu,Standard,15000,,
7/8/2025,Gampaha,Export,Kanda,Premium,15000,,
7/8/2025,Gampaha,Export,Kanda,Standard,12000,,
7/8/2025,Gampaha,Local,Peedunu,Premium,7000,,
7/8/2025,Gampaha,Local,Peedunu,Standard,5000,,
7/8/2025,Gampaha,Local,Keti,Premium,5000,,
7/8/2025,Gampaha,Local,Keti,Standard,3000,,
7/8/2025,Gampaha,Local,Korikan,Premium,1000,,
7/8/2025,Gampaha,Local,Korikan,Standard,500,,
7/15/2025,Kurunegala,Export,Peedunu,Premium,15000,,
7/15/2025,Kurunegala,Export,Peedunu,Standard,13000,,
7/15/2025,Kurunegala,Export,Kanda,Premium,12000,,
7/15/2025,Kurunegala,Export,Kanda,Standard,10000,,
7/15/2025,Kurunegala,Local,Peedunu,Premium,8000,,
7/15/2025,Kurunegala,Local,Peedunu,Standard,7000,,
7/15/2025,Kurunegala,Local,Keti,Premium,6000,,
7/15/2025,Kurunegala,Local,Keti,Standard,5000,,
7/15/2025,Kurunegala,Local,Korikan,Premium,3000,,
7/15/2025,Kurunegala,Local,Korikan,Standard,2000,,
7/15/2025,Gampaha,Export,Peedunu,Premium,16000,,
7/15/2025,Gampaha,Export,Peedunu,Standard,12000,,
7/15/2025,Gampaha,Export,Kanda,Premium,12000,,
7/15/2025,Gampaha,Export,Kanda,Standard,10000,,
7/15/2025,Gampaha,Local,Peedunu,Premium,6000,,
7/15/2025,Gampaha,Local,Peedunu,Standard,4000,,
7/15/2025,Gampaha,Local,Keti,Premium,4000,,
7/15/2025,Gampaha,Local,Keti,Standard,2000,,
7/15/2025,Gampaha,Local,Korikan,Premium,1000,,
7/15/2025,Gampaha,Local,Korikan,Standard,500,,
7/22/2025,Kurunegala,Export,Peedunu,Premium,12000,,
7/22/2025,Kurunegala,Export,Peedunu,Standard,10000,,
7/22/2025,Kurunegala,Export,Kanda,Premium,9000,,
7/22/2025,Kurunegala,Export,Kanda,Standard,7000,,
7/22/2025,Kurunegala,Local,Peedunu,Premium,6000,,
7/22/2025,Kurunegala,Local,Peedunu,Standard,5000,,
7/22/2025,Kurunegala,Local,Keti,Premium,4000,,
7/22/2025,Kurunegala,Local,Keti,Standard,3000,,
7/22/2025,Kurunegala,Local,Korikan,Premium,2000,,
7/22/2025,Kurunegala,Local,Korikan,Standard,1500,,
7/22/2025,Gampaha,Export,Peedunu,Premium,10000,,
7/22/2025,Gampaha,Export,Peedunu,Standard,8000,,
7/22/2025,Gampaha,Export,Kanda,Premium,6000,,
7/22/2025,Gampaha,Export,Kanda,Standard,5000,,
7/22/2025,Gampaha,Local,Peedunu,Premium,5000,,
7/22/2025,Gampaha,Local,Peedunu,Standard,4000,,
7/22/2025,Gampaha,Local,Keti,Premium,4000,,
7/22/2025,Gampaha,Local,Keti,Standard,2000,,
7/22/2025,Gampaha,Local,Korikan,Premium,1000,,
7/22/2025,Gampaha,Local,Korikan,Standard,500,,
7/29/2025,Kurunegala,Export,Peedunu,Premium,8000,,
7/29/2025,Kurunegala,Export,Peedunu,Standard,7000,,
7/29/2025,Kurunegala,Export,Kanda,Premium,7000,,
7/29/2025,Kurunegala,Export,Kanda,Standard,6000,,
7/29/2025,Kurunegala,Local,Peedunu,Premium,6000,,
7/29/2025,Kurunegala,Local,Peedunu,Standard,5000,,
7/29/2025,Kurunegala,Local,Keti,Premium,4000,,
7/29/2025,Kurunegala,Local,Keti,Standard,3000,,
7/29/2025,Kurunegala,Local,Korikan,Premium,2000,,
7/29/2025,Kurunegala,Local,Korikan,Standard,1500,,
7/29/2025,Gampaha,Export,Peedunu,Premium,10000,,
7/29/2025,Gampaha,Export,Peedunu,Standard,8000,,
7/29/2025,Gampaha,Export,Kanda,Premium,6000,,
7/29/2025,Gampaha,Export,Kanda,Standard,5000,,
7/29/2025,Gampaha,Local,Peedunu,Premium,5000,,
7/29/2025,Gampaha,Local,Peedunu,Standard,4000,,
7/29/2025,Gampaha,Local,Keti,Premium,4000,,
7/29/2025,Gampaha,Local,Keti,Standard,2000,,
7/29/2025,Gampaha,Local,Korikan,Premium,1000,,
7/29/2025,Gampaha,Local,Korikan,Standard,500,,
8/5/2025,Kurunegala,Export,Peedunu,Premium,8000,,
8/5/2025,Kurunegala,Export,Peedunu,Standard,7000,,
8/5/2025,Kurunegala,Export,Kanda,Premium,7000,,
8/5/2025,Kurunegala,Export,Kanda,Standard,6000,,
8/5/2025,Kurunegala,Local,Peedunu,Premium,6500,,
8/5/2025,Kurunegala,Local,Peedunu,Standard,6000,,
8/5/2025,Kurunegala,Local,Keti,Premium,5000,,
8/5/2025,Kurunegala,Local,Keti,Standard,4000,,
8/5/2025,Kurunegala,Local,Korikan,Premium,3000,,
8/5/2025,Kurunegala,Local,Korikan,Standard,2000,,
8/5/2025,Gampaha,Export,Peedunu,Premium,8000,,
8/5/2025,Gampaha,Export,Peedunu,Standard,7000,,
8/5/2025,Gampaha,Export,Kanda,Premium,7000,,
8/5/2025,Gampaha,Export,Kanda,Standard,6000,,
8/5/2025,Gampaha,Local,Peedunu,Premium,5000,,
8/5/2025,Gampaha,Local,Peedunu,Standard,4000,,
8/5/2025,Gampaha,Local,Keti,Premium,4000,,
8/5/2025,Gampaha,Local,Keti,Standard,2000,,
8/5/2025,Gampaha,Local,Korikan,Premium,1000,,
8/5/2025,Gampaha,Local,Korikan,Standard,500,,
8/12/2025,Kurunegala,Export,Peedunu,Premium,12000,,
8/12/2025,Kurunegala,Export,Peedunu,Standard,10000,,
8/12/2025,Kurunegala,Export,Kanda,Premium,10000,,
8/12/2025,Kurunegala,Export,Kanda,Standard,8000,,
8/12/2025,Kurunegala,Local,Peedunu,Premium,7500,,
8/12/2025,Kurunegala,Local,Peedunu,Standard,7000,,
8/12/2025,Kurunegala,Local,Keti,Premium,6000,,
8/12/2025,Kurunegala,Local,Keti,Standard,5000,,
8/12/2025,Kurunegala,Local,Korikan,Premium,3000,,
8/12/2025,Kurunegala,Local,Korikan,Standard,2000,,
8/12/2025,Gampaha,Export,Peedunu,Premium,15000,,
8/12/2025,Gampaha,Export,Peedunu,Standard,12000,,
8/12/2025,Gampaha,Export,Kanda,Premium,12000,,
8/12/2025,Gampaha,Export,Kanda,Standard,10000,,
8/12/2025,Gampaha,Local,Peedunu,Premium,8000,,
8/12/2025,Gampaha,Local,Peedunu,Standard,6000,,
8/12/2025,Gampaha,Local,Keti,Premium,6000,,
8/12/2025,Gampaha,Local,Keti,Standard,4000,,
8/12/2025,Gampaha,Local,Korikan,Premium,2500,,
8/12/2025,Gampaha,Local,Korikan,Standard,1500,,
8/19/2025,Kurunegala,Export,Peedunu,Premium,12000,,
8/19/2025,Kurunegala,Export,Peedunu,Standard,10000,,
8/19/2025,Kurunegala,Export,Kanda,Premium,8000,,
8/19/2025,Kurunegala,Export,Kanda,Standard,7000,,
8/19/2025,Kurunegala,Local,Peedunu,Premium,9000,,
8/19/2025,Kurunegala,Local,Peedunu,Standard,8000,,
8/19/2025,Kurunegala,Local,Keti,Premium,7000,,
8/19/2025,Kurunegala,Local,Keti,Standard,6000,,
8/19/2025,Kurunegala,Local,Korikan,Premium,3000,,
8/19/2025,Kurunegala,Local,Korikan,Standard,2500,,
8/19/2025,Gampaha,Export,Peedunu,Premium,15000,,
8/19/2025,Gampaha,Export,Peedunu,Standard,12000,,
8/19/2025,Gampaha,Export,Kanda,Premium,12000,,
8/19/2025,Gampaha,Export,Kanda,Standard,10000,,
8/19/2025,Gampaha,Local,Peedunu,Premium,8000,,
8/19/2025,Gampaha,Local,Peedunu,Standard,6000,,
8/19/2025,Gampaha,Local,Keti,Premium,6000,,
8/19/2025,Gampaha,Local,Keti,Standard,4000,,
8/19/2025,Gampaha,Local,Korikan,Premium,2500,,
8/19/2025,Gampaha,Local,Korikan,Standard,1500,,
8/26/2025,Kurunegala,Export,Peedunu,Premium,15000,,
8/26/2025,Kurunegala,Export,Peedunu,Standard,12000,,
8/26/2025,Kurunegala,Export,Kanda,Premium,12000,,
8/26/2025,Kurunegala,Export,Kanda,Standard,10000,,
8/26/2025,Kurunegala,Local,Peedunu,Premium,9000,,
8/26/2025,Kurunegala,Local,Peedunu,Standard,8000,,
8/26/2025,Kurunegala,Local,Keti,Premium,7000,,
8/26/2025,Kurunegala,Local,Keti,Standard,6000,,
8/26/2025,Kurunegala,Local,Korikan,Premium,3000,,
8/26/2025,Kurunegala,Local,Korikan,Standard,2500,,
8/26/2025,Gampaha,Export,Peedunu,Premium,15000,,
8/26/2025,Gampaha,Export,Peedunu,Standard,12000,,
8/26/2025,Gampaha,Export,Kanda,Premium,12000,,
8/26/2025,Gampaha,Export,Kanda,Standard,10000,,
8/26/2025,Gampaha,Local,Peedunu,Premium,8000,,
8/26/2025,Gampaha,Local,Peedunu,Standard,6000,,
8/26/2025,Gampaha,Local,Keti,Premium,6000,,
8/26/2025,Gampaha,Local,Keti,Standard,4000,,
8/26/2025,Gampaha,Local,Korikan,Premium,2500,,
8/26/2025,Gampaha,Local,Korikan,Standard,1500,,
9/2/2025,Kurunegala,Export,Peedunu,Premium,15000,,
9/2/2025,Kurunegala,Export,Peedunu,Standard,12000,,
9/2/2025,Kurunegala,Export,Kanda,Premium,12000,,
9/2/2025,Kurunegala,Export,Kanda,Standard,10000,,
9/2/2025,Kurunegala,Local,Peedunu,Premium,9000,,
9/2/2025,Kurunegala,Local,Peedunu,Standard,8000,,
9/2/2025,Kurunegala,Local,Keti,Premium,7000,,
9/2/2025,Kurunegala,Local,Keti,Standard,6000,,
9/2/2025,Kurunegala,Local,Korikan,Premium,4000,,
9/2/2025,Kurunegala,Local,Korikan,Standard,3000,,
9/2/2025,Gampaha,Export,Peedunu,Premium,15000,,
9/2/2025,Gampaha,Export,Peedunu,Standard,12000,,
9/2/2025,Gampaha,Export,Kanda,Premium,12000,,
9/2/2025,Gampaha,Export,Kanda,Standard,10000,,
9/2/2025,Gampaha,Local,Peedunu,Premium,8000,,
9/2/2025,Gampaha,Local,Peedunu,Standard,6000,,
9/2/2025,Gampaha,Local,Keti,Premium,6000,,
9/2/2025,Gampaha,Local,Keti,Standard,4000,,
9/2/2025,Gampaha,Local,Korikan,Premium,2500,,
9/2/2025,Gampaha,Local,Korikan,Standard,1500,,
9/9/2025,Kurunegala,Export,Peedunu,Premium,18000,,
9/9/2025,Kurunegala,Export,Peedunu,Standard,15000,,
9/9/2025,Kurunegala,Export,Kanda,Premium,15000,,
9/9/2025,Kurunegala,Export,Kanda,Standard,10000,,
9/9/2025,Kurunegala,Local,Peedunu,Premium,8000,,
9/9/2025,Kurunegala,Local,Peedunu,Standard,6000,,
9/9/2025,Kurunegala,Local,Keti,Premium,7000,,
9/9/2025,Kurunegala,Local,Keti,Standard,5000,,
9/9/2025,Kurunegala,Local,Korikan,Premium,4000,,
9/9/2025,Kurunegala,Local,Korikan,Standard,2000,,
9/9/2025,Gampaha,Export,Peedunu,Premium,20000,,
9/9/2025,Gampaha,Export,Peedunu,Standard,18000,,
9/9/2025,Gampaha,Export,Kanda,Premium,18000,,
9/9/2025,Gampaha,Export,Kanda,Standard,15000,,
9/9/2025,Gampaha,Local,Peedunu,Premium,10000,,
9/9/2025,Gampaha,Local,Peedunu,Standard,8000,,
9/9/2025,Gampaha,Local,Keti,Premium,8000,,
9/9/2025,Gampaha,Local,Keti,Standard,6000,,
9/9/2025,Gampaha,Local,Korikan,Premium,3000,,
9/9/2025,Gampaha,Local,Korikan,Standard,2500,,
9/16/2025,Kurunegala,Export,Peedunu,Premium,18000,,
9/16/2025,Kurunegala,Export,Peedunu,Standard,15000,,
9/16/2025,Kurunegala,Export,Kanda,Premium,15000,,
9/16/2025,Kurunegala,Export,Kanda,Standard,10000,,
9/16/2025,Kurunegala,Local,Peedunu,Premium,8000,,
9/16/2025,Kurunegala,Local,Peedunu,Standard,6000,,
9/16/2025,Kurunegala,Local,Keti,Premium,7000,,
9/16/2025,Kurunegala,Local,Keti,Standard,5000,,
9/16/2025,Kurunegala,Local,Korikan,Premium,4000,,
9/16/2025,Kurunegala,Local,Korikan,Standard,2000,,
9/16/2025,Gampaha,Export,Peedunu,Premium,15000,,
9/16/2025,Gampaha,Export,Peedunu,Standard,12000,,
9/16/2025,Gampaha,Export,Kanda,Premium,12000,,
9/16/2025,Gampaha,Export,Kanda,Standard,10000,,
9/16/2025,Gampaha,Local,Peedunu,Premium,9000,,
9/16/2025,Gampaha,Local,Peedunu,Standard,8000,,
9/16/2025,Gampaha,Local,Keti,Premium,8000,,
9/16/2025,Gampaha,Local,Keti,Standard,6000,,
9/16/2025,Gampaha,Local,Korikan,Premium,2500,,
9/16/2025,Gampaha,Local,Korikan,Standard,2000,,
9/23/2025,Kurunegala,Export,Peedunu,Premium,20000,,
9/23/2025,Kurunegala,Export,Peedunu,Standard,15000,,
9/23/2025,Kurunegala,Export,Kanda,Premium,15000,,
9/23/2025,Kurunegala,Export,Kanda,Standard,10000,,
9/23/2025,Kurunegala,Local,Peedunu,Premium,6000,,
9/23/2025,Kurunegala,Local,Peedunu,Standard,5000,,
9/23/2025,Kurunegala,Local,Keti,Premium,4000,,
9/23/2025,Kurunegala,Local,Keti,Standard,3000,,
9/23/2025,Kurunegala,Local,Korikan,Premium,2500,,
9/23/2025,Kurunegala,Local,Korikan,Standard,2000,,
9/23/2025,Gampaha,Export,Peedunu,Premium,15000,,
9/23/2025,Gampaha,Export,Peedunu,Standard,12000,,
9/23/2025,Gampaha,Export,Kanda,Premium,12000,,
9/23/2025,Gampaha,Export,Kanda,Standard,10000,,
9/23/2025,Gampaha,Local,Peedunu,Premium,9000,,
9/23/2025,Gampaha,Local,Peedunu,Standard,8000,,
9/23/2025,Gampaha,Local,Keti,Premium,8000,,
9/23/2025,Gampaha,Local,Keti,Standard,6000,,
9/23/2025,Gampaha,Local,Korikan,Premium,2500,,
9/23/2025,Gampaha,Local,Korikan,Standard,2000,,
9/30/2025,Kurunegala,Export,Peedunu,Premium,20000,,
9/30/2025,Kurunegala,Export,Peedunu,Standard,15000,,
9/30/2025,Kurunegala,Export,Kanda,Premium,16000,,
9/30/2025,Kurunegala,Export,Kanda,Standard,12000,,
9/30/2025,Kurunegala,Local,Peedunu,Premium,10000,,
9/30/2025,Kurunegala,Local,Peedunu,Standard,9000,,
9/30/2025,Kurunegala,Local,Keti,Premium,6000,,
9/30/2025,Kurunegala,Local,Keti,Standard,5000,,
9/30/2025,Kurunegala,Local,Korikan,Premium,3500,,
9/30/2025,Kurunegala,Local,Korikan,Standard,3000,,
9/30/2025,Gampaha,Export,Peedunu,Premium,20000,,
9/30/2025,Gampaha,Export,Peedunu,Standard,15000,,
9/30/2025,Gampaha,Export,Kanda,Premium,15000,,
9/30/2025,Gampaha,Export,Kanda,Standard,12000,,
9/30/2025,Gampaha,Local,Peedunu,Premium,9000,,
9/30/2025,Gampaha,Local,Peedunu,Standard,8000,,
9/30/2025,Gampaha,Local,Keti,Premium,8000,,
9/30/2025,Gampaha,Local,Keti,Standard,6000,,
9/30/2025,Gampaha,Local,Korikan,Premium,2500,,
9/30/2025,Gampaha,Local,Korikan,Standard,2000,,
10/7/2025,Kurunegala,Export,Peedunu,Premium,20000,,
10/7/2025,Kurunegala,Export,Peedunu,Standard,18000,,
10/7/2025,Kurunegala,Export,Kanda,Premium,18000,,
10/7/2025,Kurunegala,Export,Kanda,Standard,15000,,
10/7/2025,Kurunegala,Local,Peedunu,Premium,10000,,
10/7/2025,Kurunegala,Local,Peedunu,Standard,9000,,
10/7/2025,Kurunegala,Local,Keti,Premium,7500,,
10/7/2025,Kurunegala,Local,Keti,Standard,7000,,
10/7/2025,Kurunegala,Local,Korikan,Premium,3000,,
10/7/2025,Kurunegala,Local,Korikan,Standard,2000,,
10/7/2025,Gampaha,Export,Peedunu,Premium,20000,,
10/7/2025,Gampaha,Export,Peedunu,Standard,15000,,
10/7/2025,Gampaha,Export,Kanda,Premium,15000,,
10/7/2025,Gampaha,Export,Kanda,Standard,10000,,
10/7/2025,Gampaha,Local,Peedunu,Premium,9000,,
10/7/2025,Gampaha,Local,Peedunu,Standard,8000,,
10/7/2025,Gampaha,Local,Keti,Premium,8000,,
10/7/2025,Gampaha,Local,Keti,Standard,6000,,
10/7/2025,Gampaha,Local,Korikan,Premium,2500,,
10/7/2025,Gampaha,Local,Korikan,Standard,2000,,
10/14/2025,Kurunegala,Export,Peedunu,Premium,18000,,
10/14/2025,Kurunegala,Export,Peedunu,Standard,15000,,
10/14/2025,Kurunegala,Export,Kanda,Premium,15000,,
10/14/2025,Kurunegala,Export,Kanda,Standard,12000,,
10/14/2025,Kurunegala,Local,Peedunu,Premium,10000,,
10/14/2025,Kurunegala,Local,Peedunu,Standard,9000,,
10/14/2025,Kurunegala,Local,Keti,Premium,7000,,
10/14/2025,Kurunegala,Local,Keti,Standard,6000,,
10/14/2025,Kurunegala,Local,Korikan,Premium,2000,,
10/14/2025,Kurunegala,Local,Korikan,Standard,1500,,
10/14/2025,Gampaha,Export,Peedunu,Premium,16000,,
10/14/2025,Gampaha,Export,Peedunu,Standard,14000,,
10/14/2025,Gampaha,Export,Kanda,Premium,12000,,
10/14/2025,Gampaha,Export,Kanda,Standard,10000,,
10/14/2025,Gampaha,Local,Peedunu,Premium,9000,,
10/14/2025,Gampaha,Local,Peedunu,Standard,8000,,
10/14/2025,Gampaha,Local,Keti,Premium,8000,,
10/14/2025,Gampaha,Local,Keti,Standard,6000,,
10/14/2025,Gampaha,Local,Korikan,Premium,2500,,
10/14/2025,Gampaha,Local,Korikan,Standard,2000,,
10/21/2025,Kurunegala,Export,Peedunu,Premium,12000,,
10/21/2025,Kurunegala,Export,Peedunu,Standard,10000,,
10/21/2025,Kurunegala,Export,Kanda,Premium,10000,,
10/21/2025,Kurunegala,Export,Kanda,Standard,8000,,
10/21/2025,Kurunegala,Local,Peedunu,Premium,7000,,
10/21/2025,Kurunegala,Local,Peedunu,Standard,6000,,
10/21/2025,Kurunegala,Local,Keti,Premium,4000,,
10/21/2025,Kurunegala,Local,Keti,Standard,3000,,
10/21/2025,Kurunegala,Local,Korikan,Premium,1500,,
10/21/2025,Kurunegala,Local,Korikan,Standard,1000,,
10/21/2025,Gampaha,Export,Peedunu,Premium,12000,,
10/21/2025,Gampaha,Export,Peedunu,Standard,10000,,
10/21/2025,Gampaha,Export,Kanda,Premium,10000,,
10/21/2025,Gampaha,Export,Kanda,Standard,8000,,
10/21/2025,Gampaha,Local,Peedunu,Premium,8000,,
10/21/2025,Gampaha,Local,Peedunu,Standard,6000,,
10/21/2025,Gampaha,Local,Keti,Premium,6000,,
10/21/2025,Gampaha,Local,Keti,Standard,5000,,
10/21/2025,Gampaha,Local,Korikan,Premium,1500,,
10/21/2025,Gampaha,Local,Korikan,Standard,1000,,
10/28/2025,Kurunegala,Export,Peedunu,Premium,15000,,
10/28/2025,Kurunegala,Export,Peedunu,Standard,12000,,
10/28/2025,Kurunegala,Export,Kanda,Premium,10000,,
10/28/2025,Kurunegala,Export,Kanda,Standard,8000,,
10/28/2025,Kurunegala,Local,Peedunu,Premium,7000,,
10/28/2025,Kurunegala,Local,Peedunu,Standard,6000,,
10/28/2025,Kurunegala,Local,Keti,Premium,4500,,
10/28/2025,Kurunegala,Local,Keti,Standard,4000,,
10/28/2025,Kurunegala,Local,Korikan,Premium,1500,,
10/28/2025,Kurunegala,Local,Korikan,Standard,1000,,
10/28/2025,Gampaha,Export,Peedunu,Premium,15000,,
10/28/2025,Gampaha,Export,Peedunu,Standard,12000,,
10/28/2025,Gampaha,Export,Kanda,Premium,12000,,
10/28/2025,Gampaha,Export,Kanda,Standard,10000,,
10/28/2025,Gampaha,Local,Peedunu,Premium,8000,,
10/28/2025,Gampaha,Local,Peedunu,Standard,6000,,
10/28/2025,Gampaha,Local,Keti,Premium,6000,,
10/28/2025,Gampaha,Local,Keti,Standard,5000,,
10/28/2025,Gampaha,Local,Korikan,Premium,2000,,
10/28/2025,Gampaha,Local,Korikan,Standard,1500,,
11/4/2025,Kurunegala,Export,Peedunu,Premium,15000,,
11/4/2025,Kurunegala,Export,Peedunu,Standard,12000,,
11/4/2025,Kurunegala,Export,Kanda,Premium,10000,,
11/4/2025,Kurunegala,Export,Kanda,Standard,8000,,
11/4/2025,Kurunegala,Local,Peedunu,Premium,7000,,
11/4/2025,Kurunegala,Local,Peedunu,Standard,6000,,
11/4/2025,Kurunegala,Local,Keti,Premium,4000,,
11/4/2025,Kurunegala,Local,Keti,Standard,4000,,
11/4/2025,Kurunegala,Local,Korikan,Premium,1500,,
11/4/2025,Kurunegala,Local,Korikan,Standard,1000,,
11/4/2025,Gampaha,Export,Peedunu,Premium,12000,,
11/4/2025,Gampaha,Export,Peedunu,Standard,10000,,
11/4/2025,Gampaha,Export,Kanda,Premium,10000,,
11/4/2025,Gampaha,Export,Kanda,Standard,8000,,
11/4/2025,Gampaha,Local,Peedunu,Premium,8000,,
11/4/2025,Gampaha,Local,Peedunu,Standard,6000,,
11/4/2025,Gampaha,Local,Keti,Premium,6000,,
11/4/2025,Gampaha,Local,Keti,Standard,5000,,
11/4/2025,Gampaha,Local,Korikan,Premium,2000,,
11/4/2025,Gampaha,Local,Korikan,Standard,1500,,
11/11/2025,Kurunegala,Export,Peedunu,Premium,12000,,
11/11/2025,Kurunegala,Export,Peedunu,Standard,10000,,
11/11/2025,Kurunegala,Export,Kanda,Premium,8000,,
11/11/2025,Kurunegala,Export,Kanda,Standard,7000,,
11/11/2025,Kurunegala,Local,Peedunu,Premium,6000,,
11/11/2025,Kurunegala,Local,Peedunu,Standard,5000,,
11/11/2025,Kurunegala,Local,Keti,Premium,3500,,
11/11/2025,Kurunegala,Local,Keti,Standard,3000,,
11/11/2025,Kurunegala,Local,Korikan,Premium,1500,,
11/11/2025,Kurunegala,Local,Korikan,Standard,1000,,
11/11/2025,Gampaha,Export,Peedunu,Premium,12000,,
11/11/2025,Gampaha,Export,Peedunu,Standard,10000,,
11/11/2025,Gampaha,Export,Kanda,Premium,10000,,
11/11/2025,Gampaha,Export,Kanda,Standard,8000,,
11/11/2025,Gampaha,Local,Peedunu,Premium,8000,,
11/11/2025,Gampaha,Local,Peedunu,Standard,6000,,
11/11/2025,Gampaha,Local,Keti,Premium,6000,,
11/11/2025,Gampaha,Local,Keti,Standard,5000,,
11/11/2025,Gampaha,Local,Korikan,Premium,2000,,
11/11/2025,Gampaha,Local,Korikan,Standard,1500,,
11/18/2025,Kurunegala,Export,Peedunu,Premium,7000,,
11/18/2025,Kurunegala,Export,Peedunu,Standard,6000,,
11/18/2025,Kurunegala,Export,Kanda,Premium,5000,,
11/18/2025,Kurunegala,Export,Kanda,Standard,4000,,
11/18/2025,Kurunegala,Local,Peedunu,Premium,3500,,
11/18/2025,Kurunegala,Local,Peedunu,Standard,3000,,
11/18/2025,Kurunegala,Local,Keti,Premium,2000,,
11/18/2025,Kurunegala,Local,Keti,Standard,1500,,
11/18/2025,Kurunegala,Local,Korikan,Premium,1000,,
11/18/2025,Kurunegala,Local,Korikan,Standard,500,,
11/18/2025,Gampaha,Export,Peedunu,Premium,9000,,
11/18/2025,Gampaha,Export,Peedunu,Standard,7000,,
11/18/2025,Gampaha,Export,Kanda,Premium,7000,,
11/18/2025,Gampaha,Export,Kanda,Standard,5000,,
11/18/2025,Gampaha,Local,Peedunu,Premium,5000,,
11/18/2025,Gampaha,Local,Peedunu,Standard,3000,,
11/18/2025,Gampaha,Local,Keti,Premium,3000,,
11/18/2025,Gampaha,Local,Keti,Standard,2000,,
11/18/2025,Gampaha,Local,Korikan,Premium,1000,,
11/18/2025,Gampaha,Local,Korikan,Standard,500,,
11/25/2025,Kurunegala,Export,Peedunu,Premium,8000,,
11/25/2025,Kurunegala,Export,Peedunu,Standard,7000,,
11/25/2025,Kurunegala,Export,Kanda,Premium,7000,,
11/25/2025,Kurunegala,Export,Kanda,Standard,6000,,
11/25/2025,Kurunegala,Local,Peedunu,Premium,4000,,
11/25/2025,Kurunegala,Local,Peedunu,Standard,3000,,
11/25/2025,Kurunegala,Local,Keti,Premium,2000,,
11/25/2025,Kurunegala,Local,Keti,Standard,1500,,
11/25/2025,Kurunegala,Local,Korikan,Premium,1000,,
11/25/2025,Kurunegala,Local,Korikan,Standard,500,,
11/25/2025,Gampaha,Export,Peedunu,Premium,9000,,
11/25/2025,Gampaha,Export,Peedunu,Standard,8000,,
11/25/2025,Gampaha,Export,Kanda,Premium,8000,,
11/25/2025,Gampaha,Export,Kanda,Standard,6000,,
11/25/2025,Gampaha,Local,Peedunu,Premium,7000,,
11/25/2025,Gampaha,Local,Peedunu,Standard,6000,,
11/25/2025,Gampaha,Local,Keti,Premium,5000,,
11/25/2025,Gampaha,Local,Keti,Standard,4000,,
11/25/2025,Gampaha,Local,Korikan,Premium,1000,,
11/25/2025,Gampaha,Local,Korikan,Standard,500,,
